username,review_text,rating,at,appversion,sentiment,label_source,review_length
Abu karim aljabbar Mkatiksaidi,Ramah banget,5,2024-02-01 08:57:09,4.82.1,positive,rating_rule,12
Fathan Mubina,Setelah update kok nggak bisa dibuka,4,2024-01-31 15:20:04,4.82.1,positive,rating_rule,36
Nyauw Jin Fie,Good,5,2024-02-01 12:51:53,4.82.1,positive,rating_rule,4
Anton S.,Sangat membantu,5,2024-02-01 08:32:58,4.82.1,positive,rating_rule,15
Metalizm Studio,Pakai promo gocar Drivernya pada gk mau ambil Tapi disisi drivernya juga gimana untungnya dgn harga segitu gk imbang sama bbmnya Makanya daripada mengecewakan keduanya Diilangin aja,2,2024-02-01 12:34:43,4.82.1,negative,rating_rule,181
Rianto Efendi,Keren lah pokoknya,5,2024-01-31 16:43:16,4.82.1,positive,rating_rule,18
ruslan haviez,Mantab,5,2024-02-01 15:08:48,4.82.1,positive,rating_rule,6
DJ Yath,Aplikasi jelek mau login aja ribet,1,2024-02-02 09:03:24,4.82.1,negative,rating_rule,34
rama halim,Jangan pakai gopaylater dendanya 50000 jika telat  Dan bunga nya juga gede Ga kata dulu ya  Cuman dikenakan biaya admin saham kalo ini udah kaya pinjol,3,2024-02-02 03:51:03,4.82.1,neutral,rating_rule,151
tria,Aplikasi anj telat bayar gopay katanya padahal tagihannya pas ditgl 2 feb 2024 dendanya 50 rb ga ngotak emang,1,2024-02-02 05:31:33,4.82.1,negative,rating_rule,109
Kadal Air,Mudah aman,4,2024-02-02 00:50:38,4.82.1,positive,rating_rule,10
Yul Faizah,Daftarnya susah  parah,1,2024-01-31 02:17:23,4.82.1,negative,rating_rule,22
Anton Sudarwo,Keren,5,2024-01-31 10:31:47,4.82.1,positive,rating_rule,5
Charli Charli,Cepat dapat Mantap,5,2024-02-01 15:19:18,4.82.1,positive,rating_rule,18
nofyarda nence,Lebih praktis sih lebih aman juga Aplikasinya sangat bermanfaat,5,2024-02-02 03:57:23,4.82.1,positive,rating_rule,63
Iffat Wildan Syakur Putra Amri,Pelayanan bagus,5,2024-01-31 10:12:14,4.82.1,positive,rating_rule,15
Kasiadi Yadiz,Sangat mudah dalam penggunaan dan aman,4,2024-02-02 05:42:22,4.82.1,positive,rating_rule,38
bustamin ahya,Baik,5,2024-02-01 18:05:37,4.82.1,positive,rating_rule,4
Jat Tfineven,Mesen gofood ribet banget Harga tertera 6xxx begitu pesen harus custom minimal 2 harga malah nambah 2x lipat ga jelass,1,2024-01-31 04:08:22,4.82.1,negative,rating_rule,118
Rashif Hadiyan,Memperbudak orang dengan sebuah sistem disaat kepepet harus update dahal  5 bulan ga update bisa di skip,1,2024-02-02 06:46:39,4.82.1,negative,rating_rule,104
Riza Tarigan,Mantap amanah,5,2024-02-02 07:32:59,4.82.1,positive,rating_rule,13
Muhammad Aulia Tefhis,Udah di update sama saja gak ada bedanya Koneksi gaada padahal kuota ada,2,2024-02-02 08:32:05,4.82.1,negative,rating_rule,72
Nikolaus Zaremba,Pertama applikasinya sangat bagus tidak ribet dan sangat mudah penggunaannya Kedua driverbikers nya komunikatif sopan dan selalu nengutamakan keselamatan penumpang dan dirinya sendiri Ketiga tarifnya tidak mahal dan mampu bersaing dengan disebelahnya,5,2024-01-31 05:28:02,4.82.1,positive,rating_rule,250
Mutiara Putri,Pesan gofood sekarang dapet driver nya lama bangetmohon sistem dirubah seperti dulu cari driver bisa capetpesen mode reguler kok dapet driver 30menitniat pesan biyar capet sampai ini nunggu lama bangetmohon untuk di rubah sistem nya,1,2024-01-31 06:41:57,4.82.1,negative,rating_rule,232
Gibran Nugraha,Limit gopay pinjam u penguna baru kecil sekali cuma sampai 800k,1,2024-01-31 05:33:06,4.82.1,negative,rating_rule,63
Ayu Ferryna,sudah 1 blan gopaylater dibokir sdah bayar tepat wkt jga gak bisa dipakai tapi limit ditambah penyelesaian masalah tdk ada solusi gak ada gunanya siiih,2,2024-02-01 23:29:22,4.82.1,negative,rating_rule,151
Merry Lvna,Gak jelas aplikasinya  tiba2 masa gojek saya gak bisa digunakan Payahh padahal saya butuh bgt,5,2024-02-01 04:10:30,4.82.1,positive,rating_rule,93
lilis mulyanti,oke bos,5,2024-01-28 06:10:34,4.81.2,positive,rating_rule,7
Danis Yunita,Saldo gapay later masih banyak tetapi status diblokir tanpa pemberitahuan  Mau kasi bintang 5 ga jadi Kayak ga niat dan ga percaya kasi  Percuma dikasi tapi kita ga bisa gunakan,1,2024-01-28 09:42:11,4.81.2,negative,rating_rule,177
Sarwan Utomo,Terimakasih,5,2024-01-23 13:05:38,4.81.2,positive,rating_rule,11
diya ponsel,Susah di akses,3,2024-01-23 13:07:36,4.81.2,neutral,rating_rule,14
Rohani Kristen,GOJEK NGAK USAH KASIH PROMO SAMPE DISCOUNT 5000 KALAU KITA PESAN DRIVER NGAK MAU AMBILAPLIKASI BESAR TAPI TIDAK PROFESIONAL,1,2024-01-23 13:19:41,4.81.2,negative,rating_rule,123
Kris Khans,Apl andalan,5,2024-01-27 21:16:39,4.81.2,positive,rating_rule,11
Yusup Fadila,Ko di aplikasi saya gomart nya tidak bisa pakai gopay latter padahal saya bayar selalu tepat waktu loh,3,2024-01-23 13:20:53,4.81.2,neutral,rating_rule,102
Dapa Ramdani,Semoga dapet bonuss banyak aamiin,4,2024-01-28 09:55:37,4.81.2,positive,rating_rule,33
MONCAH PVP,Ini apk apa gue mau pesen makan mala eror mulu,1,2024-01-27 21:54:55,4.81.2,negative,rating_rule,46
Albert MiniPoi,Peta citra garden puri seman tolong diupdate driver sering salah jalan dan membuat tarif lebih tinggi karena mutar2,1,2024-01-28 09:50:53,4.81.2,negative,rating_rule,115
SOEGI AJF,Sudah hampir 2 tahun gopaylater di bekukan di blokir chat CS sudah gak ke hitung tetep aja akhir cuma 1 cara uninstal,4,2024-01-23 23:47:06,4.81.2,positive,rating_rule,117
Bli Vicky Irianta,Tiba2 saja hanya karena ganti HP gopaylater dr jaman awal transaksi hnya kena biaya 1x tnpa bunga smpai migrasi akhirnya kena bunga 1 hari sebelum ganti HP tagihan sudah di bayar penuh pdahal tgl jatuh tempo msih tanggal 1 mnggu depan,2,2024-01-28 04:42:21,4.81.2,negative,rating_rule,234
Fafa Farikha,Kirim barang  go send Anter anter  go ride Pergi jauhan  go car Makan cepet  go food Semuuaaaa gojekin ajaaa,5,2024-01-28 04:59:53,4.81.2,positive,rating_rule,108
Sumarlien Elien,Ini kenapa habis diupdate fitur melihat voucher gofood jadi gak ada,1,2024-01-27 22:35:16,4.81.2,negative,rating_rule,67
Hanum Azizah,Thank you semoga akun ku banyak promo gofood yang lebih besar lagi,5,2024-01-23 23:30:15,4.81.2,positive,rating_rule,66
zeni annisa,Overall membantu pergerakan saya lewat Goride atau GoCar Hanya saja driver pasti tidak mau ambil kalo pilih yang pake Gocar atau Goride hemat Padahal dengan tambahan voucher jadi meringankan sekali Bagi saya yang sering juga mengandalkan Gosend untuk bisnis Jadi percuma Sebaiknya one system aja gak usah pilih pilh kayak gitu Customer udah seneng tapi driver ndak ada yang mau ambil,4,2024-01-27 22:40:56,4.81.2,positive,rating_rule,383
Adriansyah,Gotix kok nga ada lagi min,3,2024-01-28 10:16:45,4.81.2,neutral,rating_rule,26
Anit Purwanti,Great,5,2024-01-27 22:47:34,4.81.2,positive,rating_rule,5
Sri Hastuti,Supirnya mau menjawab apa yg kira tanyakan  orgnya supel,5,2024-01-28 09:37:43,4.81.2,positive,rating_rule,56
sri mulia Rs datu sanggul,Jadi solusi banget saat ga ada waktu untuk keluar rumah,5,2024-01-28 05:01:45,4.81.2,positive,rating_rule,55
Edo Nara (Edo Jonathan),Not yo bad,3,2024-01-28 09:31:11,4.81.2,neutral,rating_rule,10
Rangga Almunawar,Di aplikasi ada pilihan gocar hemat tapi percuma udah dapet driver di cancle terus sampe 6 kali Ga efektif gocar hemat di apk,3,2024-01-28 03:54:16,4.81.2,neutral,rating_rule,125
achmad aribowo,Respon cepat,5,2024-01-28 09:25:13,4.81.2,positive,rating_rule,12
Alesha Saputra,Sangat membantu mudah untuk pesanya,5,2024-01-28 09:24:26,4.81.2,positive,rating_rule,35
Keke Music,Sangat bermanfaat sekali saat di butuhkan dalam keadaan urgent,5,2024-01-23 13:47:11,4.81.2,positive,rating_rule,62
Haycalpribadi Pribadi,Kenapa sih harus update lg ky mau ambil kota kita ya,4,2024-01-27 23:01:37,4.81.2,positive,rating_rule,52
salma aurelya,Top,5,2024-01-28 09:22:45,4.81.2,positive,rating_rule,3
Abdul Azis Ajaisrullah,Tambah parah ni aplikasi jaringan ada bagustpi gagal terusktnya tidak ada sinyalaneh,2,2024-01-27 23:08:14,4.81.2,negative,rating_rule,84
7G_21_Louis Danendra,pelayanan bagus bagus,5,2024-01-23 23:27:57,4.81.2,positive,rating_rule,21
saia sulistyo,Terima kasih gojek,4,2024-01-27 19:50:12,4.81.2,positive,rating_rule,18
Rara Andini,gila sihh beli air kelapa ijo 1 doang nunggu 30 menit mana tuh toko kelapa jarak dari rmh cuma 09km doangterus sy udh nunggu 30 menit dibatalin coba bikin orang naik darah aja mana sekarang makin ga jelas gojek kalo mau cepet sampe harus nambah ongkir ga kaya dulu satset2sumpah bukanya makin bagus malah makin buruk pelayanannya,1,2024-01-28 10:21:26,4.81.2,negative,rating_rule,329
Sandi Sastra,Errornya gak kelarmo isi pulsa aja susahkebanyakan fiturtiba aja gak bisa pakai gopay latter buat beli pulsa padahal blm bisa di pakai buat beli token listrik,1,2024-01-27 23:42:54,4.81.2,negative,rating_rule,158
Rifani,Mentew bro,5,2024-01-28 11:43:43,4.81.2,positive,rating_rule,10
jing xuan,Kebon jeruk xvii20ckel Mapharkec taman sari Jkt barat,5,2024-01-28 11:28:49,4.81.2,positive,rating_rule,53
Adriano Tegar,Dapat driver melebihi waktu yang ditentukan terlalu lama,1,2024-01-27 16:07:58,4.81.2,negative,rating_rule,56
Andra Respati,buruk sekali bagi saya menggunakan ini aplikasi sumpah sampah bgt  pesanan ga nyampe drivernya jga ga ada  kepotong saldo pula  jangan download gojek mending grab apa maxim jelas ini parah uang hilang an71ngg gojek a55uuu,1,2024-01-27 16:09:20,4.81.2,negative,rating_rule,221
Sigit Rayno,Kecewa sama gojek sekarang apalagi gofoodny udah langganan gofood plus masih aja kena ongkir makin kesini makin gak jelas aja,2,2024-01-27 16:13:46,4.81.2,negative,rating_rule,125
Morgaan Tatto,Bagus aplikasinya,5,2024-01-23 16:51:22,4.81.2,positive,rating_rule,17
Denni Saputra,Gojek makin ke sini makin gila aja ni ngasih drever selalu yg jauh2 padahal drever yg dekat banyak Mikir lah drever beli bensin pake duit sendiri kasian kan klo jemputnya jauh Emang cara berpikir kalian itu seperti apa Ko selalu dikasih drever yg jauh2 beda dgn grab,1,2024-01-27 16:17:41,4.81.2,negative,rating_rule,266
Endi Junaedi,Oke,5,2024-01-28 04:08:04,4.81.2,positive,rating_rule,3
Chandra Nugraha,Dpt limit gopaylater tp ga bisa dipake ada notif gopay payletter diblokir,2,2024-01-28 11:12:44,4.81.2,negative,rating_rule,73
Habib Afif,Sikap driver sabar dalam akurasi pengiriman alamat pelanggan go food,5,2024-01-28 11:45:53,4.81.2,positive,rating_rule,68
Luthfi naufal Saputra,Gimana cara nya TF tapi lupa pin Sama nomor telepon sudah kadaluarsa bagaimana cara nyaaaa semoga di balas,1,2024-01-27 16:24:50,4.81.2,negative,rating_rule,106
Risma Bilqisss,Udah update sampe tak install berkali tetep gabisa dibuka,1,2024-01-28 11:01:22,4.81.2,negative,rating_rule,57
Lusi,Sangat membantu sekali kalo lagi hujan mager mendadak ada tamu dsb,5,2024-01-28 04:04:06,4.81.2,positive,rating_rule,66
Fadli Akbar,Alhamdulillahbisa diandalkan dlm kondisi apapunbaik gojek n gofoodnya,5,2024-01-28 10:23:48,4.81.2,positive,rating_rule,69
Dayat Wanda,BagusMbatu Terima aksih,5,2024-01-27 16:25:30,4.81.2,positive,rating_rule,23
Basirun,Sanjay membatu,1,2024-01-27 16:44:25,4.81.2,negative,rating_rule,14
Rifqi Fredy Kurniawan,jos,5,2024-01-27 16:57:19,4.81.2,positive,rating_rule,3
Dyah As76,Gojek Sigap Cepat Aman n Nyaman,5,2024-01-28 10:48:40,4.81.2,positive,rating_rule,31
FATWA YUDISTIRA HAIKAL WIBOWO,Shiiip,5,2024-01-27 18:11:12,4.81.2,positive,rating_rule,6
Cantika,kerenn,5,2024-01-28 03:56:39,4.81.2,positive,rating_rule,6
Muhammad Gilang,Saduuuuuuuuuuu,5,2024-01-27 18:35:54,4.81.2,positive,rating_rule,14
Yadi Aprilliansyah,Kenapa pas ufdate ga bisa di buka,1,2024-01-27 18:53:11,4.81.2,negative,rating_rule,33
Supriadi Asep,Mantap kasih tiap bulan donk promosi nya heheh,5,2024-01-28 10:48:06,4.81.2,positive,rating_rule,46
Dade Sutendi,Pake Gojek mau kemana pun jadi mudahsemoga lacar terussss,5,2024-01-28 10:33:57,4.81.2,positive,rating_rule,57
Sarifah Mutia,Knp haru yg baru lbh payah,3,2024-01-27 23:59:16,4.81.2,neutral,rating_rule,26
Riky M,Jelek banget sekarang aplikasinya Ga bisa ajukan GoPaylater lagi apalagi GoPinjam Dulu padahal sudah pernah dapat gopaylater Jadi 1 bintang saja Menghabiskan waktu aja ini kita suruh nunggu Udah nunggu pas coba ehh ditolak lagi Siapa lu,1,2024-01-23 17:38:13,4.81.2,negative,rating_rule,236
Jasa Penyeberangan,Saya puas memakai gopay setelah 2 minggi sy merasa kecewa karna topuap dr indomaret uang g tau ke mna mask nya kata nya ada di tabungan jago setelah sy cek g adasy email chat complin g ada tanggapan,1,2024-01-23 14:46:44,4.81.2,negative,rating_rule,198
Ruth Khafidah,Mudah dan cepat,5,2024-01-28 02:20:38,4.81.2,positive,rating_rule,15
Dian Noor Pratiwi,Sekarang udah mahal ongkirnya trus ada biaya penanganan tmbahan lain overall bagus sih Cuman skg bnyak apk serupa yg bisa dipertimbangkan biar lebih hemat utk pengguna yg sering seperti saya,3,2024-01-28 07:10:31,4.81.2,neutral,rating_rule,190
Eka Apriana Putri,Jangan terlalu sering minta update Setelah diupdate ternyata nggak ada perubahan Makan memori doang,1,2024-01-28 02:31:09,4.81.2,negative,rating_rule,99
AA Pradini Purnama Putri,Setiap pembelian melalui gofood selalu lama kendala makan sudah disiapka Tp driver sampai 1jam gak dpt2 Pesanan tdk bs dibatalkan karena alasan pesanan sdh masuk resto jd harus menunggu yg batalkan dari pihak anda Sangat2 mengecewakan Ajng bngt,1,2024-01-28 07:07:31,4.81.2,negative,rating_rule,244
Dedy Purnomo,watwetcak cek,5,2024-01-28 07:07:11,4.81.2,positive,rating_rule,13
Fitriyani Fitri,Bagus sekali,5,2024-01-28 07:01:48,4.81.2,positive,rating_rule,12
Sumarwan Marwan,Good App,5,2024-01-28 07:01:31,4.81.2,positive,rating_rule,8
Fatur Fatur,Lumayan sering ada promo untuk gofood,5,2024-01-28 07:01:01,4.81.2,positive,rating_rule,37
Asep Alaves,Bagus sangat membantu,5,2024-01-23 22:32:07,4.81.2,positive,rating_rule,21
Nur Halimah,Bv 0130 terbangun H7tgzjp,2,2024-01-28 02:49:41,4.81.2,negative,rating_rule,25
Joko Prehatno,2 dulu karena Sudak ke sekian puluh kalinya update ke gopay plus gagal padahal sebelumya udah plus mau diupgrade gopay plus terbaru malah kembali ke premium pusing padahal aku gunakan untuk layanan goparter akujadi kacau balau akun goparter aku,2,2024-01-28 06:53:50,4.81.2,negative,rating_rule,244
Kani,Saya ada pengajuan pijan di gopay pinjam semua data yang di minta sudah saya masukan tapi pengajuan di tolak sebenar nya ga masalah saya malah senang dgn di tolak nya pengajuan saya tapi tolong dgn sangat untuk pihak gopaypinjam tolong hapus semua data yg sudah saya kirim kan,2,2024-01-28 03:01:57,4.81.2,negative,rating_rule,276
mst ams,Biaya penanganan maksdnya apa aku mo pesan minuman di gofood kena biaya penanganan 29 rb Padahal Minumannya cuma 22 rb,1,2024-01-28 06:09:23,4.81.2,negative,rating_rule,118
Yayan Sofyan,Great Application,5,2024-01-28 03:06:55,4.81.2,positive,rating_rule,17
Herman Puguh,mantap pakai gojek dan gocar sering promoTerima kasih GojekGocar,5,2024-01-28 06:50:00,4.81.2,positive,rating_rule,64
Agiska Mila,Please gopaylater bisa bayar tagihan sebelum jatuh tempo kayak dulu dong Sebel bgt mau bayar tagihan nunggu japo dulu,3,2024-01-28 03:10:57,4.81.2,neutral,rating_rule,117
Supra Hdv,Lancar saja,5,2024-01-28 03:14:04,4.81.2,positive,rating_rule,11
Mitha Yulia,Jujur  klo urusan ojek online  gojek the Best dari kecepatan  keramahan  kerapihan pakaian  sama attitude yang paling penting oke banget deh gojek,5,2024-01-28 06:46:36,4.81.2,positive,rating_rule,146
HUURIN 'IIN,Kenapa setelah diupdate berulang kali tidak direspon saat dibuka,2,2024-01-28 03:16:49,4.81.2,negative,rating_rule,64
Mohammad Farid Hidayatulloh,Status pesanan gofood stuck udah coba pakai wifi  data sama aja padahal internet lancar buat youtube dll udah coba restart hp sama aja aplikasi udah terbaru chat cs yg jawab bot sangat tidak recommended ini udah lewat estimasi loh hampir 1 jam nunggu dari estimasi 28 menit,1,2024-01-23 18:49:27,4.81.2,negative,rating_rule,273
aziez Kamal,Mantap selalu berikan terbaik buat pelanggan,5,2024-01-28 03:23:49,4.81.2,positive,rating_rule,44
Rahmat Cina,Bagus,5,2024-01-23 14:54:04,4.81.2,positive,rating_rule,5
Irno Hadis,Aplikasi taiiii mw masuk aja susah bngat kya kontoooolll,1,2024-01-28 03:31:25,4.81.2,negative,rating_rule,56
arief budi mulyanto,Smoga kedepannya bisa lebih baik lagisukses,5,2024-01-28 03:37:27,4.81.2,positive,rating_rule,43
Yeni Arviyantie,Langganan n potongan or discountnya mayaan buat order2 kpepet,5,2024-01-23 15:03:12,4.81.2,positive,rating_rule,61
Lina O,Makin mahal aja Dibandingin beli langsung di restonya sama beli dr aplikasi bedanya banyak,3,2024-01-28 07:16:30,4.81.2,neutral,rating_rule,90
Julhan Wardana,Satsetsatset,5,2024-01-28 03:51:05,4.81.2,positive,rating_rule,12
Rini Fitriyani,Bgs apk nya cuma tolng di perbaiki lg mau masukin kode otp aja lma bgt,3,2024-01-23 23:19:18,4.81.2,neutral,rating_rule,70
Reyhan amal,Driver gocarnya gblk,1,2024-01-23 23:15:56,4.81.2,negative,rating_rule,20
Wheny Efendi,Suka banyak promo,5,2024-01-28 03:51:30,4.81.2,positive,rating_rule,17
diana chandra,Masa titik jemput gocar selalu ngaco padahal sdh sesuai titik sampai saya sudah share lokasi masa bisa jemput ny sampai jauh banget dari titik  tol diperbaiki bikin driver dan saya susah saja Maaf saya ksh bintang 1,1,2024-01-28 09:06:27,4.81.2,negative,rating_rule,215
fauzan ojan,Sejauh ini selama saya menggunakan aplikasi ini tidak ada masalah baik itu saat memesan tranportasi online maupun memesan makanan,5,2024-01-28 08:54:33,4.81.2,positive,rating_rule,129
Yuni Sulistiyani,mohon maaf iklanya dikurangi,1,2024-01-28 05:34:07,4.81.2,negative,rating_rule,28
Violet Volkswagen,Gopaylater kena blokir hahah,5,2024-01-23 15:47:39,4.81.2,positive,rating_rule,28
Ruslin,Setres Setelah update makin parah,1,2024-01-28 00:25:40,4.81.2,negative,rating_rule,33
M.Wahyudi Ramadhani,Sangat tidak suka,1,2024-01-28 08:41:21,4.81.2,negative,rating_rule,17
Toni Murtono,Gimana nih aplikasi kok parah Nyuruh di update setelah di turuti update sekarang g bisa terkoneksiparah,5,2024-01-28 08:41:00,4.81.2,positive,rating_rule,103
Abah Mul,Mantaap,5,2024-01-28 00:29:46,4.81.2,positive,rating_rule,7
Hening Roto Atmojo,Tarifnya jangan makin mahal donk,5,2024-01-28 02:08:17,4.81.2,positive,rating_rule,32
SLAMET RIYADI,kenapa setelah di update malah tidak bisa pakai fitur go pay,1,2024-01-28 01:21:53,4.81.2,negative,rating_rule,60
fahmi junior,Aplikasi yang terkadang sangat di butuhkan,5,2024-01-28 01:25:12,4.81.2,positive,rating_rule,42
nayla gacha,Terima kasih saya sangat terbantu sekali,5,2024-01-28 01:27:54,4.81.2,positive,rating_rule,40
Hendrik oktario,Makin lama sekarang gofoodnya kayanya udah g secepat dulu ditambah ada option tambahan mau express atau reguler macem2 ajah yg reguler hampir sejam keburu dingin yg paling utama keburu laper,1,2024-01-28 08:19:31,4.81.2,negative,rating_rule,190
Ilham Pangestu (Estu),aplikasinya keluar sendiri padahal udah di update udah di uninstal terus di instal ulang tapi tetep kek begitu jelek nih aplikasi,1,2024-01-28 08:18:33,4.81.2,negative,rating_rule,129
boim aye,Good job,5,2024-01-28 08:13:52,4.81.2,positive,rating_rule,8
imko bili,Gojek memang the best,5,2024-01-28 01:28:57,4.81.2,positive,rating_rule,21
Jilan Arra Jiyaad,Mantappp,5,2024-01-28 05:42:41,4.81.2,positive,rating_rule,8
SALVIAN FITRA SETIA,Ahayde,5,2024-01-28 07:59:01,4.81.2,positive,rating_rule,6
fullmoon,Saya transfer uang dari gopay ke bank tertera sudah terkirim tapi belum masuk ke rekening mohon untuk konfirmasi dan tindak lanjutnya,1,2024-01-28 07:36:50,4.81.2,negative,rating_rule,133
Syarief Maulana,BURUK,1,2024-01-28 01:37:55,4.81.2,negative,rating_rule,5
dian hayati,Kenapa si skrng gojek jeda wkt tunggu nya jadi lama bgt kaya APP sebelah pdhl dr toko nya info klo pesenan udh kelar di APP bilangnya masih dsiapkan tunggu 20menit lg Jadi ga ad beda nya sama APP sebelah  pdhl harga nya lebih mahal,3,2024-01-23 23:06:27,4.81.2,neutral,rating_rule,231
Kang Colay,Lagi lagi terjadi gopay gua ilang lagi baru juga gua top up dan gua tinggal seharian blm gua beli in apa apa tadi gua top up saldo gopay 350k sekarang pas gua mah beli barang di online shop pas liat saldo tinggal 229k ga tau dah tuh ilang berapa males ngitung gua udh dua kali kehilangan uang yang pertama udh gua ikhlas kan dan yang ini udh ke 2 kali nya dah lah gua jadi males nyimpen duit banyak di gopay mending di dana sekian gua kecewa sama apk ini,1,2024-01-23 15:25:02,4.81.2,negative,rating_rule,454
Nana Sukana,Terima kasih sudah antar dan jemput,5,2024-01-28 07:27:22,4.81.2,positive,rating_rule,35
KURIYAH,Mohon di tingkatkan LG sistemnya,5,2024-01-28 04:20:28,4.81.2,positive,rating_rule,32
Rini Rini,Aplikasi yg TDK mau menerima keluhan customernya mau laporan dipersulit Aplikasi sampah,1,2024-01-28 14:44:11,4.81.2,negative,rating_rule,87
khify,Edit Jaringan bagus aplikasi sudah versi terbaru namun masih error untuk pemesanan gojek bisa namun untuk gofood tidak bisa tertulis error gps saya sudab aktif Sama kadang kalp agak jauhan muncul location not serviceable nah ini tolong di perluas lg jangkauan ny Gojek bisa knp gofood nggak,1,2024-01-28 11:53:42,4.81.2,negative,rating_rule,290
Casper,Bermanfaat sekali,5,2024-01-29 07:35:54,4.81.2,positive,rating_rule,17
Rudi Hartono,Ok sudah dibenahi,3,2024-01-29 05:05:53,4.81.2,neutral,rating_rule,17
Daru Prayoga,Apaan dah pesen gofood biaya layanan sampe 30rb pdhl ongkir dibawah 15k an,1,2024-01-29 05:26:39,4.81.2,negative,rating_rule,74
Arief Rahmansyah,Aplikasi terbaik,5,2024-01-29 05:31:42,4.81.2,positive,rating_rule,16
Achmad Ghozali,Bagus  top,5,2024-01-29 05:32:38,4.81.2,positive,rating_rule,10
Sri Fitriani,Membantu banget pokonya,5,2024-01-29 05:36:58,4.81.2,positive,rating_rule,23
Shinobi Uzumaki,Sementara aman terkendali,5,2024-01-29 05:49:56,4.81.2,positive,rating_rule,25
Dedi Suryadi,Oke langsung saja gass,5,2024-01-29 05:52:35,4.81.2,positive,rating_rule,22
Andrewasmara Joezan,joseee,5,2024-01-29 05:55:13,4.81.2,positive,rating_rule,6
Yeni Nur,Maps digojek eror gajelas kasihan bapak Drivernya,1,2024-01-23 07:16:28,4.81.2,negative,rating_rule,49
Fitri Yani,Selalu puas sm gojek Semoga makin bagus lg kedepannya,5,2024-01-29 05:58:55,4.81.2,positive,rating_rule,53
Ryukey,Untuk aplikasi gojek diperingan dong untuk android lollipop Os versi 5,1,2024-01-29 05:59:04,4.81.2,negative,rating_rule,70
netizen julid,Tidak bisa di batalin klo order gofood Sat Knapa skrang lama bgt si gofood nya Psen makan aja satu setengah jam Tolong lah gojek perbaiki lagi jgan lama bgt ky gini kburu lapernya ilang tlol,2,2024-01-29 05:59:45,4.81.2,negative,rating_rule,190
Thomas Matthew Kusumantoro,Mayan berguna,4,2024-01-29 06:06:24,4.81.2,positive,rating_rule,13
Lie San,stelah d perbarui aplikasinya kenapa jd bobrok bukan tambah d perbaiki kok malah gak bs buka trs resard ulang trus,1,2024-01-29 06:08:58,4.81.2,negative,rating_rule,114
trie setyo,Aplikasi yang sangat bagus mau apa aja lengkap mulai dari makanan tranportasi sampai pindahan kost juga ada tersedia mobil nya pokoknya gojek luar biasa,5,2024-01-23 07:11:49,4.81.2,positive,rating_rule,152
Agung Bosar,Ngbantu sekali,5,2024-01-29 06:18:14,4.81.2,positive,rating_rule,14
Dedy Haryanto,APLIKASI GK KEPAKE,1,2024-01-29 06:21:14,4.81.2,negative,rating_rule,18
Tam Jay,Knpa saya bayar gopinjam tapi tidak kepotong tagihan nya padahal di BCA nya berhasil,2,2024-01-23 07:11:35,4.81.2,negative,rating_rule,84
Rizky Sadhil,Sangat terbantu,4,2024-01-29 06:43:21,4.81.2,positive,rating_rule,15
haerul 90,susah banget dapet driver kalo gosend pake samday tolong hapus aja opsi pengiriman samday nya driver pada males ngambil orderan,1,2024-01-29 06:49:51,4.81.2,negative,rating_rule,127
Yogi Cahya,Recommended aplikasi,5,2024-01-23 07:03:06,4.81.2,positive,rating_rule,20
Mami Salon,Sangat baik,5,2024-01-29 07:07:01,4.81.2,positive,rating_rule,11
Bobby Ardiansyah,mntaap lanjutkan promonya,5,2024-01-29 04:53:39,4.81.2,positive,rating_rule,25
Vivi Ardiana,Tolong yah buat gofood sediain uang receh Biar ada kembalinya Dan cepetin dapet driver nya soalnya gua nunggu 45 menit apa ga mau mati orang nunggu nya,3,2024-01-29 04:52:58,4.81.2,neutral,rating_rule,151
rizal bahrain,bagus dan profesional,5,2024-01-29 03:25:37,4.81.2,positive,rating_rule,21
sms fv,Bisa tidak iklan ny gojek ini di lakukan saja si aplikasi GOJEK setiap buka WA iklan nya selalu lewat mebuat saya tidak nyaman  di aplikasi lain juga setiap di buka selalu masuk iklan GOFOOD,1,2024-01-29 02:25:46,4.81.2,negative,rating_rule,190
Nadiya Maulida husna,Kenapa habis diupred kk malah gk bisa dibuka,1,2024-01-29 02:39:15,4.81.2,negative,rating_rule,44
bernard ginting,Sangat mudah dalam penggunaan,5,2024-01-29 02:46:41,4.81.2,positive,rating_rule,29
Ricko Setiawan,bagus,5,2024-01-29 02:47:41,4.81.2,positive,rating_rule,5
Muamar Vino,gak adil banget jek gw sering order gk pernah dikasih vocer kalaupun dikasih vocer itu pun gk masuk akal harus belanja diatas 100k baru dpt potongan 30k  herannya kawan yg jarang order malah sering dikasih vocer potongan 50 bahkan 70 gk recomend banget jekSUMPAH,1,2024-01-29 02:54:39,4.81.2,negative,rating_rule,262
Muhammad Idris,Welcome back  berharap GoJek konsisten dan bisalebih diperhatikan pelanggang lama,5,2024-01-29 02:56:39,4.81.2,positive,rating_rule,81
Mufida Jannur Daulay,Goride nggak ada promo ya Apasih kode prominyab,2,2024-01-29 02:58:34,4.81.2,negative,rating_rule,47
suwardi subroto,Sip dan bagus,5,2024-01-29 03:04:06,4.81.2,positive,rating_rule,13
Fitria Luchika,Sejauh ini nyaman  aman pakai gojek walaupun apk suka minta diupdate huhuh tp baguss ko luv,5,2024-01-29 03:16:51,4.81.2,positive,rating_rule,91
Gun Gn,Tepat waktu dan cepat,5,2024-01-23 08:01:39,4.81.2,positive,rating_rule,21
Al Wahid,gojek maikin parahtitik lokasi maps dimana GPS dimana gak sesuai tolong lebih diperhatikan,2,2024-01-29 03:40:36,4.81.2,negative,rating_rule,90
Suwondo,Setelah update hp kentang yang kyk punya aku gak bisa pake gojek lg keluar sendiri,1,2024-01-29 03:44:37,4.81.2,negative,rating_rule,82
fajar priyo utomo,saat hujan sangat susah mendapatkan driver,3,2024-01-29 03:54:07,4.81.2,neutral,rating_rule,42
Atin Rachmawati,Mohon kongirmasinya buat gojek iniknp pas udh di update tapi malah semakin rusak tiap x buka aplk ny malah ga bisajd kecewa sekrang ini,1,2024-01-29 03:56:35,4.81.2,negative,rating_rule,135
Elvant Kurniawan,Aplikasi degan tarif mahalmasih mending maxim harga murahsaya klo transportasi pk maxim doang,1,2024-01-29 04:09:30,4.81.2,negative,rating_rule,93
Annisa Agustiani,Pesen gofood udah ga ti driver otomatis tiga kali terus dibatalin sistem Padahal udah nunggu hampir sejam Gak ada solusi lain apa selain ngerugiin customer,4,2024-01-29 04:10:41,4.81.2,positive,rating_rule,155
Rangga Gustin,gopay later saya malah di blokir padahal saya selalu bayar sebelum jatuh tempo parah bener,1,2024-01-29 04:15:54,4.81.2,negative,rating_rule,90
Aep Saepudin,Sat set sat set cepat,5,2024-01-29 04:19:52,4.81.2,positive,rating_rule,21
April Aprilia,Mudah mengerti,5,2024-01-29 07:07:55,4.81.2,positive,rating_rule,14
Ramadoni Doni,Aplikasi tolol daftar paylater udah lama dari limit 500rb sampe 5jt sekarang gapernah telat bayar selalu transaksi pakai gopaylater pas mau beli pulsa malah DIBLOKIR gopaylater saya padahal cuma mau beli pulsa saya gapernah telat bayar BELI PULSA DOANG DIBLOKIR EMANG DASAR APLIKASI SAMPAH TOLOL IDIOT MASIH ADA TAGIHAN GOPAYLATER 90RB TADINYA MAU SAYA BAYAR CUMA UDAH DI BLOKIR GITU MALES AMAT GUA BAYAR BODOAMAT KAGA BAKALAN GUA BAYAR SUMPAH,1,2024-01-29 07:37:06,4.81.2,negative,rating_rule,443
Idyas Iyas,Ini kenapa ya setelah saya update saya enggak dapat cash back padahal udah pakai promo Saya beli paket data Rp 100000 dan promo dapat cashback Rp 11000 tapi ga masuk cashback nya kenapa gitu ya,4,2024-01-23 12:41:24,4.81.2,positive,rating_rule,193
Daniel Frengky,Maksudmu opo cak ngomong kangen nak pipiii,1,2024-01-29 07:46:14,4.81.2,negative,rating_rule,42
Santi,sangat membantu,5,2024-01-29 10:35:06,4.81.2,positive,rating_rule,15
Rizki Ramadan,Woiii ini knp anj banyak banget iklanya mau masuk aplikasi apapun itu ada iklan aplikasi GOJEK bab,1,2024-01-29 10:47:08,4.81.2,negative,rating_rule,98
murtinah raharjo,Tiga dulu Apl sering sulit diakses,3,2024-01-29 10:54:16,4.81.2,neutral,rating_rule,34
Malla Satriadji,Ulasan di ganti  paylater tidak berfungsi,2,2024-01-29 10:57:37,4.81.2,negative,rating_rule,41
Ayu Miftri asih,Gojek apaan dahtadi waktu milih promo masih ada giliran udah ditop up tiba promo hangus Gajelas bgt,1,2024-01-29 10:59:03,4.81.2,negative,rating_rule,99
arief tim BMN,Nuhun,5,2024-01-29 11:17:21,4.81.2,positive,rating_rule,5
Dede suherman Dede,Kok gada mode pilihan pembayaran lain cuma gopay ama tunai ajh,1,2024-01-29 11:18:38,4.81.2,negative,rating_rule,62
RaviPRatamaPM RV,Akun saya saldo gopaynya hilang Saya ngk ada bikin pesananjam 0100 pas sore saya buka akun gojek buat bayar belanjaan di alfa Ternyata saldo saya udah berkurang aja 30rb pesan gojekini bukan soal nominal tapi caranya apa apan kayak gini Saya ngak terima Pengiriman ke ewallet juga LAMA saya sudah menunggu satu hari Dan bayar 2x ke penjual Ini APK ga punya customer service apa bagaimana Beda sama ewallet terbaik lainnya,1,2024-01-29 11:20:57,4.81.2,negative,rating_rule,421
Hendri Ajah,Penjemputannya kadanglama kadangcepet kendalanya cuma pada waktu pagi aja terkadang susah mendapatkan gojek skalinya dapet lama penjemputannya,5,2024-01-29 11:26:24,4.81.2,positive,rating_rule,142
Musfir Asyraf,GOJEK nya ramahdari mulai penjemputan  sampai tempat tujuanpemilihan rute sangat baiksikap drivernya sopanpokoknya,5,2024-01-29 11:34:21,4.81.2,positive,rating_rule,114
Mutiara Annisa,Abis di upgrade malah gak bisa pake gotransit nya payahhh,1,2024-01-29 11:43:38,4.81.2,negative,rating_rule,57
MARPy,Bagus Bisa Pesan Antar Ke Alamat Berbeda,5,2024-01-29 11:48:15,4.81.2,positive,rating_rule,40
Agus Sumarna30,Saya kurangi bintangnya karena tidak sesuaigop pinjam saya pertama lancar setelah limit naik di sayangkan tidak bisa di tariksecara pembayaran tepat waktu tidak pernah telatBuat apa limit di kasih naik kalau gabisa di tarikkalau bisa di tarik saya tambah lagi bintangnya,3,2024-01-23 04:30:39,4.81.2,neutral,rating_rule,270
Dwi Haryantini,Sangat terbantu untuk belanja,5,2024-01-29 12:03:22,4.81.2,positive,rating_rule,29
Ahmad Satori,aplikasi mau bankrut bikin draver sengsara,1,2024-01-29 12:04:13,4.81.2,negative,rating_rule,42
Yadi setiawan,Mantap terbantu sekali,5,2024-01-29 12:07:55,4.81.2,positive,rating_rule,22
Nopri Yanto,Sya puas pke gojek tolong utung para dever klo ad promo d ambil jngan bilang promonya abis karna ongkosnya murah,5,2024-01-29 12:08:28,4.81.2,positive,rating_rule,112
Prima Pratama,Makin hari makin kacau,1,2024-01-29 12:10:11,4.81.2,negative,rating_rule,22
juli purnomo,bintang berbicara,5,2024-01-29 12:12:34,4.81.2,positive,rating_rule,17
Suyono Gomad,Jos Gandos,5,2024-01-29 10:19:48,4.81.2,positive,rating_rule,10
Irfan Masguni,Sudah didownload malah dowload ulang lagipasnya didownload lamaaa sekali bahkan berulang ulang didownloaditu kenpa yah min,1,2024-01-29 10:14:24,4.81.2,negative,rating_rule,122
syahdi Black,Nice,5,2024-01-23 06:01:09,4.81.2,positive,rating_rule,4
Nani Nuryani,Sangat membatu sekali,5,2024-01-29 07:49:46,4.81.2,positive,rating_rule,21
Rindika Apriliani,sngt membantu,5,2024-01-29 07:50:38,4.81.2,positive,rating_rule,13
Toko Kharisma,eror gak bisa di buka,2,2024-01-29 08:03:19,4.81.2,negative,rating_rule,21
Ilham Bintang,Sangat membantu mobilitas orang,5,2024-01-29 08:10:19,4.81.2,positive,rating_rule,31
Novita naomi chayla,sejauh ini masih puas makai gojek untuk semua keperluan,5,2024-01-29 08:26:49,4.81.2,positive,rating_rule,55
muhammad abi,bermanfaat,5,2024-01-23 06:02:56,4.81.2,positive,rating_rule,10
Andris Ginanjar,Bagus dan cepat,5,2024-01-29 08:31:42,4.81.2,positive,rating_rule,15
Putri Fradnya,kenapa gopaylater saya tidak bisa digunakan dan ada tulisannya diblokir padahal limit masih ada dan tagihan terakhir pun sudah saya lunasi dulu tidak pernah begini semenjak beralih ke MAB pun denda telat bayarnya naik drastis sehari 50ribu makin aneh aja,1,2024-01-29 08:31:48,4.81.2,negative,rating_rule,254
nandaa,aplikasi ini membantu banget saat aku lagi gaada transportasi,5,2024-01-29 08:33:23,4.81.2,positive,rating_rule,61
Nurul Subiyanti,Driver gojeknya ga tau haluan lalu lintasga ramahga sabaransuka nerobos malah nyenggol anak SMK,1,2024-01-29 08:35:50,4.81.2,negative,rating_rule,95
sopandi ali,Bagus kl sdh muncul aplikasinya namun utk munculnya kadang sulit,5,2024-01-29 10:03:41,4.81.2,positive,rating_rule,64
Tedi Mulyadi,rubah rating gara2 sistem gopay ngaco parah,1,2024-01-29 08:47:23,4.81.2,negative,rating_rule,43
Leni Nuraeni,Cepet dapetnya,5,2024-01-29 08:51:13,4.81.2,positive,rating_rule,14
Ziyad Rizky,baik,5,2024-01-29 08:57:34,4.81.2,positive,rating_rule,4
irma yulianti,Ko setiap mau buka aplikasinya keluar sendiri terus ya Udah coba install ulang juga tetep sama keluar sendiri terus Aplikasi jadi tidak bisa digunakan,2,2024-01-29 08:57:56,4.81.2,negative,rating_rule,150
Ikmal Faiq,Apk tolol masa engga bisa ngojek di lokadi gw tolol banget,1,2024-01-29 09:13:01,4.81.2,negative,rating_rule,58
M agung prayogi,Sangat ramah baik,5,2024-01-29 09:44:07,4.81.2,positive,rating_rule,17
Achmad Gozali,Gojek ok sekali,5,2024-01-29 09:54:04,4.81.2,positive,rating_rule,15
Umar Farhan,Promo kurang and terlalu mahal,1,2024-01-23 09:05:33,4.81.2,negative,rating_rule,30
Syam Sury,Susah banget dapet driver kalo lagi ujan Padahal di depan mata sendiri drivernya lagi pada nongkrong,1,2024-01-29 02:15:15,4.81.2,negative,rating_rule,100
Andhika putra,Mangkin di update mangkin gk jelas limit gopay letter tersedia tp di blokir apk aneh sebelum di update malah aman aja,1,2024-01-29 02:08:52,4.81.2,negative,rating_rule,117
Ahmad Ramaliulhuda,Good application,5,2024-01-28 13:54:19,4.81.2,positive,rating_rule,16
RATIH PAWESTRI,Saya order gofood Dari restoran sudah chat bahwa masakan sudah ready utk diambil Tapi driver blm ada yg ambil karena mengirim pesanan harus sesuai estimasi pengiriman Jadinya saya harus nunggu lama padahal masakan udh siap,3,2024-01-23 11:27:04,4.81.2,neutral,rating_rule,222
suhar sono,Oke mantul,5,2024-01-28 14:18:59,4.81.2,positive,rating_rule,10
A Nabila Collection,Sangat membantu terimakasih,5,2024-01-24 00:22:07,4.81.2,positive,rating_rule,27
Hendrik HT'ean,Mantap brooo,5,2024-01-23 11:26:20,4.81.2,positive,rating_rule,12
Bella AS,Azzam,5,2024-01-28 14:56:56,4.81.2,positive,rating_rule,5
Fajar Meilisa_TPM_KOTA BOGOR,Banyak promonyaaa,5,2024-01-28 15:13:20,4.81.2,positive,rating_rule,17
Catur Aji Andika,Ada pengalaman dapet driver sombong dan kasar kronologi mesan grabcar kebetulan malem itu abis hujan jadi jalanan kotor dan becek pas driver sampe di lokasi penjemputan ponakan saya buka pintu depan dan masuk kemudian driver dengan nada tinggi bilang ke ponakan saya kaki kamu kotor mobil saya bersih sambil tangannya membersihkan bangku yang tadinya sudah diduduki ponakan saya Akhirnya kami tidak jadi naik mobil driver itu walaupun statusnya sudah dalam perjalanan dan uang sudah di driver,1,2024-01-28 15:23:50,4.81.2,negative,rating_rule,492
Rofi Muhammad Kahfi,Lumayan Promonya cuman saya sedikt yaa,5,2024-01-28 15:27:41,4.81.2,positive,rating_rule,38
bang oganz,Make everything easyerniceworkespecially the goCar,5,2024-01-28 15:38:18,4.81.2,positive,rating_rule,50
Siti Nurlela,Pesen go food sama driver dicancel mulu udh 3 kali heran deh pelayanan go food lama banget mentang mentang diskon Kalo dibandingin mending dishope food sih mahal dikit tp driver ny gercep,1,2024-01-28 15:50:55,4.81.2,negative,rating_rule,187
Nando Fernando,Parah di pesan gak ada yang mau satupun,1,2024-01-28 15:54:52,4.81.2,negative,rating_rule,39
Dedi Dedi,Selama saya pakai selalu tepat waktu jemput Cuma titik jemputnya agak susah menentu kan lokasi sendiri,4,2024-01-28 16:07:37,4.81.2,positive,rating_rule,102
Si Otong,Good apk,5,2024-01-28 16:13:55,4.81.2,positive,rating_rule,8
Mariana Gosaly,Sangat membantu pada saat kelaparan,5,2024-01-28 16:31:44,4.81.2,positive,rating_rule,35
Nurmaida martalena Tambun,Saya harus menghapus banyak permainan untuk ini tapi tetap tidak bisa didonwload emg semahal itu kah,2,2024-01-28 16:39:54,4.81.2,negative,rating_rule,100
Fanuel,Tolong lh diatur kehidupan drivers,5,2024-01-28 16:54:06,4.81.2,positive,rating_rule,34
Leni Kastuningsih,Kenapa aplikasi gojek di saya tidak bisa untuk membuat toko di goShop ya Tidak ada pilihan buat link,3,2024-01-28 16:57:16,4.81.2,neutral,rating_rule,100
didik susilo,Aplikasi yg sangat membantu,5,2024-01-23 11:07:30,4.81.2,positive,rating_rule,27
Dano Aleksa,Bagus keren keren,5,2024-01-28 17:34:28,4.81.2,positive,rating_rule,17
Yusuf Nurmuslim,Bagus terima kasih,5,2024-01-28 13:50:39,4.81.2,positive,rating_rule,18
Andi Putra,Ramah dan nyaman,5,2024-01-28 13:48:52,4.81.2,positive,rating_rule,16
agus bahtera s,Aplikasi yg simple dan mudah digunakan,4,2024-01-28 13:46:41,4.81.2,positive,rating_rule,38
Zulhan Arif,Gojek kenapa peta anda sering mengambil jalur yang tidak semestinya Kadang mutar lebih jauh kadang lewat jalur yang dari belakang tidak dapat dijangkau Tolong perbaiki ya sudah sering kejadian,3,2024-01-28 12:48:33,4.81.2,neutral,rating_rule,192
Nadiyya HP,Setahun ini Gojek tidak memuaskan,1,2024-01-28 11:58:19,4.81.2,negative,rating_rule,33
April Lyani,Kami mendeteksi pemakaian yang tidak biasa Kenapa dengan aplikasi gojek di hp sy Dari terahir tahun 2022 selalu begitu sampai saya hapus aplikasi gojek karena tidak bisa di gunakan dan saya beralih ke yang lain Sekarang saya download lagimasih tetap sama KAMI MENDETEKSI PEMAKAIAN YANG TIDAK BIASA Begitu terus dari tahun 2022 sampai sekarang Kenapa,1,2024-01-23 12:40:10,4.81.2,negative,rating_rule,349
Marini Dwi untari,Sangat membantu sekalii  baik gojek gofood gocarr,5,2024-01-28 12:08:10,4.81.2,positive,rating_rule,49
ari nurmaya,Gofood ini semakin lama semakin susah dpt driver sampe berjam2 g dpt2 pdhl udah pilih yg paling mahal kirimnya tetep aja g dpt restonya maka ga sampe sekilo terpaksa batalin terus karna ga tau mau sampai kapan nunggu dpt drivernya,1,2024-01-28 12:16:14,4.81.2,negative,rating_rule,230
3_Nabila Nur Maulida,Ayo download Grab,5,2024-01-23 12:37:00,4.81.2,positive,rating_rule,17
Ara qs,Sukses selau gojak,5,2024-01-28 12:32:09,4.81.2,positive,rating_rule,18
Alin Maharani,So far so good Keep up the good work,5,2024-01-28 12:46:30,4.81.2,positive,rating_rule,36
urip sugih,Gojek Sangat bermanfaat dan membantu,5,2024-01-28 12:46:47,4.81.2,positive,rating_rule,36
Andereas Candra,kurirnya bertanggungjawab menjalankan tugasnya hujanhujan tetap diantar Terima kasih untuk pelayanannya,5,2024-01-28 12:46:52,4.81.2,positive,rating_rule,103
Gum In,Fitur penjemputan tidak bisa aplikasi rusak,1,2024-01-28 12:47:16,4.81.2,negative,rating_rule,43
Muhammad Ilyas,Nikmati songkolo begadang bersama Gojek,2,2024-01-28 12:58:24,4.81.2,negative,rating_rule,39
Aditya Pratama,Untuk saat ini kenapa Gopay Later nya tidak bisa digunakan ya,5,2024-01-28 13:41:15,4.81.2,positive,rating_rule,61
Ismail Atuh,Bagus bgtt,5,2024-01-23 12:15:47,4.81.2,positive,rating_rule,10
Sulis tiya,Bagus tapi tolong ongkir nay jan ke 100,5,2024-01-28 13:06:37,4.81.2,positive,rating_rule,39
naljap anugiw,permisi min tolong adain fitur rute didalam rumah dong kayak tolong ambilin remot dibawah trs dianterin keatas mohon ya min terimakasih,5,2024-01-28 13:08:23,4.81.2,positive,rating_rule,135
Dinar Permatasari,Sangat kecewa pas hujan nggak mau ambil orderan,1,2024-01-28 13:10:15,4.81.2,negative,rating_rule,47
Abigail nizam Khalfani,Temen ku top up kena refund tanpa alasan,1,2024-01-28 13:16:06,4.81.2,negative,rating_rule,40
Yuli Kasiyanto,Kasihan sekarang ada gofood jarak dekat yg di bayar cuma 5000blm nunggu di restonya lama atau tidakkadang antarnya sampai 3kilo lebihjujur kalau di hitung2 mana cukup yauang jajan anak aja lebih dari 5000saya rasa gojek tidak berperi kemanusiaan dehpancasila di abaikan oleh gojekyg pimpin gojek jg blm tentu hafal pancasila,5,2024-01-28 13:19:11,4.81.2,positive,rating_rule,324
Yuni Faidatul,banyak promonyaa,5,2024-01-23 11:48:37,4.81.2,positive,rating_rule,16
Dodi Saktioktavianto,Oke bgt,5,2024-01-28 13:34:14,4.81.2,positive,rating_rule,7
Rustandi Andi,Aplilasi gojek tidak bisa di buka dan di gunakan,4,2024-01-28 17:44:53,4.81.2,positive,rating_rule,48
Dinny Waskito,saya sebenrnya pelanggan gojek tp iklannya setiap detik muncul di hp sy sangat menggangu pihak gojek apakah saya harus uninstal aplikasi anda supaya iklan gojek tidak masuk lagi ke hp saya,1,2024-01-28 18:12:40,4.81.2,negative,rating_rule,188
Aho HR,Aplikasi ampas Masa habis pesan makanan pake promo Tapi keburu tutup rumah makan kartu promo hilang Rugi banget Minimal ngerti ekonomi pengguna Bay,1,2024-01-28 18:42:22,4.81.2,negative,rating_rule,147
Lestari Herminingsih,Bagus cepat,2,2024-01-29 00:01:30,4.81.2,negative,rating_rule,11
Sutini Madi,Mantap aplikasinya,5,2024-01-29 00:35:29,4.81.2,positive,rating_rule,18
Muhamad Pegi,Semoga semaki menjangkau ke Lamandau,5,2024-01-29 00:46:30,4.81.2,positive,rating_rule,36
Eka kurniawati,bagus dan cepat,5,2024-01-23 09:38:59,4.81.2,positive,rating_rule,15
tri harsono,Ok banget aplikasinya,5,2024-01-29 01:10:42,4.81.2,positive,rating_rule,21
Sigit Sudarmanto,Selama saya pakai gojek bagus,5,2024-01-29 01:12:49,4.81.2,positive,rating_rule,29
Gilang NuariPradana,Gopay ne maksud nya gimana ya Untuk apa di kasih limit pay later kalau gk bisa di gunakan Bayar gk pernah telat ehhh pay later nya gk bisa di pakek alias di blokir agak lain memang ini aplikasi,1,2024-01-29 01:16:58,4.81.2,negative,rating_rule,193
panduwangi panduwangi,ok bgt,5,2024-01-29 01:26:25,4.81.2,positive,rating_rule,6
Ahmad Nawa,History pemakaian  Apakah ditanyakan ke puskesmas terdekat  Sebentarsebentar updatesebentar lagi update,2,2024-01-29 01:41:42,4.81.2,negative,rating_rule,103
Wanto Apung,Masih yg terbaik,5,2024-01-29 01:43:20,4.81.2,positive,rating_rule,16
Nina Nisrina,Apk keren gojek dan banyak diskonnya sukses,5,2024-01-29 01:47:32,4.81.2,positive,rating_rule,43
De Rohaetin,Pokonya Mantappp,5,2024-01-29 01:53:01,4.81.2,positive,rating_rule,16
Cinta 93,untuk wilayah berau masa dari tanjung redeb ke labanan gak adahadehhh cuman kotanya doangpdhl kita jga mau jalan keluar kota jga loh,1,2024-01-29 01:56:31,4.81.2,negative,rating_rule,132
Imam Mulyadi,Mantaaap,5,2024-01-29 01:59:24,4.81.2,positive,rating_rule,8
Nathan Firmansyah0903,Assalamualaikum ka mengapa ngebug pdhl sdh versi terbaru saya jadi sulit menggunakan krna keperluan saya dulu gojek apk bgus saya tidak berpindh2 mengapa skrng jd sering ngebug pdhl kuota full dan tdk menggunakan wifi tlong segera dibenari skrng install pun lama pendftrn pun lama segera diperbaiki ini membuat saya tidk nyaman krna sush msuk untuk ke aplikasinya dan slalu kembali ke beranda kak trma ksh,1,2024-01-23 09:11:51,4.81.2,negative,rating_rule,405
OyyMii,Tolonglah kasih driver yang jaraknya deket buset ini mah gua dapet drivernya setara indonesia  mekkah,1,2024-01-28 23:59:17,4.81.2,negative,rating_rule,101
nizhamul latif,respon sll lambat dan mapping rdk tepat,3,2024-01-28 23:38:09,4.81.2,neutral,rating_rule,39
asep priyatna,Aman dan nyaman,5,2024-01-28 22:47:08,4.81.2,positive,rating_rule,15
Vajar Dhani,Potongan terlalu tinggi bagi driver,1,2024-01-28 18:51:16,4.81.2,negative,rating_rule,35
Ubay Dillah,Sangat membantu sering sering Adain promo ya,5,2024-01-23 10:55:38,4.81.2,positive,rating_rule,44
Futicha Ayrlina,Mantaap bro,5,2024-01-28 20:18:09,4.81.2,positive,rating_rule,11
Yohana Rahayu,Update melulu,1,2024-01-28 20:43:36,4.81.2,negative,rating_rule,13
Usan Piter Askalis,mentenen mulu ajggua mau beli pulsa masa gitu aja lamaaa,1,2024-01-28 20:47:32,4.81.2,negative,rating_rule,56
Riz Wgd,Recommended,5,2024-01-28 21:13:58,4.81.2,positive,rating_rule,11
Dhafin Atharizz Aldrich,Maanntttaaabbssss,5,2024-01-23 10:42:25,4.81.2,positive,rating_rule,17
trio wahyudi,Mapnya tolong dibenerin ga sesuai arahannya Customer maupun drivernya jd sering bermasalah sy sering di Cancel secara sepihak krn problem ini Overall drivernya bagus gercep dan aplikasinya sudah bagus tp klo tidak didukung dengan system yg bagus akan rusak juga Terima kasih,5,2024-01-28 23:35:49,4.81.2,positive,rating_rule,274
محمد جبران ڤنديڮا,Saya ngasih rating satu karena aplikasi gojek ini nyarinya terlalu lama bahkan ini nyarinya udh 10 menit Saya ini masih sekolah dan saya biasanya pake gojek suka terlambat karena ini gojek nyari drivernya lama banget,1,2024-01-28 22:55:24,4.81.2,negative,rating_rule,216
Hafinda Lailatul,Tolong ini kenapa mau beli kuota ga bisa sih awalnya emang aku lupa sandi tp tetep ga bisa di bayar mana lagi buru buruayo dong tolong plis benerin jangan mempersulit padahal sebelum di update ga kek gini deh mana ga bisa di transfer bank pula lumayan banget uang yang di top up soalnya tapi ga bisa di pakai kecewa berat,1,2024-01-28 23:22:16,4.81.2,negative,rating_rule,321
Veni Agarita,ko setiap masuk gojek selalu nggk ada sinyal tolong perbaiki min,2,2024-01-28 23:26:04,4.81.2,negative,rating_rule,64
An Edman Syafei,Cepat dan ramah,4,2024-01-28 23:26:39,4.81.2,positive,rating_rule,15
Lek das Das,Ok la segini dulu,4,2024-01-28 23:28:26,4.81.2,positive,rating_rule,17
Andy Rahman,Terima kasih sangat membantu diasaat membutuhkan,5,2024-01-27 15:58:18,4.81.2,positive,rating_rule,48
Amien Nugroho,Buat saya is the best dan banyak promonya dan ada sebagian promo gk bisa digunakansaran aja tolong donk kasih untuk login harian dan berhadiah poin atau hadiah lainnyaterima kasih,5,2024-01-24 01:33:17,4.81.2,positive,rating_rule,179
Kiki Amanda,Gopinjaman tidak bisa dipakek percuma udh banyak top up,1,2024-01-27 15:24:18,4.81.2,negative,rating_rule,55
angga hss,Saya kasih bintang 2 dulu karena setelah update aplikasi gopaylater saya tidak bisa lakukan transaksi padahal limit saya masih full dan sudah bayar tagihan tepat waktu Makin lama aplikasi makin ndak jelas Tolong dijelaskan kenapa,2,2024-01-26 04:19:40,4.81.2,negative,rating_rule,229
M Ali,bunga gopay pinjam gede bener,5,2024-01-24 14:40:45,4.81.2,positive,rating_rule,29
Hadi Sopyan,Mtap,5,2024-01-26 01:12:39,4.81.2,positive,rating_rule,4
wiwik eka nusantari,Pelayanan sangat baik,5,2024-01-26 01:25:38,4.81.2,positive,rating_rule,21
Pauzi Lutfi,tepat waktu,5,2024-01-26 01:35:34,4.81.2,positive,rating_rule,11
Khomsiah Khomsiah,Buka aplikasi gojek selalu gak bisa,1,2024-01-26 01:39:39,4.81.2,negative,rating_rule,35
Marvil Parengkuan,Saya pengguna gojek dari 2016 kenapa tiba2 gopay later saya di blokir Klo sudah di perbaiki saya perbaiki juga bintangnya,1,2024-01-24 13:52:38,4.81.2,negative,rating_rule,121
adewirdanius larosa,Go pinjam sy dibekukan usaha sy jd macetpdhal tagihan angsuran sy tdk pernah bermasalahbused dah,1,2024-01-24 13:32:36,4.81.2,negative,rating_rule,96
Ria Agustina,good job buat bapak gojek pelayanan yg baik khususnya bapak gojek yg baru saja anter saya ke stasiun dengan cepat,5,2024-01-24 13:22:10,4.81.2,positive,rating_rule,113
Fika Fatimah,Sangat membantu sekali,5,2024-01-24 13:18:19,4.81.2,positive,rating_rule,22
Septa Hindarto,Mohon untuk perusahaan atau pengembang agar responsif untuk komplainan pelanggan dan saran saya agar ada CS yang menelpon ketika ada komplain dari pelanggan,1,2024-01-26 03:47:12,4.81.2,negative,rating_rule,156
Haryo Sucahyono,Mantab aplikasinya membantu,5,2024-01-26 03:56:04,4.81.2,positive,rating_rule,27
M.Nur Kholis,Okmantap Good Terbaik Goodluck for you yg buat gojek ini Yg sudah bagus jgn di utak atik lagi yaa Thank you verry verry much,5,2024-01-26 03:58:09,4.81.2,positive,rating_rule,124
روني فيردياز,Aplikasi GoFood dan DoCar sangat membantu,5,2024-01-26 04:00:42,4.81.2,positive,rating_rule,41
Putri Hob,Untuk gopay later nya sdh naik limit smpe 33jt tpi tdk bisa di gunakan percuma jd anak sultan go club nyamalas pakai aplikasi ini lagitmbh lama semakin jelek,1,2024-01-26 04:08:40,4.81.2,negative,rating_rule,157
HADI MULYONO,Discount nya luar biasa biaya transportasi jadi hemat,5,2024-01-24 14:41:11,4.81.2,positive,rating_rule,53
Habisoekamti Habi,Tolong kenapa gopaylatter gak pernah bisa di pake Padahal bayar gak pernah telat Percuma ngasih fasilitas GAK GUNAAA GAK MEMBANTUU,1,2024-01-24 14:55:02,4.81.2,negative,rating_rule,130
Dessy Sujatwati,Rute goridere selalu di lewatin jln kecil banyak polisi tidur menghambat percalan menyebalkan,1,2024-01-24 14:58:30,4.81.2,negative,rating_rule,93
Insan Deli,Ongkir gofood mahal najis jarak deket juga,1,2024-01-24 17:15:03,4.81.2,negative,rating_rule,42
Andira Jaya Saputra,Penyelmat,5,2024-01-25 18:50:48,4.81.2,positive,rating_rule,9
Saiful Arif,Dikembangkan lagi apk nya,5,2024-01-25 19:53:25,4.81.2,positive,rating_rule,25
Adi Putra,sya draver hampir 3 jam gk dikasih orderan tpi vendor yg bersama gojek sprti goflet selalu perioritas gak di baca komen saya,1,2024-01-24 16:33:34,4.81.2,negative,rating_rule,124
moch iqbal hafidz,awalnya bintang 5 karena merasa puas sekarang saya kasih bintang 1 ganti management ya jadi ribet banget,1,2024-01-25 22:08:13,4.81.2,negative,rating_rule,104
Nafisaaurayaaprmass Pranaswarii,Aplikasinya Bagus kok saya sering pake kalo mau berangkat sklah,5,2024-01-25 22:40:43,4.81.2,positive,rating_rule,63
Asep,sangat membantu banget,5,2024-01-25 22:43:52,4.81.2,positive,rating_rule,22
Agus Buah,G bisa d buka ni susah aplikasi Gojek nya knp ya,5,2024-01-25 22:58:04,4.81.2,positive,rating_rule,48
Surya Buditama,Sangat membantu dalam bidang transportasi dan kebutuhan sehari hari masyarakat indonesia,5,2024-01-24 15:03:11,4.81.2,positive,rating_rule,88
Zacky Putra,Kepada admin gojek  Saya mau tanya  kenapa akses gopay pinjam saya statusnya dalam pengecekan trus  sudah beberapa hari  Apakah ngebug,4,2024-01-24 15:55:08,4.81.2,positive,rating_rule,134
Budi Heriyadi,Aplikasinya buruk Map nya suka bermasalah Ngebug,1,2024-01-25 23:46:21,4.81.2,negative,rating_rule,48
Adinassa HD,Mempermudah keperluan Yaa meski sekarang jatang bgt ada diskon nya,5,2024-01-24 15:38:19,4.81.2,positive,rating_rule,66
Susiati Sisie,Rugi update app jd tambah ribet mau beli pulsa aj musti ke toko pelayanan tdk spt dulu gmn mengembalikan dpt setelan awal ya,1,2024-01-25 23:51:47,4.81.2,negative,rating_rule,124
Kristina c,promo gofood udah jarang potongan masing masing dr store dan gak bisa di gabungin promo dari toko sama promo voucher yg ada,2,2024-01-24 15:27:21,4.81.2,negative,rating_rule,123
Bakuel Teri,Ongkir gofood makin mahal,3,2024-01-26 00:01:34,4.81.2,neutral,rating_rule,25
Asep Ono,Jadi jelek fitur payleter tidak bisa dipakai,1,2024-01-26 00:19:43,4.81.2,negative,rating_rule,44
Meylinda,Baik orangnya,5,2024-01-24 15:09:53,4.81.2,positive,rating_rule,13
Titi Alan,Pelayanan baik makasih,5,2024-01-26 04:14:40,4.81.2,positive,rating_rule,22
Suhartini Soehadi,Seneng klu banyak discontnya,5,2024-01-24 13:00:11,4.81.2,positive,rating_rule,28
Litha Asghar,Kenapa gopaylater sy tidak dapat di gunakan padahal sy membayar tagihan sebelum jatuh tempo dan tidak ada tunggakan,5,2024-01-25 18:19:44,4.81.2,positive,rating_rule,115
aroh istikharoh,Sangat terbantu dg aplikasi ini cuma hbis update kok gk bisa di buka jdi kacau pas mau pesan mental gk bisa,5,2024-01-26 04:32:31,4.81.2,positive,rating_rule,107
Dimas Iim,buruk,1,2024-01-26 08:26:21,4.81.2,negative,rating_rule,5
zahra febyan Paladeta,Pelayanan customer servis sangat buruk sudah 5 hari saya mengajukan pengembalian saldo gopay and then apa yang terjadi sampai sekarang saldo gopay saya tidak di return dengan alasan mereka menghubungi saya tapi sayanya tidak bisa di hubungi saya cek hp saya mana ngga ada mereka menghubungi saya,1,2024-01-24 11:48:03,4.81.2,negative,rating_rule,295
Nur Eko nur Eko,Hello admin Mau coba menyampaikan beberapa hal nih diantaranya 1 Semoga GoJek tetap akses buat siapapun 2 Tolong admin buat tema gelap buat aplikasi GoJek dan semoga aplikasi GoJek semakin berkembang dengan baik banyak peminatnya ya admin 3 Saya berharap untuk ukuran aplikasi jangan terlalu besar ya admin Terimakasih,5,2024-01-26 08:46:47,4.81.2,positive,rating_rule,318
Nurul Fitri,Sekarang semakin buruk apk ini para supir gojek terutama mobil selalu menolak pelanggan tp g mau mengcansel nya,1,2024-01-26 09:13:23,4.81.2,negative,rating_rule,111
Muhammad Hujairin,Sangat bermanfaat,5,2024-01-24 11:38:09,4.81.2,positive,rating_rule,17
sugiyarto marsandi,Enak murah,5,2024-01-26 09:15:16,4.81.2,positive,rating_rule,10
Cak Rusdi,Sangat memuaskan dgn memakai gojek,5,2024-01-26 09:15:24,4.81.2,positive,rating_rule,34
Divanna Diva081,di gojek enk bnr jir naek motor pling murah juga mobil  mw nngss murah bgt njay mna klo tf atau topup gaada biaya admin we love you GOJEK 33,5,2024-01-26 09:48:16,4.81.2,positive,rating_rule,140
Richa Ayu Ramadhani,Paketnya ayam bakarnya enak mantul pokoknya,5,2024-01-26 09:52:36,4.81.2,positive,rating_rule,43
Septian Wibisono,Dh masuk trs keluar sendiri,1,2024-01-26 09:52:51,4.81.2,negative,rating_rule,27
Wardoyo Baedi,Trim,5,2024-01-24 11:11:50,4.81.2,positive,rating_rule,4
Fitri Dyn,Suka bgtt pke ini dr 2015,5,2024-01-26 10:05:25,4.81.2,positive,rating_rule,25
Mr.Master B_Andhika,Knp yah klo driver telpon ke saya gak ada pilihan buat ngangkat tlpnya Cuma bunyi doang,5,2024-01-26 10:13:53,4.81.2,positive,rating_rule,87
Risan Gunawan,Setiap laporan masalah tidak pernah selesai sma CS nya PAYAH  Apa harus lapor ke media konsumen Apalagi masalah Cashback dan makanan tidak sesuai pasti ga pernah selesai masalahnya Tolong perbaiki lagi layanan anda terutama untuk Cs nya ga pernah menyelesaikan masalah binggung harus buat laporan seperti apa lagi supaya ditanggepin masalahnya,1,2024-01-24 11:01:39,4.81.2,negative,rating_rule,343
Fatmalia Lia,Apk ini bagus sangat membantu,5,2024-01-26 10:21:39,4.81.2,positive,rating_rule,29
rizka mawarida,Aneh pake paylater gojek juga gapernah telat bayar Kemarin bayar paylater langsung diblokir Lol,2,2024-01-26 10:22:57,4.81.2,negative,rating_rule,95
Kevi Romeo,Alhamdulillah salama ini gojek selalu mengantarkan saya dengan selamat,5,2024-01-26 10:28:47,4.81.2,positive,rating_rule,70
Destu utari,Makin lemottt pas di buka,1,2024-01-24 10:54:55,4.81.2,negative,rating_rule,25
official channel (aguscatering),Tidak pro siraellgbtkarya anak negeri,5,2024-01-26 10:51:37,4.81.2,positive,rating_rule,37
Wahono Sumasto,Aplikasi GoJek sangat bagus dan menarik Berguna untuk keperluan seharihari,5,2024-01-24 11:52:30,4.81.2,positive,rating_rule,74
Dari Atjeh Adi,ini kenapa gopaylater saya tidak bisa digunakan padahal sudah dapat limit sampai 21 juta kan sayang ngak bis pakai,1,2024-01-26 07:25:42,4.81.2,negative,rating_rule,114
Eriss Maulidya,ribet harus je shelter terdekat dlu kalau mau jemput drivernya ga ramah,1,2024-01-26 07:11:09,4.81.2,negative,rating_rule,71
Nata Ketut,Goridenya bagus,3,2024-01-26 04:44:51,4.81.2,neutral,rating_rule,15
Hakim Said,Mahal diongkos,1,2024-01-24 12:58:31,4.81.2,negative,rating_rule,14
Oppo A16,Gopay hilangpusat bantuan gk ngebantu sama sekali dari pagi di tungguin gak balik tu gopay,1,2024-01-26 04:53:38,4.81.2,negative,rating_rule,90
Anisa Anisa Sri maharani,makin di updte makin parahbaru aja buka aplikasi malah keluar balik ga jelas banget,1,2024-01-26 05:11:31,4.81.2,negative,rating_rule,83
sahala sinaga,Sudah baikditingkatkan lagi pelayanannya baik driver sistem dan cs nya,5,2024-01-26 05:19:27,4.81.2,positive,rating_rule,70
Rida Super,Kurang simpel dan rumit cara memesan di aplikasi  Sinyal bagus tapi katanya jaringan eror,1,2024-01-24 12:47:13,4.81.2,negative,rating_rule,89
Chris Shuo (Notorious Hustler),Bancaan GoPayLater tidak bisa dilunaskan sewaktu kita inginkan selalu bisanya bulan depan tgl 15 Pas mau bayar uang hasil buat bayar GoPayLater lari kepada kebutuhan Parah,1,2024-01-26 05:26:32,4.81.2,negative,rating_rule,171
Jonathan Evon,Ini aplikasi ada2 aja drama nya tiba2 gopaylater di blokir laporan aja ga ada tanggapan help donk,2,2024-01-24 12:43:04,4.81.2,negative,rating_rule,97
Risman Faizal,Gojek apk nya jelek banget sekarang masa pin gopay saya salah terus udah ganti pin berapa kali gak bisa bisa walaupun bacaannya berhasil Gimana sih ini pake akun punya sendiri aja di ribed ribed,1,2024-01-24 12:38:30,4.81.2,negative,rating_rule,194
Rudi ansyah,Gotik apakah tak ada lagi,4,2024-01-26 05:40:17,4.81.2,positive,rating_rule,25
M Rofiq,Ggak jelas apk nya udah isi gopay 50 k saldo nya ilang gara akun gak ke pake 3 bulan pas udah selesau verifikasi saldo ilang,1,2024-01-26 07:05:21,4.81.2,negative,rating_rule,124
RZ RENY,Hello saya pengguna baru langganan plus gimana caranya saya pakai plus gofood saya sudah membeli langganan plus,2,2024-01-26 05:44:11,4.81.2,negative,rating_rule,111
Ratih Puspitasari,Aplikasi yg memudahkan hidup,5,2024-01-26 05:48:15,4.81.2,positive,rating_rule,28
Zahra Rahimah,Mantapcepat tanggap dgn konsumen,5,2024-01-26 05:53:07,4.81.2,positive,rating_rule,32
Iskandar Samaullah,Pas,5,2024-01-24 12:15:34,4.81.2,positive,rating_rule,3
Azka Ajah,sangat2 bagus kalau byk diskon hehe,5,2024-01-26 06:37:56,4.81.2,positive,rating_rule,35
Sabda Wahyudi,Sistem gojek sekarang parah tidak seperti dulu,1,2024-01-26 06:38:06,4.81.2,negative,rating_rule,46
Hesty Harsono87,Good luck,5,2024-01-26 06:43:36,4.81.2,positive,rating_rule,9
Nuya 22,Go tiket ilang kemana min,1,2024-01-24 12:03:36,4.81.2,negative,rating_rule,25
Lucky IP,Ntap,5,2024-01-26 07:00:50,4.81.2,positive,rating_rule,4
shobung tambhena,Sangat memuaskan,5,2024-01-24 18:00:27,4.81.2,positive,rating_rule,16
Sujana Arif,Aplikasi tolol,1,2024-01-27 15:05:33,4.81.2,negative,rating_rule,14
yudika simorangkir,Kren,5,2024-01-25 10:25:40,4.81.2,positive,rating_rule,4
Arifuddin unjung Arif,Baguz,4,2024-01-25 02:53:20,4.81.2,positive,rating_rule,5
Rifaldi Anwar,Memudahkan segalanya,5,2024-01-25 02:52:30,4.81.2,positive,rating_rule,20
Blue Kit,Good Job,5,2024-01-25 02:45:19,4.81.2,positive,rating_rule,8
Ari babang,good,5,2024-01-25 02:44:13,4.81.2,positive,rating_rule,4
Rita Fera,Nyaman dan banyak promonya,5,2024-01-25 02:37:58,4.81.2,positive,rating_rule,26
Next Blast,Haha malah di blokir GOPAY latter nya ngakak bayar ga pernah telat tiba2 di blokir ampas,1,2024-01-25 02:33:16,4.81.2,negative,rating_rule,88
Mulyana Josie,Padahal saya pelanggan setiap tapi tiba semua promo besar jadi hilang padahal di akun teman saya ada Chat juga tidak ditanggapi,1,2024-01-25 09:04:18,4.81.2,negative,rating_rule,127
roni setiawan,Aplikasi nya makin kacau tiap buka ke beranda selalu nge bug atau kembali sendiri padahal sinyal bagus,2,2024-01-25 09:07:44,4.81.2,negative,rating_rule,102
Bharbara Nilam,Aplikasinya sangat apik sekaliibisa membuat aktivitas lebih mudah dengan adanya gojek Tapi terkadang ada sedikit kendala yang terjadi Tapi untung nya sudah teratasi Terimakasih gojek,5,2024-01-25 09:10:04,4.81.2,positive,rating_rule,182
Christine Natalia,harga lebih mahal dan driver gojek selalu cancel perjalanan,1,2024-01-25 02:06:25,4.81.2,negative,rating_rule,59
Rezki Damaikal,Aplikasi ini sangat bagus,5,2024-01-25 09:18:35,4.81.2,positive,rating_rule,25
Nabilradityanugraha Nugraha,Email saya tidak bisa masuk,1,2024-01-25 09:29:54,4.81.2,negative,rating_rule,27
Akhmad Nadirin,Semua transaksi bisa dilakukan Lewat Group GoTo Mantap,5,2024-01-25 01:40:01,4.81.2,positive,rating_rule,54
Eri Triansyah,Pelayanannya sangat baik dan semoga lebih ditingkatkan lagi Klo bisa pakai atribut jaket sesuai aplikator dan memakai pakaian yg rapi serta sepatu Terima kasih,5,2024-01-25 09:34:21,4.81.2,positive,rating_rule,159
Uyock Baba,Saya kasih bintang 5 tp tolong dong knp kalo buka apk gojek selalu keluar sendiri dari apk saya mau bepergian pake gojek jd gk bisa mohon bantuannya Terima kasih,5,2024-01-25 10:00:52,4.81.2,positive,rating_rule,161
Salma Salma,Aku kasih Bintang 3 karna tidak ada saldo gratis,3,2024-01-25 10:06:23,4.81.2,neutral,rating_rule,48
Noey Nurhayati (Waroeng Bunda Noey),Transportasi yg mudah dan cepat saat di urgent,5,2024-01-25 01:07:56,4.81.2,positive,rating_rule,46
Jms JRG,Sangat membantu Terima kasih,5,2024-01-25 02:54:38,4.81.2,positive,rating_rule,28
Anang Firmansya,Jos,5,2024-01-25 05:28:10,4.81.2,positive,rating_rule,3
Mirah tapi Raos,Baguus,5,2024-01-25 05:04:26,4.81.2,positive,rating_rule,6
polkadot channel,gopaylater saya gak bisa di gunakan tiba tibasedangkan limit tersediamakin gak jelas,2,2024-01-25 05:00:32,4.81.2,negative,rating_rule,84
ical megow,Gosend layanan abal2 ksh promo plat 10 K tapi driver nolak berkali2lain kali gak usah bikin promo yg drivernya gak mau kerjasamamonyet,1,2024-01-25 04:58:23,4.81.2,negative,rating_rule,134
Sisy Ulandari,Gojek makin oke,5,2024-01-25 05:48:17,4.81.2,positive,rating_rule,15
Hardiyanto,Limit gopay later sekarang makin kecil denda keterlambatan untuk 1 hari sebesar 50K limit gabisa dipakai untuk beli pulsadata  bagus yang sebelumnya Limit besar denda keterlambatan untuk 1 hari cuma 2K limit bisa dipakai untuk isi pulsadata,1,2024-01-25 05:54:52,4.81.2,negative,rating_rule,240
wahyu sri rochmani,Baik dan cepat layanannya,4,2024-01-25 04:37:49,4.81.2,positive,rating_rule,25
nawang anggun,Bagussss,4,2024-01-25 06:19:30,4.81.2,positive,rating_rule,8
jesika merry christina zebua,Aplikasi gak bisa di buka,1,2024-01-25 04:13:27,4.81.2,negative,rating_rule,25
Moh Sani,Gojek terbaik soalnya,5,2024-01-25 07:54:47,4.81.2,positive,rating_rule,21
Reli Syahputra,Bagusaman dan nyamanserta drivernya bagus Serasa diantar bpk sendiri,5,2024-01-25 04:10:27,4.81.2,positive,rating_rule,68
Grace leen,Saya bingung sering pakai tpi mengecewakanpesen makanan sudh diambil 30 menit lalu dichat dan telp driver ga ada respon aplikasi error Saya dirugikan pesanan lama pdhal nambah uang buat segera smpaiperbaiki sistemnya jawabnya juga lama sekali bantuan bad,1,2024-01-25 07:02:30,4.81.2,negative,rating_rule,254
yuni wulandari,Sllu puas pakai gojek,5,2024-01-25 07:16:43,4.81.2,positive,rating_rule,21
Hendrik Sumampouw,Gojek semakin terdepancepataman  terjangkauTOP,5,2024-01-25 07:19:33,4.81.2,positive,rating_rule,46
Dirista Rikadika,Paylater terparah tiba2 gopaylater sy terblokir padahal bayar tepat waktu setelah melakukan pembayaran eh malah akun terblokir ada limit 3 jt gk bs kepake logika nya aneh,1,2024-01-25 07:23:49,4.81.2,negative,rating_rule,170
Fristy Anita,Aplikasinya susah dibuka eror terus kecewa,1,2024-01-25 07:25:18,4.81.2,negative,rating_rule,42
Gibran Muhammad,Mantap dah,5,2024-01-25 03:52:05,4.81.2,positive,rating_rule,10
Limatul Arofah,Knpa gopaylater saya gk bisa di pake percuma ada limit nya,5,2024-01-25 03:41:25,4.81.2,positive,rating_rule,58
Febrianti Anastasia,Membantu sekali dlm pengiriman usaha kecil kami yg berada di 2 lokasi yg lumayan cukup jauh antara rumah store 1  store 2,5,2024-01-25 10:22:21,4.81.2,positive,rating_rule,121
Aku aku,baik santai dan halus,5,2024-01-25 10:28:46,4.81.2,positive,rating_rule,21
Danu Oon,saran buat gojek nih ya tolong dong di ada in seluruh Indonesia biar enak perjalanan nya,2,2024-01-25 17:36:05,4.81.2,negative,rating_rule,88
Kei Cia,DUIT HILANG,1,2024-01-25 10:41:48,4.81.2,negative,rating_rule,11
Indra MS,Sudah nyoba berkali kali gopaylatter  gopay pinjam selalu gagal trus knp sih gajelas,1,2024-01-25 13:37:48,4.81.2,negative,rating_rule,84
Ellia C. Putri,Amanah,5,2024-01-24 23:24:51,4.81.2,positive,rating_rule,6
Anwar Makmur,Kadang lama datang nya,4,2024-01-25 14:01:35,4.81.2,positive,rating_rule,22
Fris Ka,Sngt baik se cuma sdikt hrus di perbaikim sja,4,2024-01-25 14:08:29,4.81.2,positive,rating_rule,45
Ibun baqir,Yg penting drivernya ramah dan sabar aja sih udah oke,4,2024-01-24 22:51:51,4.81.2,positive,rating_rule,53
MARIO YULI,3 menit golek sama Dengan 45 menit,2,2024-01-25 14:19:05,4.81.2,negative,rating_rule,34
mael aja,Lebih cepat respon aplikasinya,5,2024-01-24 20:12:37,4.81.2,positive,rating_rule,30
Suparno Parno,Aplikasi gojekny gak bisa di buka,5,2024-01-25 14:32:28,4.81.2,positive,rating_rule,33
MRamadhanM,Wokeee,5,2024-01-25 14:40:01,4.81.2,positive,rating_rule,6
Thomas Deky,Urusan perjalanan dan pengiriman jd mudahterima kasih gojek,5,2024-01-25 14:41:07,4.81.2,positive,rating_rule,59
M Syaifudin,Sangat membantu masyarakat Indonesia,5,2024-01-24 19:09:15,4.81.2,positive,rating_rule,36
Benny Irawan,Call center dengan tarif mahal,1,2024-01-25 14:50:23,4.81.2,negative,rating_rule,30
Desiana Intansari,Cukup puas,4,2024-01-25 15:24:48,4.81.2,positive,rating_rule,10
Rizal Ariyanto,Tolong di perbaiki ya Banyak laporan customer kalau aplikasi dari gojekselalu mencari Dreverdan juga aplikasi sayasudah saya ondari gojek nya bilang anda tidak sedang onoff,1,2024-01-25 15:27:06,4.81.2,negative,rating_rule,172
Pudin Pudin,Sayang teman,5,2024-01-24 18:44:04,4.81.2,positive,rating_rule,12
Argya Reswara,Tiap top up pake di tanya pake perangkat lain Isi nunggu kode otp yang ga masuk,1,2024-01-25 15:35:41,4.81.2,negative,rating_rule,79
Lailatul Zulfah,Atw sx3xca,2,2024-01-25 15:48:54,4.81.2,negative,rating_rule,10
Windi Lestari,Mau membatalkan pesanan eh malah suruh chat sama CS bot udah berkali2 ngajuin pembatalan tapi ngga dihubung2kan dengan CS manusia akun resto fake dan clonning restonya mah ada tapi akun yg saya order itu clonningan dr orang tak bertanggung jawab gimana cara jelasinnya kalo yang saya hadapi CS bot Nggak ada dana buat bayar admin CS,1,2024-01-25 16:38:13,4.81.2,negative,rating_rule,332
Handri Yanto,Aneh sama aplikasi gojek kalau setiap jam 3 pagi dpt driver jauh  jauh,1,2024-01-24 18:30:32,4.81.2,negative,rating_rule,70
Aditya umar Mubaroq,Fitur top up selalu eror tolong dong di perbaiki,3,2024-01-25 17:25:21,4.81.2,neutral,rating_rule,48
riyash ok,Semakin lama semakin aneh Udah ga ada sama sekali promo di aplikasi ku udah coba nanya ke CS malah bot yg jawab,1,2024-01-25 13:27:33,4.81.2,negative,rating_rule,111
Acep Somantri,Tiap chat driver atau restoran selalu ceklis satupadahal sinyal bagus,2,2024-01-25 13:24:51,4.81.2,negative,rating_rule,69
apip muliawan,Best app ever sangat membantu disaat lapar,5,2024-01-25 13:20:33,4.81.2,positive,rating_rule,42
Abdul Basyir,Saya lagi cari driver padahal di peta ada driver gocar dekat tp kok tetap ga dapetdapet driver seharusnya driver yang dekat dengan saya merespon,1,2024-01-25 11:25:16,4.81.2,negative,rating_rule,144
SAMSINAR S,tidak bisa meng cancel pesanan padahal resto yang tutup kasian driver nya sudah ter ganti,1,2024-01-25 10:42:34,4.81.2,negative,rating_rule,89
Sams BGR,Minim promo gofood nya kebanyakan bersyarat Kalah sama aplikasi si orange food,2,2024-01-25 10:43:49,4.81.2,negative,rating_rule,78
Dyah Mulyadi,Pesen gofood prosedurnya rumit dan lamamengabari restoresto menyiapkan pesananproses nya ada 30 menit habis itu nyari drivertotal bisa 1 jam an meski jarak rsto cuma 100 m kalau kamu bilang ini demi peningkatan kualitas layanan itu bohong besarkenyataannya siap siap kehilangam costumer karena orang pesen gojek karena pengem praktis kalau prosedurnya rumit dan lama mending datang langsung ke warung paham nggaksiap siap ditinggal apk sebelah yg masih pakaincara lama tapi cepet,2,2024-01-25 10:44:24,4.81.2,negative,rating_rule,479
a. kurnia,kan baru saya instal apl nyaa kok ada tulisan apl eror kakkk udah 3 kali ttp apl eror,1,2024-01-25 10:49:29,4.81.2,negative,rating_rule,85
Anjasmara dk,Saya driver Gojek saya mengeluh orderan yg saya dapat sulit sekali dalam 1 minggu saya cuma dapat 1 order Bagaimana ini Sejak pembaruan dimana sistem saldo dijadikan 1 yaitu Gopay saja,5,2024-01-25 10:50:19,4.81.2,positive,rating_rule,184
Lusiana Aisyah,Mantap driver ramah,5,2024-01-25 10:59:27,4.81.2,positive,rating_rule,19
Nawa ardia,Sangat bagus,5,2024-01-25 11:05:22,4.81.2,positive,rating_rule,12
Azura Nanda Lutfiah,Kenapa setelah nambah limitsekarang malah gomart ku ga bisa pake paylater yaaada yg tau kenapa solusinya donk kakak,3,2024-01-25 11:08:10,4.81.2,neutral,rating_rule,115
poho deui,Tiap kali transaksi selalu muncul oops ada sedikit gangguan mau komplain gaada livechat isinya panduan semua gaada solusi,1,2024-01-25 00:45:36,4.81.2,negative,rating_rule,121
NABILAH ZAKIYYAH,Baguss bgt tapi apa harus pake otp hrsnya pin kode aja,5,2024-01-25 13:07:37,4.81.2,positive,rating_rule,54
Yogia Sembiring,Sederhana dan Mudah dipahami,5,2024-01-25 00:35:13,4.81.2,positive,rating_rule,28
Fitriasari Slamet,Sejauh ini sgt membantu,5,2024-01-25 12:04:59,4.81.2,positive,rating_rule,23
oni tahroni,Saya kasih 5 lagi,5,2024-01-25 12:11:06,4.81.2,positive,rating_rule,17
Imanuel Aska,Kenapa saya mau ganti nomor selalu tidak bisa,2,2024-01-25 12:16:30,4.81.2,negative,rating_rule,45
Santy Rahmi,THE BEST,5,2024-01-26 10:59:06,4.81.2,positive,rating_rule,8
Vinn,Haduhhh Ini Aplikasi Bukannya Bikin Enak Malah Makin Susah Masalah Terdapat Pada PIN Baru Pertama Kali Coba Dibilang Terlalu Banyak Mencoba Padahal Baru Pertama Kali Coba Loh Haduhhhh,3,2024-01-24 10:43:04,4.81.2,neutral,rating_rule,183
Diah Anggraini Novitasari,mantab,5,2024-01-26 11:04:40,4.81.2,positive,rating_rule,6
Tati Masnawati,Bagus sih cuman agak jauh2 nyari driver nya,3,2024-01-27 09:34:20,4.81.2,neutral,rating_rule,43
sabungan gultom,Bagustingkatkan lagi,4,2024-01-24 05:06:34,4.81.2,positive,rating_rule,20
Jeremia Glen Fransiskus Samosir,Apk aneh driver songong Udah gitu kalo hujan lama bgt nyarinya,1,2024-01-27 06:45:40,4.81.2,negative,rating_rule,62
Rian Rusyadi,driver 5000 nyebelin emank bukan pake akun ini ordernya tapi kan ngeselinminta tips koq maksa pengemis aja ga segitunya,1,2024-01-24 04:47:53,4.81.2,negative,rating_rule,119
Aaron Jason,MENGAPA PUNYA SAYA GABISA PASANG PROMOGOJEK GAJELASMAU NYA BIAR HEMAT MALAH RUGI,1,2024-01-24 04:44:31,4.81.2,negative,rating_rule,80
Muhammad Furqon,Oke masih bisa dijadikan pilihan,5,2024-01-24 04:31:49,4.81.2,positive,rating_rule,32
Blibli Incubator,APLIKASI RUSAK,1,2024-01-27 06:52:32,4.81.2,negative,rating_rule,14
u'Wuu,APA APANN SAYA IKUT DAN BAYAR PAKAI UANG BUAT DAPATKAN GRATIS ONGKIR MALAH DI GETOK 15RB  KOCAKK SUDAH BAYAR DI SURUH BAYAR LAGI DASAR TIDAK BERGUNA BALIKIN UANG GOFOODPLUS SAYAA,1,2024-01-27 06:53:47,4.81.2,negative,rating_rule,178
Jean Riko Kurniawan Putra,Udah diajukan banding tetap ditolak Ini nomor gak pernah penyalahgunaan aplikasi malah dituduh Fixed kalian memang gak berguna,1,2024-01-27 07:06:19,4.81.2,negative,rating_rule,126
ff.chocoby_30,Alhamdulilah semenjak pake apk gojek gada kendala di apk maupun ojol nyakarena lamcar semua dan thebest bgt sii semoga makin sukses apk gojekAamiin ojol nya ramah bgt stiap mesen ga kea di apk sebelah,5,2024-01-27 07:17:56,4.81.2,positive,rating_rule,200
Nur Hayani,Tepat waktu,5,2024-01-27 07:18:38,4.81.2,positive,rating_rule,11
Ngkongs Soedakhtjoekoep,Suka,5,2024-01-24 04:03:49,4.81.2,positive,rating_rule,4
MULYADI,Sudah ada fitur gopay later  gopay pinjam nya Aplikasi gojek Keren ada kemajuan Fiturfiturnya benarbenar bermanfaat,5,2024-01-27 07:44:25,4.81.2,positive,rating_rule,115
dims wick,Gosendnya busukkk,2,2024-01-27 08:03:04,4.81.2,negative,rating_rule,17
MUHAMAD ANANDA,Masalah teroecahkan,5,2024-01-27 08:06:35,4.81.2,positive,rating_rule,19
Didi Dewantara,Mana promonya niy saya pelanggan go ride,1,2024-01-27 08:14:27,4.81.2,negative,rating_rule,40
Amel Lia,Tiba2 gopay later gua di blokir pdhl gk prnh tlt byr mnding uninstall aja,1,2024-01-27 08:24:27,4.81.2,negative,rating_rule,73
Adi Pky,Topjods,5,2024-01-27 08:26:36,4.81.2,positive,rating_rule,7
sandrina biyanka,Ga jelas main blokir sepihak,1,2024-01-24 03:45:48,4.81.2,negative,rating_rule,28
Mr Blue Dendy,puas,5,2024-01-27 09:25:15,4.81.2,positive,rating_rule,4
Sartono SPL,Sejak GoPay aplikasi tersendiri disitulah terasa sulit jangan ganti manajemenpimpinan ganti pula kebijakan seperti kementerian pendidikan bae kebijakan gonta ganti,1,2024-01-24 05:07:32,4.81.2,negative,rating_rule,163
dian purnama,exellent,5,2024-01-27 06:32:08,4.81.2,positive,rating_rule,8
"Nurlaili, S.Pd.I",Kenapa setelah update saya tidak bisa mengkoneksikan my Telkomsel ke gojek untuk isi pulsa padahal sebelum update aplikasi selalu lancar sekali Ini setiap terhubung ditulis sinyal internet saya offline padahal online dan sinyal sangat kuat Setelah coba berkali kali malah semakin tidak bisa Tolong diperhatikan lagi Kalau begini percuma saya isi saldo gopay Karena saya hanya memakai untuk pembayaran saja untuk transportasi tidak terlalu saya butuhkan disini karena daerah kami belum ada gojek,1,2024-01-27 06:28:49,4.81.2,negative,rating_rule,494
balbod agustiati,Draovernya ramah,5,2024-01-27 04:32:36,4.81.2,positive,rating_rule,16
Pengguna Google,saya baru saja memasukkan promo GORIDEAJA dan disitu tertulis kalau voucher saya dapat digunakan dan ketika sy membuka halaman voucher tidak ada voucher goride yg muncul,1,2024-01-27 04:38:29,4.81.2,negative,rating_rule,169
danial kurniawan,Susah mau upgrade ke gopay plus nya,3,2024-01-27 04:46:28,4.81.2,neutral,rating_rule,35
Abi Manggis,Memuaskan,4,2024-01-27 04:53:52,4.81.2,positive,rating_rule,9
Putri Tatalia,Memnudahkan dlm berkendara,5,2024-01-24 06:21:46,4.81.2,positive,rating_rule,26
Irgi Farisi 04,Lama dapet driver lol,1,2024-01-27 05:09:41,4.81.2,negative,rating_rule,21
Hanan A S,Matap,5,2024-01-27 05:15:47,4.81.2,positive,rating_rule,5
Widya Sofyanti,Terimakasih layanannya cepat n murah,5,2024-01-27 05:28:33,4.81.2,positive,rating_rule,36
Aditama Channel,njumumnngumumin iuu,3,2024-01-24 06:16:06,4.81.2,neutral,rating_rule,19
The One,The best,5,2024-01-24 06:13:38,4.81.2,positive,rating_rule,8
Murtasia Sia,Hu 6y,5,2024-01-27 05:48:12,4.81.2,positive,rating_rule,5
Mai 555,Buruk susah sinyal selalu,1,2024-01-24 05:53:55,4.81.2,negative,rating_rule,25
Yogi Punya,semakin buruk lama lama kenapa di berikan driver jauh tidak yang terdekat,1,2024-01-27 06:01:58,4.81.2,negative,rating_rule,73
rudi Otreh,mantap cepat,5,2024-01-27 06:08:00,4.81.2,positive,rating_rule,12
sinar bulan,Makin jelekdi update mlh gak bisa di buka,1,2024-01-27 06:11:27,4.81.2,negative,rating_rule,41
victor pratama,Gampang dan mudah di gunakan,5,2024-01-27 06:13:28,4.81.2,positive,rating_rule,28
uptppd kasongan,sangat membantu transportasi,5,2024-01-27 06:14:06,4.81.2,positive,rating_rule,28
Adil Ditor,Pada tanggal 23 kemarin saya mebatalkan pesanan ojek tapi saldo saya tidak kembali,1,2024-01-24 03:31:19,4.81.2,negative,rating_rule,82
Sitti Kiki Fatmawati,Mohon lebih di optimalkan susah buka aplikasinya,3,2024-01-24 03:21:37,4.81.2,neutral,rating_rule,48
Awinyam Hulu,sangat membantu sekali,5,2024-01-27 12:53:07,4.81.2,positive,rating_rule,22
Egi S. Pratomo,Buka gojek app lazy load terusss berasa ga terkoneksi internet di waktu yg sama pake grab aman Aja Udah pake gojek versi terbaru,1,2024-01-27 12:56:31,4.81.2,negative,rating_rule,128
Mila Nurmalasari,banyak promo nya memudahkan jajan bagi kaum rebahan,5,2024-01-27 13:15:01,4.81.2,positive,rating_rule,51
Wati,Aplikasi nya sejauh ini nyaman cuma saya sarankan buka cabang di beberapa kota Indonesia bagian timur juga seperti Flores pasti langsung melejit pengguna yang mendownload aplikasi ini,4,2024-01-24 00:48:40,4.81.2,positive,rating_rule,183
Agus maryono,Mudah murah cepat  selamat,5,2024-01-24 00:47:53,4.81.2,positive,rating_rule,26
Angga Soni,maksih gojek,5,2024-01-27 13:34:04,4.81.2,positive,rating_rule,12
neisya olivian,kenapa stlh update jd susah untuk menyesuaikan titik jemput,2,2024-01-27 14:00:18,4.81.2,negative,rating_rule,59
Bunda HilmaDheera,saya sangat terganggu dengan iklan yg timbul dari aplikasi GOJEK di hape bahkan saat saya sedang menulis pesan atau sedang menelpon tibatiba iklan muncul sehingga pekerjaan saya jadi terkendala Padahal sebelumnya saya sangat terbantu dengan gojek baik untuk go ride go food atau go Mart,2,2024-01-27 14:11:42,4.81.2,negative,rating_rule,286
Mega Sir,Saya gak bisa mengakses gopay tabungan padahal sudah daftar tahu2 layar putih gak nunjukin apa2,1,2024-01-27 14:15:45,4.81.2,negative,rating_rule,95
Muhammad Mustofa,Setiap pesan goride atau gofood selalu aja titik lokasi saya sulit ditemukan oleh driver pdahal klau pesan memakai lokasi yg tertera dg titik kordinat,1,2024-01-27 14:17:24,4.81.2,negative,rating_rule,150
Tatang joe property,Gojek mantap,4,2024-01-27 14:20:59,4.81.2,positive,rating_rule,12
Muzammil,Kirim saldo gopay terkirim 2x gara di aplikasi ada notifikasi yah internet kamu mati setelah klik ulangicoba lagi ternyata saldo sukses terkirim 2x padahal internet saya baik saja di aplikasi dana dan aplikasi lain gak ada notifikasi kaya gitu setelah di komplain katanya kesalahan saya dan saldo tidak bisa kembali tapi saya ga mau klau itu dibilang kesalahan saya anehnya lg klo memang internet saya mati kenapa saldo terkirim  berarti kesalahan aplikasi dong bukan salah saya,1,2024-01-24 00:44:12,4.81.2,negative,rating_rule,478
Herru Juliadi,Pakai Gojek urusan jadi mudah,5,2024-01-27 14:30:52,4.81.2,positive,rating_rule,29
Novitas,Mehong,3,2024-01-27 14:44:47,4.81.2,neutral,rating_rule,6
Beng Oki,Pengemudinya lelet sering cancel se enak jidat dari pihak pengemudinya sendiri kalau sudah nunggu lama Nyesel pakai gojek Kerja sering telat gara2 nunggu pengemudi ampe lama banget,1,2024-01-27 14:51:12,4.81.2,negative,rating_rule,180
Indra Wirawan,Kasi saya diskon makanan 50 Kan saya d suruh milih vocer Aku tunggu kbr baiknya Semua resto rata Ok2,1,2024-01-27 15:01:57,4.81.2,negative,rating_rule,100
afdal Yusran,Mantul,5,2024-01-27 15:02:05,4.81.2,positive,rating_rule,6
32_Shafira cinta.L,Pelayanan makin lama makin buruk Semakin d update semakin buruk yg bener aja Rugi Padahal dulu bagus skrg gini Speechless asli G lagi make,1,2024-01-27 12:49:38,4.81.2,negative,rating_rule,138
09 bejo jaya,Kecewa pesan Gocar mulai 04 47 sekarang TIDAK ADA Jawaban,2,2024-01-24 01:41:39,4.81.2,negative,rating_rule,57
andini damayanti,Sangat membantu disaat mager nyetir beli makan atau bepergian,5,2024-01-27 10:13:50,4.81.2,positive,rating_rule,61
yeslia liviajen,Pelanggan YthTagihan GoPay Later 252552 dari MAB sdh jatuh tempoBiaya denda 50rb akan dibebankan besok jika tdk ada pembayaranAbaikan bila sdh bayar Makin kesini saya kurang sreek sama pelayanan nya Sudah seperti depcolector aja kata2 nya Emang saya pernah Bayar Telat Dan orang Gajian Tanggal 1  3 dikira Gajian Indot gajian tgl 28 besok2 aku selesai kan gopaylater lah Dan gak mau pake lagi  Dan tolong limit nya kalau gak diminta gak usah dinaikin,3,2024-01-27 10:36:43,4.81.2,neutral,rating_rule,450
P K,Aneh banget fitur pilih foto dari galeri yg simbol  kadang muncul kadang enggak kalau lagi chat driver gofood Padahal itu fitur penting Aplikasi juga udah diupdate ke yg terbaru Ini yg salah siapa,2,2024-01-27 10:40:30,4.81.2,negative,rating_rule,196
Dhaniia Putri,Bagusss,5,2024-01-27 10:57:17,4.81.2,positive,rating_rule,7
Rosdiana 2024,Sangat membantu saya saat ada keperluan berpergianterimakasihgojek,5,2024-01-27 11:01:49,4.81.2,positive,rating_rule,66
Kuntoro Abdillah,Pedaeh urung di update dadi kayong jail meng drivere lokasine ngawur padahal wes karo gps urip jan,4,2024-01-24 02:20:56,4.81.2,positive,rating_rule,98
Muhammad Yamin,Banjir vc diskon,5,2024-01-27 11:37:59,4.81.2,positive,rating_rule,16
bow's,makannya enak enakharga murahbakal jadi langganan sih ini,5,2024-01-27 12:35:08,4.81.2,positive,rating_rule,57
Ayam Goyeng,Baikkkkkkk mantap joss,5,2024-01-24 01:34:57,4.81.2,positive,rating_rule,22
Lili Lili,Apa aja semakin mudah dgn aplikasi ini,5,2024-01-27 11:43:51,4.81.2,positive,rating_rule,38
Dani Rizky,Memberikan tarif harga yang terjangkau,5,2024-01-29 12:30:49,4.81.2,positive,rating_rule,38
Hendi Purnomo,ak update malah gak bisa di buka kenapa,5,2024-01-27 12:16:15,4.81.2,positive,rating_rule,39
Ciky,Jelek,1,2024-01-27 12:21:21,4.81.2,negative,rating_rule,5
Mesakh R. Bailaen,Mantap deh,5,2024-01-24 01:18:55,4.81.2,positive,rating_rule,10
Agus Kusmawan,Tagihan nov tererlambat udah dibayar berikut denda di bulan sesember tagihan bulan Desember dibayar Udah ada pemberitahuan pembayaran yg japo ditgl 1 feb tapi gopayleter masih diblokir Systemnya MAB buat saya bingung ga kayak si oyen wl bayar telat tapi ga lama udah dibuka lagi blokir payleternya Nah digopayleter nangih mah nagih yg masih belom japo tapi payleter nya masih aj keblokir,1,2024-01-27 04:30:38,4.81.2,negative,rating_rule,387
Fauzan Faris Hazjiry,Selalu tepat waktu dan ada promo nya byk sekali,5,2024-01-27 04:29:13,4.81.2,positive,rating_rule,47
Adrista Naifa,Aneh bgt gopaylater diblokir tapi limit nambah  uda aktif pengguna lama tba2 blokir aja tanpa keterangan aneh,2,2024-01-27 04:17:09,4.81.2,negative,rating_rule,109
Anni Asroriyah,Kenapa gopaylatter sy tdk bisa digunakan padahal pembayaran sy sudah jelas lancar tdk pernah telat sedikitpun Kecewa sekali sy,1,2024-01-26 13:34:57,4.81.2,negative,rating_rule,126
M Mamad,Bintang yg bicaralaah,5,2024-01-24 09:59:13,4.81.2,positive,rating_rule,21
Eka Rahmadani,Diversi terbaru ini gimana caranya kembalikan akun saya seperti yang lama soalnya saya ada tagihan digojek,1,2024-01-26 13:45:54,4.81.2,negative,rating_rule,106
Haditya Nuralam,Saldo hilang,1,2024-01-26 13:54:07,4.81.2,negative,rating_rule,12
Fahmi Faisal,Lancar Jaya,5,2024-01-26 13:57:10,4.81.2,positive,rating_rule,11
Siajuar chanel,Sampah disuruh updete Begitu di update malah gak bisa dibuka Gak berguna sampah hijau ini,1,2024-01-26 14:15:20,4.81.2,negative,rating_rule,89
Nurfitriana Bin Roesdi,Muncul iklan terus,1,2024-01-26 14:31:31,4.81.2,negative,rating_rule,18
Alika fairus,Oke pelayanannya,5,2024-01-26 14:39:27,4.81.2,positive,rating_rule,16
ILham Maulana,Gopaylatter nya gak bisa di pake padahal g pernah telat bayar sama sekali Kok setelah migrasi antar PT atau penyedia layanannya Malah jadi ke blokir Payah,1,2024-01-26 14:53:40,4.81.2,negative,rating_rule,154
Yunita Qodariah,Aplikasi yang sangata bantu,5,2024-01-24 09:46:06,4.81.2,positive,rating_rule,27
Rohmad Adi Saputra,Algoritma suka eror ada jalan lebih Deket malah di kasih jalan muter jadi lebih mahal ongkir nya mending pindah grab,2,2024-01-24 09:41:15,4.81.2,negative,rating_rule,116
Kelly Lim,Halo developer tolong segera di perbaiki appnya ceritanya tuh saya udh ketik kode promo buat dpt promo Gocargojek nih tpi malah setelah diklik dan dinyatakan berhasil kok malah hilang ya promo ku padahal belum di pakai,2,2024-01-26 15:01:33,4.81.2,negative,rating_rule,218
Mama Rika,Goodjob,5,2024-01-26 15:43:14,4.81.2,positive,rating_rule,7
Hafid Ashari,Tarif bersaing dengan aplikasi serupa,4,2024-01-24 09:34:10,4.81.2,positive,rating_rule,37
Reno Winata,Penyelesaian masalah tidak tanggap,1,2024-01-26 15:51:43,4.81.2,negative,rating_rule,34
Septian Pratama,Gopaylater ku tiba2 di blokir  padahal ngga pernah bermasalah dlm pembayaran,1,2024-01-24 09:22:29,4.81.2,negative,rating_rule,76
Takin Takin,semakin kesini tidak semakin baiktapi semakin burukbahkan menyusahkan,1,2024-01-26 15:55:35,4.81.2,negative,rating_rule,69
Firman Uciha,semenjak update tolol ga jelas bikin ribet mau kemana di arahin kemana makin jauh lagi,1,2024-01-26 16:01:15,4.81.2,negative,rating_rule,86
Dian Febrianti,Ini kenapa setelah di update malah ga bisa di apa2in deh Menyedihkaaan,2,2024-01-24 08:40:15,4.81.2,negative,rating_rule,70
Sis Woyo,Joss,5,2024-01-26 16:16:23,4.81.2,positive,rating_rule,4
SUZANA TRIPLE,Tiba tiba GoPay Latter saya diblokir tanpa pemberitahuan penyebabnya apa padahal bayar tidak pernah telat,1,2024-01-26 13:26:27,4.81.2,negative,rating_rule,105
Ratna Tendry,Aplkasi sejuta,5,2024-01-24 10:01:26,4.81.2,positive,rating_rule,14
Wardoyo Wardoyo,Oke mantap,5,2024-01-24 10:31:13,4.81.2,positive,rating_rule,10
Amirul Ikhsan,Dulu aplikasinya bagus tidak ada bug tapi makin di update makin banyak bug bertebaran kadang suka force close yg paling sering internet mati,1,2024-01-26 11:25:28,4.81.2,negative,rating_rule,140
Sri Wahyuni,Mantap sangat membantu sekali,5,2024-01-24 10:33:49,4.81.2,positive,rating_rule,29
alvaro wibowo,tolong siapin mobil gosend berkapasitas 100kg yg bener jangan muatan 100kg tp yg dateng mobil calya,3,2024-01-26 11:33:32,4.81.2,neutral,rating_rule,99
AGUS TIANTO,GAK GAK LAGI W PAKE NI APK NYUSAHIN DRIVER PILIH KASIH KNTL,1,2024-01-26 11:33:47,4.81.2,negative,rating_rule,59
meilina tri wulandari,Kalau dapat promo nya seneng  wkwkwk,5,2024-01-26 11:37:24,4.81.2,positive,rating_rule,36
sugeng santoso,Drivernya malasgk mau antar penumpang,1,2024-01-26 11:43:44,4.81.2,negative,rating_rule,37
Febry Sutriswanto R,Sangat kecewa sebab tujuan dekat saja driver yg dekat tdk ada yg mau ambil dan ada juga driver posisi jauh sekali,1,2024-01-26 11:45:59,4.81.2,negative,rating_rule,113
Pengguna Google,Sy susah buka aplikasi Gojek ya,5,2024-01-26 12:02:58,4.81.2,positive,rating_rule,31
Yunita Aa,Sangat membantu saya yg memakai niqob dlm urusan belanja apapun,5,2024-01-26 13:16:23,4.81.2,positive,rating_rule,63
sangrilla,oke,5,2024-01-26 12:14:27,4.81.2,positive,rating_rule,3
lkp. han guko,Senangnya halanhalan,5,2024-01-26 12:16:49,4.81.2,positive,rating_rule,20
Justianka Haris,Berguna buat hidup saya,5,2024-01-26 12:27:31,4.81.2,positive,rating_rule,23
Ayu Solechah,Selalu sebel sama driver di go shop selalu pilih pilih oderan Bahkan banyak alesan bukan sekali dua kali tapi sering kaya gini Terus pelayan mereka lama Pada hal saya pakai go shop untuk keadaan darurat seperti beli obat,3,2024-01-26 12:39:47,4.81.2,neutral,rating_rule,220
Achmad Firmansyah,Harganya kok naik ya,1,2024-01-24 10:14:40,4.81.2,negative,rating_rule,20
cinduth keiko,Pesen go food Driver dapat dobel order Saya yg terahir makin lamaa drivernya banyak kannn,1,2024-01-26 12:51:14,4.81.2,negative,rating_rule,89
Adan Dimension,Thats cool,5,2024-01-26 13:05:02,4.81.2,positive,rating_rule,10
Hatta Putra,Pesanan sangat lama sampai sejak ada mode hemat dan driver nya banyak sekali minta tip tambahan karena mereka di bayar 5000 Saya sangat tidak nyaman karena ulah driver anda tiap kali memaksa minta tip tambahan Lebih baik saya pindah ke aplikasi lain Dan semoga costumer kalian pada kabur,1,2024-01-26 16:53:07,4.81.2,negative,rating_rule,287
Kukuh Santosa,Asik,5,2024-01-26 17:50:15,4.81.2,positive,rating_rule,4
Bagus Putra,Gerrrr,5,2024-01-27 02:39:59,4.81.2,positive,rating_rule,6
Giyalut Lagot,drivernya ramah,5,2024-01-27 01:33:45,4.81.2,positive,rating_rule,15
Bayu Kurniawan,TOLONG NOMER CUSTOMER JANGAN DIPRIVASIKASIAN KLO BRNG HRS DIKEMBALIKAN KLO ALAMAT G JLS TOKOPEDIA,1,2024-01-27 01:54:35,4.81.2,negative,rating_rule,97
Rakha Hardian,Kemana mana jadi mudah,5,2024-01-27 01:54:49,4.81.2,positive,rating_rule,22
John Arief,Okehh,5,2024-01-27 01:57:02,4.81.2,positive,rating_rule,5
Ajie GTM,kenapa skrg suka lamaaa banget dapetin driver nya cuss tu app satunya lah,1,2024-01-27 02:01:18,4.81.2,negative,rating_rule,73
Imam,Ok banget,5,2024-01-27 02:09:40,4.81.2,positive,rating_rule,9
rhyann reyan,sekarang saya kasi 2 bintang karena kendala di gopaylater yg sudah bberapa bulan pun belum terselesaikan alasannya sama smua gopaylater tiba d blokir tnpa saya tahu pnyebab pastinya saya pengguna gopaylater yang aktif dan pemakaian selalu wajar dan sangat mengecewakan saat ini tiba gopaylater di blokir,2,2024-01-27 02:16:27,4.81.2,negative,rating_rule,303
Mizi Zal,Datang tepat waktu,5,2024-01-24 06:46:18,4.81.2,positive,rating_rule,18
One Radit915,Bikin susah deiver ngisi saldo,1,2024-01-27 02:41:11,4.81.2,negative,rating_rule,30
soni atmojo,Kenapa susah update Sdh diuninstall mau download lagi muter muter doang prosesnya Padahal RAM msh bnyk,1,2024-01-24 07:18:20,4.81.2,negative,rating_rule,102
Purwadi Iwad,Sangat membantu dalam hal transportasi dan pengiriman paket,5,2024-01-27 02:43:31,4.81.2,positive,rating_rule,59
Leo Dolok,Siiiiip,5,2024-01-27 03:01:47,4.81.2,positive,rating_rule,7
Indah Sari,tapi alamat musholla Miftahul Jannah papanggo titiknya salah,5,2024-01-27 03:18:45,4.81.2,positive,rating_rule,60
Rahmat Ghomat,Rugi banyak gajadi anter tp kepotong gede,1,2024-01-27 03:27:54,4.81.2,negative,rating_rule,41
Putri Nurisma21_,GOPAYLATER TIBA TIBA DI BLOKIR  APK GAK JELAS,1,2024-01-27 03:43:40,4.81.2,negative,rating_rule,45
RNA NA,Maaf knpa sekarang klo pilih titik lokasi slalu geser yah Padahal udh dipas2in sma ttiknya tpi stiap pengiriman tau beda titik sering banget dimrahin sma ojolnya pdhal udh dikasih kterangan jugacatatan patokan alamat kan bingung ya pdhal udh brusaha ssuai ttik tpi sllu sprti itu gmna ini,4,2024-01-27 03:52:22,4.81.2,positive,rating_rule,288
Dini Brown,Saya kecewa dr pertama gojek adasy slalu pake aplikasi ini dan sampai sy dapet paylater besartiba2 terblokir tanpa alasan pdhl pembayaran sy baik Sy tlp CS mereka blg tdk terblokir pdhl di aplikasi tdk bisa Sdh sy tunggu 30 hr dan skrg hrs tunggu lg 30 hr Tp cicilan ttp hrs di bayar Kalo kalian minta kewajiban syya kembali kan hak saya juga Jgn spt ini Setelah gojek berganti ke MAB sy merasa makin ga beres Tolong kembalikan gopaylater saya,1,2024-01-27 03:55:21,4.81.2,negative,rating_rule,443
Rahmadi A,Bug pada jaringan saat mengirim,2,2024-01-27 00:29:57,4.81.2,negative,rating_rule,31
Muhamad fani Maulana,Mau login aja susah benerpas mau masukin email keterangan sudah terdaftar terustapi mau masuk aja gabisaharusnya kalau memang sudah ada email yg terdaftar dipermudah untuk loginini udh gonta ganti email keterangan masih sama email sudah terdaftar,1,2024-01-26 17:59:04,4.81.2,negative,rating_rule,246
JAMES 2,Gua daruraatt woy susah banget nyari mobil,1,2024-01-26 22:12:56,4.81.2,negative,rating_rule,42
Marlin Rita,Bagus tapi malas karena harus update terus,4,2024-01-24 08:29:32,4.81.2,positive,rating_rule,42
andri handriansyah,memudahkan semua,5,2024-01-26 18:51:52,4.81.2,positive,rating_rule,16
TIO SILITONGA,sopan dan sabar,4,2024-01-24 08:14:50,4.81.2,positive,rating_rule,15
MUHAMMAD RAMADHAN,semoga di denger tolong dong kalo bisa customer chat duluan ke resto gak mesti resto yg chat duluan ke customer kalo ada apa2 bingung mau ngubungin resto,2,2024-01-26 19:39:20,4.81.2,negative,rating_rule,153
Tri Widyan,Situ yang bikin pembayaran gagal situ juga yang ngeblokir akun sepihak Bego banget,1,2024-01-26 19:52:07,4.81.2,negative,rating_rule,82
Bantal kusam,Saya kasih bintang 1 aja dulu tar kalo bagus nanti kalo bagus tar saya tambahin,1,2024-01-26 19:53:15,4.81.2,negative,rating_rule,79
Kang Wahid,gojek lebih baik hapus fitur gofood express percuma nambah ongkir tapi pesanan telat terus cuma ngerugiin customer di aplikasi tertulis tepat waktu 35 menit tapi pesanan slalu telat sampainya ini bukan soal rugi beberapa rupiah tapi soal konsisten hasil nya harus sesuai jadi customer ga kecewa,1,2024-01-26 20:21:00,4.81.2,negative,rating_rule,294
Mamet Slast,Gojek indonesia gojek jkte6286,5,2024-01-26 21:04:28,4.81.2,positive,rating_rule,30
Reza 27,Mntab,5,2024-01-24 07:51:30,4.81.2,positive,rating_rule,5
andhika mrachman,Nice one,5,2024-01-24 07:36:08,4.81.2,positive,rating_rule,8
Ani Hanie,kadang suka pusing ya sama driver gojek di daerah kampungku majalaya kalo pesan tuh suka pada gk mau anter bnyk alesan si driver nyakadang suka minta uang lebih dari harga yg tertera,2,2024-01-26 22:30:02,4.81.2,negative,rating_rule,182
Yunita Saptasari,Ya saya senang aplikasi ini Ketika saya lapar saya langsung pencet2 aja dan selalu ada diskon,5,2024-01-26 23:07:25,4.81.2,positive,rating_rule,93
Abu Minarohman,lokasi tidak terdeteksi,5,2024-01-26 23:14:44,4.81.2,positive,rating_rule,23
aditya pratama,Aplikasi yg sangat bagus  dan membantu  trus kembangkan joss,5,2024-01-26 23:34:33,4.81.2,positive,rating_rule,60
nur lela,Udh lama dpt driver ny jauh apk tolol,1,2024-01-26 23:53:05,4.81.2,negative,rating_rule,37
Kuma Bear,Mau mesen Gocar aja lama kali dapatnya Ntah apa,1,2024-01-27 00:09:08,4.81.2,negative,rating_rule,47
Zakii Jackie,Semakin hari bukan semakin berkembang malah menyusahkan customer TELAT BAYAR GOPAYLATER SUDAH DI DENDA BESAR GK MASUK AKAL DI BLOKIR PULA MENDING GK USH DI BAYARLAH gayagaya update dgn pt MAB MAB apaan lah itu ANAK BANGSA DARI HONGKONGGGG,1,2024-01-29 12:26:33,4.81.2,negative,rating_rule,238
Krisna Budiarta,MHKamen set SelMHKamen set Selendang lebih murah  guys Jgn M DDRu UN Rp 300ii000endang lebih murah  guys Jgn Mu UN Rp 300ii000mi,2,2024-01-25 05:16:55,4.81.2,negative,rating_rule,128
Arya Pk,UwU,5,2024-01-31 08:02:47,4.81.2,positive,rating_rule,3
Heny Heny,Rute perjalanan lebih cpt,5,2024-01-31 03:53:18,4.81.2,positive,rating_rule,25
Jaydul 1998,Saya tadi dianterin Abang gojek baik banget,5,2024-01-31 03:36:06,4.81.2,positive,rating_rule,43
Karwati Aprilianti,Bagusdan membantu saya juga banyak promo saat baru baru mendaftar,4,2024-02-01 12:26:35,4.81.2,positive,rating_rule,65
Fenny Febriany,Tibatiba semua promo go food aku ilang semua,2,2024-02-01 12:18:22,4.81.2,negative,rating_rule,44
Anggit Saputra,Apk nga jelas,1,2024-01-31 03:39:20,4.81.2,negative,rating_rule,13
Hendy Setiawan,Kadang pemahaman pemotongan ato diskon masih kurang jelasmungkin lbh spek lg terima kasih,4,2024-01-31 03:45:35,4.81.2,positive,rating_rule,89
Ircham Muhammad,Utk order gojek trs kalau mau bayar cash hrs masuk ke cash nya agak sulit mohon utk dipermudah dlm pilihan itu ya,5,2024-01-31 03:46:58,4.81.2,positive,rating_rule,113
Ervan Rhdiand,Good itu bagus,5,2024-01-31 03:50:02,4.81.2,positive,rating_rule,14
Novita Sari,semenjak update topup jadi lemot ga langsung masuk pending terus bahkan sempet dibatalin dan di refund tapi saldo ga masuk alias saldo dah kepotong tapi uang ga balik,1,2024-01-31 04:02:31,4.81.2,negative,rating_rule,166
Nasrullah Yusuf,drivernya sepi 50 menit nunggu tapi ga dapet driver padahal ga hujan,1,2024-01-31 01:31:06,4.81.2,negative,rating_rule,68
ynwa gaming,0 1,1,2024-01-31 04:08:30,4.81.2,negative,rating_rule,3
Puji Ragil,Senag bersama gojek,3,2024-01-31 04:10:27,4.81.2,neutral,rating_rule,19
Muammar Ramadhan,Driver nya ramah,5,2024-02-01 12:11:30,4.81.2,positive,rating_rule,16
Anton Siregar . SH,Awal gopaylater naik limit cicilan sekarang naik limit boro2 cicilan bayar langsung iya Telat dulu biasa sehari 2rb skrng 50rb perhari Pinjol dah nyebar kemana2 terakhir sudah pakai gopaylater lagi trims,1,2024-01-31 04:12:23,4.81.2,negative,rating_rule,203
Hanif Nurani,Mantap pokonya,5,2024-02-01 12:09:43,4.81.2,positive,rating_rule,14
Mas Ageng Prasetyo,Kenapa gojek berlaku diskriminasi kepada Saya sebagai driver Sehari cuma dikasih 1 order selama bertahuntahun sampai todak ada perubahan apapun Sistem gojek sekarang lebih memprioritaskan akun driver 24 jam nonstop dengan joki kemanan para customer berkurang ini real di lapangan,1,2024-02-01 11:58:56,4.81.2,negative,rating_rule,279
Yuli Susanti,gofood aku kok tbtb gaada fitur promo nya,3,2024-01-31 04:30:10,4.81.2,neutral,rating_rule,41
Rendi High,makin di update malah makin busukada fitur paylater dan pinjam make aja blm pernah malah di blokir bahkan tnpa ada notif k pengguna saran saya mending hapus aja apk nya kalo cuma bikin kecewa penggunafitur live chat aja ga punya bukan bagus malah kaya ampas,1,2024-01-31 03:26:44,4.81.2,negative,rating_rule,257
Janette Tuera,Haloo mau nanya untuk fitur GoMed yg untuk beli obat ke apotik udah nggak ada lagi yah,5,2024-01-31 03:26:15,4.81.2,positive,rating_rule,86
Luh Tithi,SANGAT BAGUS DAN MEMBANTU,5,2024-01-31 03:12:14,4.81.2,positive,rating_rule,25
Hari Budhi Arto,Kenapa gojek sekarang sering keluargk bisa di buka yaaa,1,2024-01-22 12:46:33,4.81.2,negative,rating_rule,55
Mutiara Meisya,aku udah lama pakai aplikasi ini tapi baru rate sekarang pengalaman aku pakai apk ini sih bagus ga lemot banyak diskonnya juga disini,5,2024-01-31 01:41:50,4.81.2,positive,rating_rule,133
uwo nurul Izzati,Aplikasi Anak Bangsa Semoga sejahtera semuanya,5,2024-01-31 01:45:55,4.81.2,positive,rating_rule,46
silfani fauzi,Kok saya mau tf ke bank Tp ga bisa yapdhl udh di upgradetolong dong jngn di persulit Saya mau bayar cicilan,5,2024-01-31 01:48:22,4.81.2,positive,rating_rule,107
Fito Akhmad Erlangga,Mantappppp membantu always,5,2024-01-31 02:07:48,4.81.2,positive,rating_rule,26
Santi Suhardini,Alhamdulillah sdh membantu,5,2024-01-31 02:25:39,4.81.2,positive,rating_rule,26
Rudiana,Tranportasi yg sangat membantu apalagi ada layanan gopay later nya,5,2024-02-01 12:35:41,4.81.2,positive,rating_rule,66
Ari Motorsport,Okbanget,5,2024-01-31 02:42:27,4.81.2,positive,rating_rule,8
Aditya Nugraha,aplikasi sampah,1,2024-01-31 02:57:32,4.81.2,negative,rating_rule,15
MIGAN,Sangat baik dan mendukung,5,2024-02-01 12:27:28,4.81.2,positive,rating_rule,25
Nur Aini,Aplikasi bagus bgt,5,2024-01-31 03:03:08,4.81.2,positive,rating_rule,18
YEFRI ROZA,lebih gampang dan pas mencari titik tujuan,5,2024-01-31 03:03:54,4.81.2,positive,rating_rule,42
Fauzan hilal Najmi,Saldo saya tiba tiba terpotong memang tidak besarTPI untuk posisi saat ini memang cari uang lagi susah apalagi saya seorang driver gojek yg penghasilan nya kecil hanya untuk mencukupi makan saja belum keperluan keluarga kecil saya yg lain nyasaya sudah laporan TPI d sayangkan tidak memecahkan masalah dan respon nya tidak memuaskan,1,2024-01-31 03:09:13,4.81.2,negative,rating_rule,332
Agung Braga,Pelayanan bagustepat waktu,5,2024-02-01 11:58:03,4.81.2,positive,rating_rule,26
Sumedang Tandang,Untuk handphone esia hidayah tidak bisa ter install aplikasi nya,5,2024-01-31 04:40:47,4.81.2,positive,rating_rule,64
Hendi Septoadi,Cepat nyamanlah,4,2024-01-31 06:21:00,4.81.2,positive,rating_rule,15
supri yanto,Kok buka aplikasi goride hilang2 mulu,5,2024-01-31 06:37:36,4.81.2,positive,rating_rule,37
Juniarta barus bre ribuna,Mntap,5,2024-01-31 06:44:59,4.81.2,positive,rating_rule,5
Sekar Dinny Aliyah,Berguna bangt,5,2024-01-31 06:50:14,4.81.2,positive,rating_rule,13
Nursaid Saputra,membantu sekali,5,2024-01-31 06:50:50,4.81.2,positive,rating_rule,15
Sodiq Simpang,Tingkat kan pelayanan dan promo nya,5,2024-01-31 06:54:56,4.81.2,positive,rating_rule,35
Salbini,Makin kesini makin kesonopaylater gak pernah telatgak bisa dipakeskrg malah diblokir paylaterbikin penuh Rom aj nih apkkegunaanya udah gak kaya dulumakin parah,1,2024-01-31 06:59:51,4.81.2,negative,rating_rule,159
Pioneer 20,Terimakasih nyaman Puas,5,2024-02-01 11:15:47,4.81.2,positive,rating_rule,23
Leily Husna,Memudahkan segala urusan,5,2024-01-31 07:05:18,4.81.2,positive,rating_rule,24
Robertus Purnomo,Tengkiu Gojek,5,2024-01-31 07:37:23,4.81.2,positive,rating_rule,13
Henik Istikhomah,Helpfull rocomended,5,2024-01-31 07:41:22,4.81.2,positive,rating_rule,19
Adi Purwantô,Pertahankan dan kembangkan terus nice,5,2024-01-31 07:41:40,4.81.2,positive,rating_rule,37
Nisma,Kenapa alpikasinya susah dibuka skrg ya,5,2024-01-31 07:53:33,4.81.2,positive,rating_rule,39
azmy nadila,oke sihh tapi pas update tuh aku rada ngelag gitu kan terus aku uninstal duluu terus instal lagi eh ternyata voucher nya pada ilang rada kesel sedikit soalnya aku pelajar yg dikasih batas bekel uangg jadi voucher tuh ngebantu banget akuu eh pas di update malah pada ilang,3,2024-02-01 11:12:56,4.81.2,neutral,rating_rule,271
Novi Handayani,Ini gimana sih abis di update malah gk bisa transaksi cuman muter2 aja pdhl wifi kenceng,2,2024-02-01 11:19:07,4.81.2,negative,rating_rule,88
Boncel Laksamana,gojek motor tidak mau bawa 2 anak kalau pergi bawa 2 anak si driver tidak mau bawa atau anter hanya bawa 1 anak sajaz terus anak saya yang satu lagi gimana masa di tinggalaneh peraturannya gk simple,1,2024-01-31 04:42:50,4.81.2,negative,rating_rule,198
Cleobella SM,Saya meminta perubahan akun gopay plus belum dikonfirmasi service nya lambat Harusnya disediakan perubahan Data gopay plus biar pengguna lebih mudah mengaksesmerubah data akun gopay plus nya Kalo begini kan lemot jadinya,1,2024-01-31 06:19:06,4.81.2,negative,rating_rule,220
Wiwin Winarni,Beli paket promo ongkir gofood plus iya si ongkir kelihatan ada diskon tapi biaya ongkir dibebankan ke biaya penanganan Katanya diminta update sudah update masih sama,1,2024-01-22 12:23:54,4.81.2,negative,rating_rule,166
Rini Nur,Awal yg baik,5,2024-01-31 04:54:44,4.81.2,positive,rating_rule,12
Gulam Ramah,Gojek saya di blokir bisa tolong di buka kh,1,2024-02-01 11:49:26,4.81.2,negative,rating_rule,43
Rafi Azis,yaa,5,2024-02-01 11:49:20,4.81.2,positive,rating_rule,3
Irwan Firdaus,Bagus aman buat ngejemput anak sekolah,5,2024-01-31 05:15:21,4.81.2,positive,rating_rule,38
Gusti Fadli,Bravi,5,2024-01-31 05:22:06,4.81.2,positive,rating_rule,5
MD Anthon,Banyakin promonya min,5,2024-02-01 11:41:46,4.81.2,positive,rating_rule,21
Kamil Irman,Bayar Qris Pake Gopay Transaksi Berhasil Tapi Yg Dituju Gak Nerima Duitnya Terpaksa Bayar Tunai Dan Disrankan Lapor Ke Gopaynya Tapi Sampe Sekarang Dana Gak Balik Harusnya Fitur Yg Ada Tu Memudahkan Bukan Menyusahkan Pengguna  Bintang 1 Sampe Dana Balik,1,2024-01-21 02:51:15,4.81.2,negative,rating_rule,253
frans cp cp,Ini gimana aplikasi gojak kerja sama bangk jago malah kacau begini saya top up saldo mau buat saya gunakan bukan buat untuk menabunggimana saya mau transaksi di gojack klu uang hasil top up di tahan dulukacau bener,1,2024-02-01 11:27:21,4.81.2,negative,rating_rule,214
Haeba Ramli,Mantep,5,2024-01-31 05:58:36,4.81.2,positive,rating_rule,6
Silvia Lestary,Mantaf,5,2024-02-01 11:24:35,4.81.2,positive,rating_rule,6
Kdewii 83,Tolong gomart Kerjasama dengan superindokarena sy sering bli ayam kampung bebek dll disitukerjasama seperti toko dagingikansayur dll Bayar paylater hehehe,4,2024-01-21 03:19:18,4.81.2,positive,rating_rule,154
Evi Apriyani,Saya kasih bintang 1 Karna tidak bisa di gunakan saldo gopayleter nya padahal saldonya masih ada ketika mau pesen gofood dan beli token selalu ada gangguan terus  tolong di perbaiki lagi sistem nya dikasih alamat email gajelas emailnya salah nelpon cs nya gak ada hasil gak terhubung ngabisin pulsa aja bener bener gada solusi,1,2024-01-31 01:38:03,4.81.2,negative,rating_rule,326
ikrimatus sholihah,Sekarang costumer service nya lelet banget di telepon juga sibuk terus via chat masalah tidak terselesaikan tidak seperti dulu lagi Kecewa,1,2024-01-30 22:45:47,4.81.2,negative,rating_rule,138
Nurul Ichsandari,Gojek  Mengapa riwayat perjalanan saya tidak ada notifikasinya ke email ya,5,2024-01-30 20:56:42,4.81.2,positive,rating_rule,74
Parlindungan Siregar,Pelayanannya baik,5,2024-02-01 14:15:25,4.81.2,positive,rating_rule,17
Toko Wulan,Pas butuh token listrik pulsa DLL  jd mudah urusannya  praktis,5,2024-01-30 21:13:40,4.81.2,positive,rating_rule,62
Ali Hamzah,Cari driver susah banget aplikasi gak benarkalau kayak begini pindah sebelah aja lebih cepat,1,2024-01-30 21:27:51,4.81.2,negative,rating_rule,92
yulie yulidarti,Tempo waktu instruksi Update aplikasi terlalu seringdekat,3,2024-01-30 21:50:09,4.81.2,neutral,rating_rule,57
Fanny Yuliyanti,Mau transfer saldo gopay ke rek tapi gagal karna salah sandi padahal salah 2x hbis itu suruh nunggu lagi ntah kpn ntah lah bingung makin diupdate malah makin gajelas,2,2024-02-01 03:53:45,4.81.2,negative,rating_rule,165
Muhammad bahrul Mustakim,Aplikasi kok tidak bisa di pakai buat log in lagi Tidak bisa buat daftar lagi pakai nomer yg sudah terdaftar,1,2024-01-30 22:43:11,4.81.2,negative,rating_rule,108
ABDUR RAHMAN,Makin kesini makin jelek di update koneksi nya juga Padahal nonton YouTube dan download lancar aja,1,2024-01-22 13:31:15,4.81.2,negative,rating_rule,98
Balqish Abiyyah02,gimana si gojek ga sediain jas ujan dia make kitanya keujanan harus segera diperbaiki,1,2024-01-31 01:25:03,4.81.2,negative,rating_rule,85
Muhammad Saputra,Ok keren,4,2024-01-30 23:02:13,4.81.2,positive,rating_rule,8
Shaf Dispar,Gojek oke layanan driver bagus,5,2024-01-30 23:02:41,4.81.2,positive,rating_rule,30
REZA,Pesanan ny lama bgt saya jdi sering terlambat,1,2024-01-30 23:22:04,4.81.2,negative,rating_rule,45
Mrs Suhaimi,Selalu sigap tanggap,5,2024-02-01 14:03:32,4.81.2,positive,rating_rule,20
Kodrat Alam,Apk makin sini makin aneh saldo sering nyangkut mau transaksi pun riber banyak peringatan mau beli pulsa 5rb doang sampe gk bisa alesan nya ada transaksi mencurigakan ngaco,1,2024-02-01 14:01:25,4.81.2,negative,rating_rule,172
Ichi Kenshin,Kecewa un instal,1,2024-02-01 14:01:08,4.81.2,negative,rating_rule,16
Riszal Prasetyo,Lama pesennya,1,2024-01-30 23:25:51,4.81.2,negative,rating_rule,13
Sarwono Atmaja,Aplikasi jelek Ama Aplikasi kalo malam ga bisa transfer ke bank lain,1,2024-01-30 20:51:03,4.81.2,negative,rating_rule,68
Nurjanna,coba aja dulu,5,2024-01-30 20:45:56,4.81.2,positive,rating_rule,13
Mohamad Aditya Misbakhudin,orser gofood udah ditungguin sejam ngga dianter anter ujung ujungnya dibatalin sama aplikasi gojeknya ditungguin malah gitu thaiikk,1,2024-02-01 14:17:04,4.81.2,negative,rating_rule,131
Madi Aja142,mau masuk ke akun gopay sya susah masuk nya tolong di bantu bos buat di proses,3,2024-02-01 14:24:43,4.81.2,neutral,rating_rule,78
Bayu Adi,Memudahkan segala aktivitas dan kebutuhan,5,2024-01-30 15:14:14,4.81.2,positive,rating_rule,41
Edi Irawan,sejauh ini siiip,5,2024-01-30 15:27:19,4.81.2,positive,rating_rule,16
Bangun Bersama Abadi,Terkadang saya malu dan gk enak sama drivernya jika saya gofood soalnya titiknya sering gk akurat kadang drivernya juga marah tolong di update minta dong agar ada shere lokasinya saja waktu di chat driver dan hapus pesan juga di chat driver,2,2024-01-30 15:30:38,4.81.2,negative,rating_rule,240
Urip Subekto,Potonganya gede bener kasian mitra kalian di saat keadaan sulit seperti iniminyak mahalsemua mahal kalian malah pangkas pendapatan mitra mya,1,2024-01-30 15:49:36,4.81.2,negative,rating_rule,140
kaliman sentana,Pelayanan makin burukresto jarak 1km masa makan waktu 1 jamsusah dapat drivermungkin karena upah ke driver sangat minimpadahal customer bayar lumayan mahalaplikasi juga lemot Tolong di perbaikimasa saya setiap makan sambil emosi,1,2024-01-30 15:53:36,4.81.2,negative,rating_rule,228
Anggreni Aini,Jauh ebih baik di banding grab,4,2024-01-30 16:13:50,4.81.2,positive,rating_rule,30
008 Oke,Saldo GOPAY ilang Riwayat transaksi tidak ada gimana ini GOJEK,1,2024-01-22 14:02:36,4.81.2,negative,rating_rule,62
Nanang Juraizin,Oke banget,5,2024-01-30 17:13:30,4.81.2,positive,rating_rule,10
gary,Saldo saya hampir 200 ribu hilang begitu saja,1,2024-01-30 17:18:26,4.81.2,negative,rating_rule,45
Supri Hatin,Aplikasi gojek skrng selalu keluar sendiri kini gojek makin jelek semenjak gojek goto Tolong perbaiki lagi aplikasi gojeknya,1,2024-01-30 17:22:10,4.81.2,negative,rating_rule,124
Radita Astrella,kenapa gaada gotix di aplikasi saya,5,2024-01-30 17:33:19,4.81.2,positive,rating_rule,35
Aka Rudy,Bagus apk nya,5,2024-01-30 18:14:52,4.81.2,positive,rating_rule,13
erwin sub,Sip ok banget,5,2024-01-30 18:38:16,4.81.2,positive,rating_rule,13
Hamdani Aja,Jadi mudah,5,2024-01-30 19:00:00,4.81.2,positive,rating_rule,10
Winda rnny,Percuma banyak driver GoJek ngangur tp giliran order gojek drivernya sulit Lo gak bisa gitulah GoJek,1,2024-01-30 23:26:26,4.81.2,negative,rating_rule,100
Nurul Aini,Membantu saya untuk tiba di sekolah tepat waktu,5,2024-01-30 23:32:31,4.81.2,positive,rating_rule,47
Egi Bin Syam,Payah ah giliran ada promo 5000 perak nyari driver susahnya minta ampun,1,2024-01-31 00:51:17,4.81.2,negative,rating_rule,71
Sarip Sarip,Sangt paktis dh nyaman,5,2024-01-31 00:53:16,4.81.2,positive,rating_rule,22
Riswandi,Pencarian driver yang lama dan jauh dari lokasi penjemputan,1,2024-01-31 00:59:10,4.81.2,negative,rating_rule,59
Lukman Nulhakim,Musim hujan driver nya pada gk ada ya Susah betul order nya,1,2024-01-31 01:00:42,4.81.2,negative,rating_rule,59
Kasirotur Rizki,Bru pengguna gojekdan aneh aja sama rute nya yg sllu diputerin lwt gang kecilhrsnya ti ggal lurus pke sgala dibelokin Pas driver jemput jg gtuu di maps nya Emg gini sistemnya apa gmna,1,2024-02-01 13:16:14,4.81.2,negative,rating_rule,183
Ayam bakar mas edi Mas edi,Mantap cepat sampaiga pakai ribet plus gapakai vermuk,5,2024-02-01 13:15:19,4.81.2,positive,rating_rule,53
fransiska kurniawati,Lebih ditingkatkan lagi utk kecepatan dan ketepatan waktu penjemputan dan keramahan driver,5,2024-01-31 01:07:15,4.81.2,positive,rating_rule,90
Ocha Kardiani,Go jek lama lama kyl mna sihmau bayar go paylater aja sussah pdhl biasanya pake VAini sampe udh jatuh tempo mau bayar kli bayar aja kbali ke menu lagi aneh bener Udh transaksi skrg gak bisa all in lagi lama lama uniinstall,1,2024-02-01 13:13:55,4.81.2,negative,rating_rule,222
Edho M Rosyid,Ngebug Pas lagi urgent dicek detail pesanan tidak keluar Jadi enggak tau drivernya udah ada dimana Kacau,1,2024-01-31 01:09:11,4.81.2,negative,rating_rule,104
Ahmad Sopandi,Cukup membantu,5,2024-02-01 13:02:30,4.81.2,positive,rating_rule,14
0etami hardyantini,Suka pakai gojek Pak sopirnya ramah santun,4,2024-01-31 01:10:10,4.81.2,positive,rating_rule,42
huggo andry,Gojek emang the best,5,2024-01-31 01:11:47,4.81.2,positive,rating_rule,20
Risky Hendricko,Gopaylaternya makin kesini makin gk jelas bulan lalu di blokirpadahal gk pernah telat bayarnya di email suruh tunggu 30 hari sisa pembayaran cicilan tagihan saat ini sdh di bayarkan juga awalnya blokirannya kebuka ehh begtu mau transaksi lagi di tokped malah gagal dan ke blokir lagi kocak dan gk jelas banget sekarang klo di email pun gk ada kepastian jawaban yg jelas,1,2024-02-01 12:53:20,4.81.2,negative,rating_rule,369
Intan Wandha Lestari,Min mau tanya sebenernya sistem penjemputan gojek tuh gimana Waktu order jelas2 terlihat disitu ada banyak driver yg availaible tapi gak ada yg mau ambil dan keterangannya driver kami sedang sibuk Ini sering terjadi terutama ketika sedang promo tarif lebih murah dari biasanya Why  Apakah memang sistemnya harus tunggu driver accept order  Apakah tidak bisa dibuat otomatis match dengan driver terdekat,3,2024-01-31 01:12:45,4.81.2,neutral,rating_rule,402
Budi Gunawan,Jangan di download aplikasi parah saldo saya hilang 1jt sampai dengan sekarang tidak ada kejelasan Y allah,1,2024-01-31 01:13:45,4.81.2,negative,rating_rule,106
IBERAHIM KOBA,seng ada lawan,5,2024-01-31 01:13:57,4.81.2,positive,rating_rule,14
Firman Vlado,Alhamdulillah paylater diblokir telat gak sampe sehari,2,2024-02-01 13:19:23,4.81.2,negative,rating_rule,54
eden lazuardi,solusi untuk tidak ada uang tunai,4,2024-02-01 13:24:02,4.81.2,positive,rating_rule,33
Angela Desty,Disaat hujan tidak ada gojek,2,2024-01-30 23:34:48,4.81.2,negative,rating_rule,28
Ade Kemang,Puas Dengan Memakai APLIKASI GOJEKBELI MAKANAN Dan Beli KeperluanLebih MudahThanks,5,2024-02-01 13:55:42,4.81.2,positive,rating_rule,82
bikin kepo,di tingkatkan lagi ya,5,2024-02-01 13:52:59,4.81.2,positive,rating_rule,21
putri 23,Sangat bagus dan memuaskan,5,2024-01-30 23:43:06,4.81.2,positive,rating_rule,26
Albinaail Michiko,driver sering menolak pesanan,2,2024-01-30 23:43:43,4.81.2,negative,rating_rule,29
Mumuy Kiting,minus lama lambat dapetnya orang lagi butuh malah dilamain,1,2024-01-30 23:53:18,4.81.2,negative,rating_rule,58
Rama Manansyah,Driver nya kebanyakan sibuk saya jad terlambat sekolah,1,2024-01-30 23:55:30,4.81.2,negative,rating_rule,54
Nur Kholifah,Akhir akhir ini pesan gofood lama lama bgt Walaupun frozenfood Gk ngerti apa yg buat lamaa Kaya bubur ayam aja bisa 30mnit  Gmn sih ya ini,3,2024-02-01 13:51:42,4.81.2,neutral,rating_rule,138
Fadhlan Robbi,Fitur gotix nya kok gk ada lagi ya min Padahal enak beli tiket bioskop disitu,5,2024-01-31 00:07:12,4.81.2,positive,rating_rule,77
Adi Rebel,Tolong klw kita SDH kasih bintang 1 ke drivernya supaya kita gk dpet driver yg itu lagi donk Krna SDH pasti driver yg dpt bintang 1 itu bikin gk nyaman,1,2024-02-01 13:48:39,4.81.2,negative,rating_rule,151
Oseng Suratman,Pesan transportasi  makanan serta kebutuhan lainnya sangat mudah  trims,5,2024-01-31 00:16:13,4.81.2,positive,rating_rule,71
Imiel Putri Kalteng,di gofood saya tombol tambahkan voucher tidak ada jadi saya gak bisa menambahkan voucher sama sekali tolong bantu saya,1,2024-01-31 00:34:17,4.81.2,negative,rating_rule,118
riyuu,KENAPAA YAA GABISA MESEN MAKANANN   location not sercivable  huaaa,2,2024-01-29 12:30:50,4.81.2,negative,rating_rule,66
Sofi 120,Perjalanan menyenangkan,5,2024-01-31 08:38:57,4.81.2,positive,rating_rule,23
Uti Uti,APLIKASI YG SANGAT BURUK,1,2024-01-30 14:54:45,4.81.2,negative,rating_rule,24
Dodo Suhanda,Selalu ada jalan,5,2024-02-01 05:38:44,4.81.2,positive,rating_rule,16
Wati Adja,Oke penjemputan cepat,5,2024-01-31 23:23:24,4.81.2,positive,rating_rule,21
Dava Dmk,Mau 4 aja,4,2024-01-31 23:25:05,4.81.2,positive,rating_rule,9
Alvezz GT,Susah bngt nyari driver,3,2024-01-31 23:25:24,4.81.2,neutral,rating_rule,23
ditariani laksono,Hari ini jatuh tempo gopaylater Saya mau bayar malam aja tunggu suami pulang kerja Eh DCnya dari pagi udah telpon tiap menit Ganggu aja Kalau telat juga kami bayar denda nya kok,1,2024-02-01 05:34:12,4.81.2,negative,rating_rule,177
Novi kurniati,Nyari drivernya lama padahal gak ujan,1,2024-01-31 23:33:52,4.81.2,negative,rating_rule,37
Supar Tinah,Pelayanan baik,5,2024-02-01 05:27:33,4.81.2,positive,rating_rule,14
Hari Ansah,Bagusnyaman,5,2024-01-31 23:52:04,4.81.2,positive,rating_rule,11
abd rohim,GoJek the best,5,2024-01-31 23:59:30,4.81.2,positive,rating_rule,14
Adrian Haslan,saya senang sekali pakai aplikasi gojek bisa pembayaran pakai aplikasi ovo juga bisa mantap good terima kasih aplikasi gojek ovo oke,5,2024-01-31 15:24:40,4.81.2,positive,rating_rule,132
Oom Qomariah,Penjemputan tepat waktu,5,2024-02-01 00:08:54,4.81.2,positive,rating_rule,23
Yuli Astutik,lebih suka fitur yang sebelum inikalau yang sekarang agak ribet untuk pemesanannya,2,2024-02-01 00:12:07,4.81.2,negative,rating_rule,82
M.Prasetyo Adji Putra SS,Klo ada yang jauh banget kenapa harus kasih driver yang deket ini lah gojek saat ini Saat anda terburuburu tabahkan lah hatimu,1,2024-02-01 00:13:11,4.81.2,negative,rating_rule,126
Kartika Adeline,Drivernya susah dapatnya Giliran dapat drivernya pada blagu gak mau diambil Tolong dong yak kalo drivernya gak mau ambil ya jgn di okein dong pesanannya,1,2024-02-01 00:18:25,4.81.2,negative,rating_rule,152
Letoy Aki,Tolong tenor pinjamannya di perpanjang,4,2024-02-01 00:20:23,4.81.2,positive,rating_rule,38
Wanti Wanti,mksh Gojek selain on time juga aman dan ramah  oce makin tambah maju,5,2024-02-01 00:32:25,4.81.2,positive,rating_rule,68
Putri Ramadhani,Memudahkan sekali,5,2024-02-01 05:43:02,4.81.2,positive,rating_rule,17
Oled,Pesan makanan jd telat sampai Alasan driver gojek saat ini sdh bisa terima double orderakibat nya makanan sampai sdh dingin dan tak enak dimakan,1,2024-02-01 05:51:16,4.81.2,negative,rating_rule,144
Darell afwa,Aplikasi yang membantu,5,2024-01-31 20:11:25,4.81.2,positive,rating_rule,22
Lukman Hakim,B,5,2024-01-31 15:50:38,4.81.2,positive,rating_rule,1
Oppo Vivo,Saya penguna akun sudah puluhan tahunSaya merasa di curangi sudah saya lunasi semua gopay pinjam giliran mau pinjam malah di tolak mentah mentah semoga kalian binasa dari muka bumi ini Aplikasi gojek riba jadi aplikasi riba,1,2024-01-31 15:54:24,4.81.2,negative,rating_rule,223
Friska Pakiding,Layanan oke mobil dan motor keren,5,2024-02-01 06:36:36,4.81.2,positive,rating_rule,33
yayan royan,Akun gopaylater saya selalu terblokir tanpa sebab,2,2024-01-31 15:55:55,4.81.2,negative,rating_rule,49
ari kurniawan,sippp,5,2024-01-31 15:59:58,4.81.2,positive,rating_rule,5
Aditya Septiananda Aoys,Sudah bagus,4,2024-01-31 16:38:06,4.81.2,positive,rating_rule,11
Ahmad Samsuri,Sulit banget upgread gopay pluss karna ID pernah terdaftar nmr nya sudah tidak aktif lagi sudah hangus Mau daftarkan ulang gopay pluss di nmr baru di tolak truss buat laporan juga percuma gaada respon nyaaa,1,2024-01-31 16:38:46,4.81.2,negative,rating_rule,206
Aditya Bita Prilyan,ARGO BUAT DRIVER TERNYATA MIRIS SEKALI SAYA PESAN DAN PENASARANBERAPA YG DIBAYAR GOJEK TERHADAP DRIVERTERNYATA HANYA 5 RIBUTOLONG PIHAK KANTOR GOJEK JANGAN HANYA INGIN MENERIMA UANG BANYAK TAPI DRIVER DI TINDASSAYA SEBAGAI CUSTOMER MERASA KECEWA PADAHAL DRIVER SANGAT MEMBANTU TOLONG DIKOREKSI,1,2024-02-01 06:20:36,4.81.2,negative,rating_rule,293
uman arrijal,Senang,5,2024-02-01 06:18:16,4.81.2,positive,rating_rule,6
Mustikasari Dwi,Cepat aman dan sopan,5,2024-02-01 05:56:08,4.81.2,positive,rating_rule,20
maula dawilah,sudah menggunakan gojek dari tahun 2017 tahun 2024 awal tahun akun gojek saya di hackdigopay ada saldo saya ga pesen order tibaada pesan order semua saldo gopay saya lenyapsaya hubungi Cs dan email kronologi dan bukti nyajawaban nya itusaja SEDANG DITANGANI TIM KAMI kecewa saya bener kecewasaya tidak akan ridho,1,2024-02-01 05:53:55,4.81.2,negative,rating_rule,312
Parlindungan Sinaga,Lebih di tingkat lagi,5,2024-01-31 19:18:58,4.81.2,positive,rating_rule,21
Muhamad Randy,udah bagus sih cuman tolong dongg adain fitur buat pelajar minn untuk jarak deket harganya lebih murah gituu soalnya keberatan sy sebagai pelajar untuk harga jarak deket sekitar 15k,5,2024-02-01 00:45:20,4.81.2,positive,rating_rule,181
aliska maharani,abis di updet aplikasi gak bisa di gunakan  gak jelas  lgi butuh malah gak bisa di gunakan,1,2024-02-01 00:53:14,4.81.2,negative,rating_rule,90
Yuni Pujiati,diupdate malah makin lambat jalan sistemny,3,2024-02-01 02:23:30,4.81.2,neutral,rating_rule,42
Haryo Wibowo,Minta tolong untuk pemilihan lokasi jemputtujuan vaforit itu dipermudah ini saya ketik lokasi tujuanLokasi jemput tulisannya malah Lokasi tidak ketemu padahal Lokasi yg saya ketik tersebut merupakan Lokasi yg biasa saya inputkan tolong opsi titik jemputtujuan vaforit supaya dipermudah untuk dipilih,2,2024-02-01 02:33:38,4.81.2,negative,rating_rule,299
ani susilowati,tidak bisa masuk ke aplikasi,1,2024-02-01 02:38:35,4.81.2,negative,rating_rule,28
Sundari Ndari,Kok Bis di buka,5,2024-02-01 04:41:44,4.81.2,positive,rating_rule,15
Putra Sukasari,Jelek you,1,2024-02-01 04:37:22,4.81.2,negative,rating_rule,9
Bowo Bolo,Isi saldo lewat tidak masukpdahal laporanya sudah masuk,1,2024-02-01 02:50:43,4.81.2,negative,rating_rule,55
Ai Hendriani,cept tepat,5,2024-02-01 04:31:33,4.81.2,positive,rating_rule,10
Indah Istianah,sangat puas,5,2024-02-01 04:13:47,4.81.2,positive,rating_rule,11
Ariefyan Kosasih,Mantaptingkatkan lagi promo nya yatingkat kan promo goride nya Ini masih kurang untuk goride nyaterima kasih,5,2024-02-01 03:10:34,4.81.2,positive,rating_rule,108
Susi Lawati,Aman bisa dipercaya,5,2024-02-01 04:09:59,4.81.2,positive,rating_rule,19
indah vellia,bagus banyak promo,5,2024-02-01 03:23:49,4.81.2,positive,rating_rule,18
Tuwarno Nurcahyadi,Mntap naik gojek bng Lukman sukses sllu,5,2024-02-01 03:27:09,4.81.2,positive,rating_rule,39
Nurmayanti Bahar,Dah lama pake pelayanan bagus,5,2024-02-01 03:28:10,4.81.2,positive,rating_rule,29
echon ms,Sangat Membantu,5,2024-02-01 03:34:05,4.81.2,positive,rating_rule,15
Heni Crismiati,ini kenapa aplikasinya ga bisa di pakai  padahal wifi atau data ada banyak tapi aplikasinya ga bisa di buka atau tulisannya no internet,1,2024-02-01 03:41:09,4.81.2,negative,rating_rule,135
Theresia Mutiara,sgt memuaskn,5,2024-02-01 03:42:12,4.81.2,positive,rating_rule,12
Jaja setiapraja,gopaylater gak bisa dipake ga ada keterangannya juga Unninstal sajalaah,1,2024-02-01 02:31:15,4.81.2,negative,rating_rule,71
Ratna Kyona,Senang dong apalagi klo diskon2nya dan drivernya sopan2 pertahankan pelayanannya dan tingkatkan agar lebih baik lagi Mksih dan sukses terus,5,2024-02-01 02:15:48,4.81.2,positive,rating_rule,139
zoel,sejauh ini sll menyenangkan,5,2024-02-01 02:15:32,4.81.2,positive,rating_rule,27
eko tri,Good fitur,5,2024-02-01 00:59:53,4.81.2,positive,rating_rule,10
Jonanda Agung,APLIKASI GAJELAS BELI TOKEN LISTRIK LAMA CUSTOMER SERVICE GAMAU BANTU,1,2024-01-22 08:44:19,4.81.2,negative,rating_rule,69
abdulrahman rahman,kaga usah nawarin klau janji aja bikin emosi,1,2024-02-01 01:08:58,4.81.2,negative,rating_rule,44
The Lifestyle of Happiness,Mantap Perbanyak Promonya lagi Yach,5,2024-02-01 05:02:36,4.81.2,positive,rating_rule,35
Hidayat Syamsul,Mantap jaya,5,2024-02-01 01:33:06,4.81.2,positive,rating_rule,11
Gaprastio Plus 57,Aplikasi go patner ko jadi susah buat beli kuota swadaya  Kenapa jadi muter muter sih Ngapain ada dompet gopay kalo ga bisa buat bayar Silit kopet lahaturan udah gampang jadi di persulit,1,2024-02-01 01:39:51,4.81.2,negative,rating_rule,186
Pur wati,Pelayanannya memuaskan dan kurir yang nganter juga baik2 cepet diantar Puas deh pokoknya,5,2024-02-01 04:50:23,4.81.2,positive,rating_rule,88
salam mergoriko,Sesuai estimasi waktu,5,2024-02-01 04:44:15,4.81.2,positive,rating_rule,21
VIT Marketing,Update Mulu baru 2minggu pke,3,2024-02-01 01:57:00,4.81.2,neutral,rating_rule,28
Achmad Zahroni,Praktis cepat murah dan keren n,5,2024-02-01 04:41:52,4.81.2,positive,rating_rule,31
hanky susanto,sudah kembali normal makasih tokped dan gojek,5,2024-02-01 02:09:21,4.81.2,positive,rating_rule,45
Bastian Alita,Wow,5,2024-01-31 15:30:28,4.81.2,positive,rating_rule,3
Suhada Hada,Sangat cocok,5,2024-01-22 11:35:49,4.81.2,positive,rating_rule,12
Setiawan So,Sangat membantu kebutuhan dan perjalanan,5,2024-01-31 11:25:20,4.81.2,positive,rating_rule,40
Ningrum 36,Goood,5,2024-01-31 10:44:23,4.81.2,positive,rating_rule,5
Bastian Jouse,gagal transaksi terus aneh,2,2024-01-31 11:05:39,4.81.2,negative,rating_rule,26
Muhammad Marsa,Banyak promo sama diskon,5,2024-02-01 10:26:30,4.81.2,positive,rating_rule,24
Tri Crownparking,setelah di up date mlah tdk bisa di buka gimana ini,1,2024-01-31 11:16:50,4.81.2,negative,rating_rule,51
Annisah Mawadda,Sangat baguss,5,2024-01-31 11:21:36,4.81.2,positive,rating_rule,13
Jiyanto “Yo”,mantap bos nyaman makasih pak,5,2024-02-01 10:24:05,4.81.2,positive,rating_rule,29
Putra Wiguna,QR CODE BUAT KRL SERING ERROR,1,2024-01-31 11:31:33,4.81.2,negative,rating_rule,29
Iman Junaedi,Tambah kesinih tambah lemot,1,2024-02-01 06:49:22,4.81.2,negative,rating_rule,27
Petronela Heni,Aplikasi mantap,5,2024-02-01 10:05:44,4.81.2,positive,rating_rule,15
kelon lon,Goride gofood belum ada di sini min  apa cuma di kota yg berlaku  vouchernya gk kepakai dong,3,2024-01-31 11:40:18,4.81.2,neutral,rating_rule,92
Casia Maya Tri Reski,Pelit promo ongkir jg kemahalan untuk satu tempat ke satu tempat yang jaraknya itu ga nyampe 5 KM,2,2024-02-01 10:03:02,4.81.2,negative,rating_rule,97
Shofia Arviana,Makasih gojek aku jadi ketinggalan kereta gara gara 2 jam ga dapet dapet driver  gatau mau nyalahin siapa,1,2024-01-31 11:44:17,4.81.2,negative,rating_rule,105
syaiful bani,Hahahaahahahaahah,5,2024-02-01 10:02:14,4.81.2,positive,rating_rule,17
Hamka Com,Ganti gmail kok tidak bisa aneh mohon di perbaiki,1,2024-02-01 09:49:09,4.81.2,negative,rating_rule,49
H Hanipah,pokoknya de best  alhamdulillah banyak ngebantu saat dibutuhkan,5,2024-01-31 12:08:00,4.81.2,positive,rating_rule,63
Arya anwar Mohammad,megojek,5,2024-01-31 10:43:04,4.81.2,positive,rating_rule,7
Luxzyn Gaming,Habis update biaya penanganan dan pengiriman di gofood sampe 20rb lebih Ngga habis pikir sih makin kesini makin ngelunjak  ga masalah selama rasa makanan worth it tpi kalo ga banget kan gmn yah,1,2024-01-31 10:27:20,4.81.2,negative,rating_rule,193
Bangjulian Hadi,Buruk sekali,1,2024-01-22 10:58:51,4.81.2,negative,rating_rule,12
Elsa Dwi,Fitur promonya tidak ada padahal udah berkali nyoba instal terus tetep aja gaada,3,2024-02-01 10:31:55,4.81.2,neutral,rating_rule,80
yoga Rochanto,Kapok pakai gopay later bayar aja susah ini gojek mau nyari cuan dari denda atau gmn Pas bayar gag ada koneksi internet padahal lancar Aplikasi gila saya gag akan pakai gojek lagi,1,2024-01-31 08:52:05,4.81.2,negative,rating_rule,179
yiyus 998,nice,5,2024-01-31 08:53:55,4.81.2,positive,rating_rule,4
Achmad Surya,Sangat membantu kami,5,2024-01-31 09:04:16,4.81.2,positive,rating_rule,20
Feren,Makin hari makin mahal,1,2024-01-31 09:13:23,4.81.2,negative,rating_rule,22
Sukma Linda,Makasih atas pelyananya,5,2024-01-31 09:40:08,4.81.2,positive,rating_rule,23
Elis Sukmawati,Aplikasi yang paling toooooooopterimakasih gojek yng telah ngasih dana di paylaterbisa terbantu ketika sedang ada keperluan mendadaksya semakin cinta gojek,5,2024-01-31 09:42:33,4.81.2,positive,rating_rule,155
mamluatun nikmah,Alhamdulillah perjalanan dilancarkan dengan GoCar Sat set sat set bs sampai tujuan dengan tepat waktu dan mobilnya selalu bersih drivernya juga ramah,5,2024-01-31 09:42:46,4.81.2,positive,rating_rule,149
Titiannesia Agustie,Gofood terlalu lama dapat driver Makanan 1jam lebih baru sampai,3,2024-02-01 10:43:49,4.81.2,neutral,rating_rule,63
Mochammad Syarief Hidayat,Menyenangkan,5,2024-02-01 10:33:10,4.81.2,positive,rating_rule,12
sukmawati Amando,Kalo bisa diskonnya lebih banyak lagi ya,5,2024-02-01 09:47:16,4.81.2,positive,rating_rule,40
Jay Android,Mudah cepat aman mantap,5,2024-01-31 12:13:12,4.81.2,positive,rating_rule,23
Beni Beni,Sangat puas,5,2024-02-01 08:46:24,4.81.2,positive,rating_rule,11
07 - X8 - Callystha Aysel Aulia,apk nya bagus tapi ada iklan yang tibatiba suka muncul ga jelas di layar hp ganggu aja,3,2024-01-31 13:53:37,4.81.2,neutral,rating_rule,86
Feronika Andari,Terimakasih sudah banyak membantu,5,2024-01-31 14:06:08,4.81.2,positive,rating_rule,33
Yunus Pranoto,App erorr top up gopay 3kali yang 1 berhasil yang 2pending ampek sekarang belum diproses,1,2024-02-01 08:45:33,4.81.2,negative,rating_rule,88
Widya Ratnabila,Baikk,4,2024-01-31 14:18:16,4.81.2,positive,rating_rule,5
Putra Baho,VERY GOOD,5,2024-02-01 08:29:26,4.81.2,positive,rating_rule,9
Okta Bagaskara,Di update bukannya makin bagus malah bobrok mau mesen aplikasi loading lama banget kaya ga ada sinyal padahal notif notif masih masuk pas lagi loading,1,2024-02-01 08:24:53,4.81.2,negative,rating_rule,150
aris subijanto,rescep,5,2024-02-01 08:19:25,4.81.2,positive,rating_rule,6
Yunis Dwi,Bagus aplikasinya sangan membantu Terimakasih,5,2024-02-01 07:44:45,4.81.2,positive,rating_rule,45
Nesty Anggraeny,Enak banget pakai gojek tinggal klik klik,5,2024-01-31 14:42:07,4.81.2,positive,rating_rule,41
Tazmah Yasmine,Gimana sihh aplikasi nya msa iya sya hrs download ulang lgi padahal sya dh gnti akun tpi ttp ajhh hrs di ulang lgi msuk nya,3,2024-02-01 07:43:10,4.81.2,neutral,rating_rule,123
Jeni Pragawidjaja,ga ad no yg bs dihubungi pesen gofood ada kurang lama bgt hrs lewat laporan dll parah sih servicenya,1,2024-01-31 14:46:58,4.81.2,negative,rating_rule,100
Riani Lestari putri,sangat terbantu,5,2024-02-01 07:41:21,4.81.2,positive,rating_rule,15
Dolfince Basauli Antoh,Aplikasi ojek online paling bagus bnyk promonya jga khususnya promo makanan,5,2024-02-01 07:34:47,4.81.2,positive,rating_rule,75
Fatir X IPS 3_05,Kalo ngasih ongkir go food ngotak,1,2024-01-31 14:59:33,4.81.2,negative,rating_rule,33
Kartika Shinta,Dari thn 2019 sy pke gopay pas ada gopaylater limit besar ehh tapi ga bisa di gunakan Mengecewakan sekali Tim audit nya ga beres Akun saya di blokir secara sepihak Udah ga mau pake lagi Mending di hapus aja,1,2024-01-31 13:48:47,4.81.2,negative,rating_rule,206
Cikal Gunawisesa,Mantappp jadi mudah apapun itu,5,2024-02-01 08:48:01,4.81.2,positive,rating_rule,30
Sri Rahmawati,Tolong dong buat pihak GoJek mohon di benerin maps nya dan fitur chat nya,5,2024-01-31 12:13:51,4.81.2,positive,rating_rule,73
peter Liu,mantap bertangung jawab,5,2024-01-31 13:45:43,4.81.2,positive,rating_rule,23
"6_ Abdul Aziz, SHI",Saya hanya pakai gojek,5,2024-01-31 12:14:15,4.81.2,positive,rating_rule,22
Fransiska Yohani,setelah di update ke versi terbaru malah ini aplikasi tidak bisa di pergunakan lagi,1,2024-01-31 12:15:47,4.81.2,negative,rating_rule,83
Aguan Hong,Aplikasi jelek cuma bisa di pickup tapi driver gk ada balasan dan malah di biarin  hrusnya di acc driver gk berguna klo cuma di pickup tpi di biarkan sistem udah gk beres tapi gk ada perbaikannya udah dr kemarin pesanan gk beres2,5,2024-01-31 12:26:43,4.81.2,positive,rating_rule,229
Eva Lusiana,Selalu puas sama pelayanan gojek,5,2024-02-01 09:32:24,4.81.2,positive,rating_rule,32
Rudy Doank,Pelayanan yg bak  adalah bisnis yg baik,4,2024-01-31 12:46:28,4.81.2,positive,rating_rule,39
Ika Nitizsa,Dari tunai ganti ke gopay eh malah kena biaya aplikasi yang seharusnya Rp 11500 jadi Rp 16000 bukan masalah nominal cuman engga ada pemberitahuan pas ada penambahan biaya Tiba tiba langsung ke potong dan pas dicek diakhir baru ketahuan ada biaya tambahan Kecewa si udah setia pake gojek tapi malah kayak gitu,2,2024-01-31 12:51:04,4.81.2,negative,rating_rule,308
Ratno Renaldi,Kalau ada bintang 0 saya kasih 0 Itu sudah sangat pantas Aplikasi busuk Aplikasi gak guna saya kasih bintang 3 jika nanti masih tetap gak bisa ngajuin auto uninstall aplikasi jika saya di kasih kesempatan bintang full 5,3,2024-02-01 09:26:04,4.81.2,neutral,rating_rule,219
Nawa Kawol,keren,5,2024-01-31 12:55:05,4.81.2,positive,rating_rule,5
Aria,Good bgt,5,2024-01-31 13:05:50,4.81.2,positive,rating_rule,8
Novita Sari,susah dapat driver padahal driver banyak bad,1,2024-02-01 09:09:24,4.81.2,negative,rating_rule,44
Irna Msi,Selama ini puas pake gojek,5,2024-02-01 08:56:10,4.81.2,positive,rating_rule,26
bayu noviando,Masih milih2 kepencet gak sengaja go food belum sempat masukin diskon gak bisa di revisi lagi dalam hitungan seper sekian detik Tiba2 jadi pengiriman bayar cash Padahal lg gak pegang cash kasih waktu dong untuk revisi misal 1 menit sejak order Kan driver jg belum dpt Kapokk nasi goreng harga 24rb jadi 30rb beli 2 lg kena,1,2024-01-31 13:32:49,4.81.2,negative,rating_rule,322
jimar Wowor,Sangat membantu kegiatan dan kebutuhan dalam kehidupan tiap hari,5,2024-01-31 13:42:04,4.81.2,positive,rating_rule,64
Tedi Hendayana,Memudahkan,5,2024-01-30 22:08:34,4.81.2,positive,rating_rule,10
Lisman Toni,mantap akurat,5,2024-02-01 15:17:26,4.81.2,positive,rating_rule,13
MOCHAMAD ABRAHAM Johansah,Sangat berguna untuk hal2 yg mendesak,5,2024-01-30 02:02:44,4.81.2,positive,rating_rule,37
Numan Muhammad,Joss jasa pelayanan nyasangat membantu terimakasih,5,2024-02-02 05:17:50,4.81.2,positive,rating_rule,50
Herbudi Wijayanto,Setelah update malah lemot banget,1,2024-01-30 02:11:19,4.81.2,negative,rating_rule,33
Lina Marlina,Dg tujuan yang sama Jarak kok beda ya dg apk sebelah,2,2024-01-30 02:24:43,4.81.2,negative,rating_rule,52
Hujan Pemimpi,Tolong perbaiki sistem login nya yah soal nya saya sinyal bagus kok di bilang sinyal kurang bagus alhasil gak bisa masuk harus nunggu 15 menit buat login lagi padahal pake browsing  stream youtube lancar Udah versi terbaru tapi tetep gak bisa klo udah di benerin nanti saya kasih bintang 5 lagi,1,2024-01-30 02:26:04,4.81.2,negative,rating_rule,294
alya aulia,Pasang untuk ke dua kalinya Aplikasi aku yg di pakai sdh lama tdk bisa kebuka,1,2024-01-30 02:40:37,4.81.2,negative,rating_rule,77
Sastria barber,joss wlw mahalan,5,2024-01-30 02:46:32,4.81.2,positive,rating_rule,16
Depa Lanjung,Sangat membantuuuu sekali,5,2024-01-30 02:50:41,4.81.2,positive,rating_rule,25
Yos Es,Lebih lancar dipembayaran pln pgn kartu halo semoga semakin berkembang pembayaran yang lain tidak hanya tokopedia tapi juga yang lainya,5,2024-01-30 02:59:35,4.81.2,positive,rating_rule,135
MEO'NG congkok,Transaksi tolong di perbaiki lagi pas tahap akhir byr selalu gagal dicoba brpa kali ttp g bisa,2,2024-01-30 03:28:28,4.81.2,negative,rating_rule,94
MHANY CHANNEL,sangat membantu saya,5,2024-01-30 03:36:11,4.81.2,positive,rating_rule,20
Panji Asmara,Gopay paylaternya kek pemerasan telat sehari 50rb dendanya Padahal utang cuma 100rb lewat sehari denda 50rb Jangan pake gopaypay laternya boss Bahaya,1,2024-02-02 04:49:32,4.81.2,negative,rating_rule,149
Fatma Fatdiyan,Pertolongan disaat tidak ada yg menolong hahahah,5,2024-02-02 05:20:31,4.81.2,positive,rating_rule,48
Ari Suciani,Gojek sekarang jelek Kalo order dapet drivernya jauh banget gk yang terdekat jadi bikin lama Kasian drivernya juga kasian customer nya nunggu lama Kesel bgt sih sekarang sama gojek Sistemnya jadi jelek,2,2024-01-30 01:55:22,4.81.2,negative,rating_rule,201
Tini Rukmini,sangat bagus,5,2024-01-30 07:05:24,4.81.2,positive,rating_rule,12
Cua de Fretes,Di saat penting dengan keadaan hujan gocar tidak bisa menjadi solusi 10 kali pesan 5 dibatalkan sisanya 2 jam menunggu aplikasi muter Ketika dapat driver langsung dibatalkan oleh drivernya Miris sekali Padahal setiap pembatalan harga melonjak naik,2,2024-01-30 01:53:28,4.81.2,negative,rating_rule,247
Jery Sentana Bangun,Gopay Latermu BRENGSEK lupa 1 hari aja udah denda 50k padahal cuma belanja 100k Pantas digeser Grab sekarang Apa belum balmod si Mendikbud,1,2024-02-02 06:31:13,4.81.2,negative,rating_rule,138
Cak Aunur WISMA ATLET Waktu itu,SENENG ADA GOJEK  GoCar,5,2024-02-02 06:29:16,4.81.2,positive,rating_rule,23
afit aja,Good Aplikasion,5,2024-01-30 00:26:57,4.81.2,positive,rating_rule,15
Sucisuci Hassanudin,Perbanyak lg promo voucher nya,5,2024-02-02 05:56:03,4.81.2,positive,rating_rule,30
Roni Maloto,Terima kasih Saya langganan pakai aplikasi ini,5,2024-01-30 01:00:23,4.81.2,positive,rating_rule,46
Ariep Sz,Mahal mending pake maxim,1,2024-02-02 05:55:28,4.81.2,negative,rating_rule,24
Virdi Antoro,Tiba2 gopaylater di blokir padahal tidak pernah telat bayar dan sampai skrng tagihan sudah lunas semua,1,2024-01-22 01:55:21,4.81.2,negative,rating_rule,102
radian khan,Ulasan terbaru   maaf yah  Saya kecewa dgn aplikasi ini begitu setia nya saya beberapa tahun ini tidak ada pertimbangan nya dgn kesetiaan saya  email ga di bls  ga ada respon  saya mengajukan permohonan  sudah saya kecewa sekali gopaylater juga di blokir ya Allah  ulasan lama  Makin mantap kelengkapan nya  Transfortasi  makanan  pembayaran all  transf  pinjaman  Semuanya gampang dalam satu aplikasi  Alhamdulillah saya sudah dalam katagori  JURAGAN,5,2024-01-30 01:07:22,4.81.2,positive,rating_rule,451
doni gantara,Wsw si urqyws,4,2024-02-02 05:50:41,4.81.2,positive,rating_rule,13
TNS Official,Aplikasi aneh tibatiba dari saldo gopay ke saldo tabungan di refund oleh pihak gopay dan saldo ga bisa di pakai,1,2024-01-23 00:09:30,4.81.2,negative,rating_rule,111
dessy natalia,Memberikan opsional gopay later pembayaran selalu tepat waktu waktu dihandle findaya aman2 aja setelah dipegang MAB malah sering di blokir tanpa alasan yg jelasbaru dibuka blokir pagi sore sudah diblokir lagi entah apa alasannya ditanya melalui email jawabannya selalu templatelimit masih sangat aman utk digunakan kalo emg gak niat kasih paylater gausah dikasih limit mendingan Tutup aja tuh fasilitas paylater Aneh,1,2024-02-02 05:44:06,4.81.2,negative,rating_rule,416
Sahri Marfida,terima kasih sangat membantu,5,2024-01-30 01:35:25,4.81.2,positive,rating_rule,28
Hakim Scarlet,lemot,1,2024-02-02 05:22:45,4.81.2,negative,rating_rule,5
Yudi Arsana,Buat aplikasi gojek terimakasih atas fiturnya yg mudah di mengerti dan buat saya gampang untuk transaksi,5,2024-01-30 01:37:09,4.81.2,positive,rating_rule,104
Nanang Hariono,Bagus Kadang cancel gk konfimasi,5,2024-02-02 04:47:15,4.81.2,positive,rating_rule,32
Risyat sineri,Membantu sekali,5,2024-02-02 04:43:15,4.81.2,positive,rating_rule,15
Anggarawan Fiandinata,Edan Telat sehari gopaylater Denda 50rb Di ingetin jg gak kdg kita lupa,1,2024-02-02 03:26:05,4.81.2,negative,rating_rule,71
wahdan maulana,Ga inget punya tagihan gopay later 20K doang terlambat 1 hari doang denda 50K Ga punya pikiran banget yg buat kebijakan Harusnya denda kan beberapa persen dari total pinjaman ini pinjem 20K denda 50K,1,2024-02-02 03:19:58,4.81.2,negative,rating_rule,199
Dayat Suga,Makin lama makin ribet fasilitasnya bmyak yg berubah,1,2024-01-30 05:47:10,4.81.2,negative,rating_rule,52
Muhammad Aditiawarman,Pada umumnya pengemudi baikan sopan,5,2024-01-30 05:57:24,4.81.2,positive,rating_rule,35
Budi Santoso,Program tidak seseru kompetitor,5,2024-01-30 05:58:05,4.81.2,positive,rating_rule,31
Bang Idut,gojek semakin mantap,5,2024-01-30 05:59:41,4.81.2,positive,rating_rule,20
Johan Safari,aplikasi sering error Mohon diperbaiki yah,4,2024-01-30 06:00:36,4.81.2,positive,rating_rule,42
Agussalim Damaik,Perjalanan anda jadi mudah bersama Gojek,5,2024-01-30 06:21:57,4.81.2,positive,rating_rule,40
Bams Budy,super,5,2024-01-30 06:23:50,4.81.2,positive,rating_rule,5
Tobat No maksiat,Aplikasi Zionis mang Sadis Uninstal aj cari yg lain  Drivernya pd SONGONG suka cari gara gara SM orang,1,2024-01-22 22:36:36,4.81.2,negative,rating_rule,102
Muhammad Keanu,Baguss,5,2024-01-30 06:33:09,4.81.2,positive,rating_rule,6
DEDY KURNIAWAN,Mantap sangat terbantu dng aplikasi ini,5,2024-01-30 06:42:48,4.81.2,positive,rating_rule,39
Wiwin Astrid,promonya sepi,4,2024-02-02 02:40:41,4.81.2,positive,rating_rule,13
Neni Herliani,Syip,5,2024-01-30 06:53:48,4.81.2,positive,rating_rule,4
Iyan Aja,Layanan cs gak lengkap,1,2024-02-02 03:30:10,4.81.2,negative,rating_rule,22
Tjipto Wijono,Maaf sy jarang pergi krn lagi bokek ngandalin Gokar driver akunnya juga Ga jadi ngejob oflenpun Sepi pol krn Bospada Aneh Cari yg Termurah dr yg murah,4,2024-02-02 03:30:50,4.81.2,positive,rating_rule,150
Ishendri Zaitun,Semua tanpa rasa khawatir Terimakasih,5,2024-02-02 04:38:41,4.81.2,positive,rating_rule,37
Rufing Sulistia,Banyak promonya,5,2024-01-30 04:08:32,4.81.2,positive,rating_rule,15
Anadya Permatasari,Ini gimana ya pesen gosend ga dapet2 Biasanya cepet bgt lgsg dapet,1,2024-01-30 04:21:37,4.81.2,negative,rating_rule,66
Alwi Lubis,Good attitude,5,2024-01-30 04:35:25,4.81.2,positive,rating_rule,13
irmalina pratiwi,Kenapa gopaylater saya di blokir,1,2024-01-30 04:54:24,4.81.2,negative,rating_rule,32
Siti Nuraeni,Sangat mudah dan mebantu,5,2024-01-30 04:58:13,4.81.2,positive,rating_rule,24
Hima JnA,Kerennmakin mudah sering2 ada promo ya min,5,2024-01-30 04:58:42,4.81.2,positive,rating_rule,42
Lhia Agustina,Pelayanannya cepat,5,2024-01-30 05:08:19,4.81.2,positive,rating_rule,18
Beni Bastian,Salah posisilokasi saya discount ga terpampang jelas jadi kelewat,4,2024-01-30 05:32:54,4.81.2,positive,rating_rule,65
Adita puji astuti,Bagus dan ramah,5,2024-01-30 05:10:18,4.81.2,positive,rating_rule,15
Erik Hardiana,Fungsionalitas ketika bepergian bersama keluarga,5,2024-02-02 04:15:58,4.81.2,positive,rating_rule,48
Hartini Valen,Aplikasi iki keren abis pokoknya,5,2024-02-02 04:02:34,4.81.2,positive,rating_rule,32
Muhammad zidan Habib,Oke lah cukup,4,2024-01-30 05:14:33,4.81.2,positive,rating_rule,13
Simon Vitral Aritonang,Sangat bagus sekali aplikasi,5,2024-02-02 04:02:31,4.81.2,positive,rating_rule,28
Melyana Nana,Selalu puas menggunakan aplikasi ini sangat membantu sukses selalu gojek,5,2024-02-02 03:40:28,4.81.2,positive,rating_rule,72
Andik Saputro,Rute yang dilalui untuk pengantaran tidak ada jalanbuntu,1,2024-02-02 03:32:47,4.81.2,negative,rating_rule,56
Ujang Sujana,Penjemputan tidak lama,5,2024-02-02 06:38:04,4.81.2,positive,rating_rule,22
Krupok pedis,Makin kesini makin ribet ya mau hub cs aja ribet menunya mutermuter terus,2,2024-02-02 06:42:49,4.81.2,negative,rating_rule,73
Doddy Herpin,Ok tambah sukses,5,2024-01-23 03:59:48,4.81.2,positive,rating_rule,16
Andika Maenakhy,Okok,5,2024-01-29 14:18:46,4.81.2,positive,rating_rule,4
Muhammad Ikhlas,Tolong percepat pengembalian dana saya saya sangat butuh duit itu untuk beli obat untuk adek saya yg sedang sakit parah,4,2024-01-29 14:19:16,4.81.2,positive,rating_rule,119
Thomas Hardy,very satisfying application I am not a native Indonesian I come from Germany where I live there is no service as good as this Hopefully this application can be even greater,5,2024-01-29 14:42:27,4.81.2,positive,rating_rule,172
igone ji official,DENDANYA KETERLALUAN TELAT SEHARI 50RB LEBIH KEJAM DARI PINJOL,1,2024-02-02 08:35:35,4.81.2,negative,rating_rule,62
Yanti Atha,Gojek payah,1,2024-02-02 08:29:32,4.81.2,negative,rating_rule,11
Aji Riansyah,Semakin update semakin mahal ongkos kirim tidak masuk akal,1,2024-02-02 08:28:05,4.81.2,negative,rating_rule,58
Iwan Vesva,Gopaylater tidak bisa digunakan jdi males naik gojek lgi achhh,1,2024-01-23 03:36:00,4.81.2,negative,rating_rule,62
Quin Lola,kenapa sudah versi terbaru sinyal dan mash banyk iklan ya wah parah sekarng,1,2024-02-02 08:27:47,4.81.2,negative,rating_rule,75
Fauzan Erizal,Permudah urusan dan pesanan,5,2024-01-29 15:03:11,4.81.2,positive,rating_rule,27
D & Z,Jangan download jelek bgt pelayanan y,1,2024-02-02 08:16:03,4.81.2,negative,rating_rule,37
Dodo -,Sangat terbantu terimakasih,4,2024-01-29 15:16:31,4.81.2,positive,rating_rule,27
Dyah astrie Deasy maharani,Saya ingin menghubungi cs bagaimaa caranya,5,2024-01-29 14:14:24,4.81.2,positive,rating_rule,42
meliana mokoginta,Semuanya dibuat mudah,5,2024-02-02 08:40:56,4.81.2,positive,rating_rule,21
Agus Wirawan,Nothings compare,5,2024-02-02 08:43:36,4.81.2,positive,rating_rule,16
Nyoman Sutawan,Gojek terbaik,5,2024-01-29 13:15:57,4.81.2,positive,rating_rule,13
Amirudin Amirudin,GoJek mempermudah transportasi dan mampu meningkatkan perekonomian keluarga,5,2024-01-23 04:24:14,4.81.2,positive,rating_rule,75
Pengguna Google,Gopaylatter by MAB aneh  Beberap fitur nya gak bisa pake pembayaran gopaylatter Awal bisa gopulsa sekarang gak bisa  trus di tambah gomart gak bisa juga pake gopaylatter,2,2024-01-29 12:45:37,4.81.2,negative,rating_rule,169
Tri Haryadi,Aplikasi cukup membantu,5,2024-01-29 12:46:26,4.81.2,positive,rating_rule,23
Akun Rusdi,Sekarang hancur sistem Mau persen goofood tapi dipaksa harus nunggu lama Kalau bisa kembalikan ke sistem jamam pak nadiem,2,2024-01-29 12:53:46,4.81.2,negative,rating_rule,121
Sekar Aulia,Gojek sangat baik,2,2024-01-29 12:55:54,4.81.2,negative,rating_rule,17
Hafidz Hamdan,Mantab Tingkatkan pelayanan,5,2024-01-29 12:59:49,4.81.2,positive,rating_rule,27
I KADEK AGUS WIDIANTARA,Tidak manusiawi not safe,1,2024-02-02 09:00:15,4.81.2,negative,rating_rule,24
Muhammad Hafsh,Saya mencari no cs yg bisa dihubungi gak nemu Sama punya akun gojek yang masih punya tunggakan pay later Masalah kartu saya mati gara kelamaan di Indonesia timur dan lupa isiin pulsa Hp juga rusa jadi lost dengan aplikasi yang pakai no tersebut Ada solusi Karena saya mau bayar tunggakan pay later saya,3,2024-01-29 13:18:51,4.81.2,neutral,rating_rule,302
hagi dwi,Gojek adalah aplikasi penyiksa driver,5,2024-01-23 04:03:13,4.81.2,positive,rating_rule,37
Astari Puji Ramadhani,Usefull  helpfull,5,2024-01-29 13:24:17,4.81.2,positive,rating_rule,17
Rubaiyah Roji,Perjalanan sesuai kebutuhan,4,2024-01-23 04:08:49,4.81.2,positive,rating_rule,27
Artha Nug,Akun GopayLater saya terblokir Belum ada respon dari csnya,1,2024-02-02 08:50:20,4.81.2,negative,rating_rule,58
Andi Rohendi,sudah 5 jam top up saldo gopay di alfamart belum masuk juga Sudah berapa kali pake fitur bantuan sama harus nunggu 23 hari kerja padahal cuma 200 ribu top up nya,2,2024-01-29 13:58:24,4.81.2,negative,rating_rule,161
Dedi Dermawan,professional,5,2024-02-02 08:47:08,4.81.2,positive,rating_rule,12
GT Gandung Eko Prihmanto,Simple userless,5,2024-01-23 04:03:50,4.81.2,positive,rating_rule,15
Maryani Okto,Memudahkan kita untuk bepergian dan lainy,5,2024-02-02 08:05:49,4.81.2,positive,rating_rule,41
Indra Setiyadi,Dapat driver jemput pada jauh2 banget bikin telat kerja,1,2024-02-02 07:49:24,4.81.2,negative,rating_rule,55
Putri Amelya,Tolong dong GoJek ini kenapa call centernya ditelfon nomernya malah tidak terdaftar customer service juga di email dalam antrean terus Dikontak lewat Sosial medianya engga ada respon Tolong dong jangan ngecewainsaya pengguna lama GoJek selama ini engga ada masalah selalu mengikuti prosedur Tapi malah begini pelayanannya saya kecewa banget,2,2024-02-02 06:43:44,4.81.2,negative,rating_rule,340
Dendry Pangaribuan,Gonpay later sering gangguan tolong dibenahi,2,2024-01-23 02:54:33,4.81.2,negative,rating_rule,44
Dwi ArifKu,Gopay later tibatiba terblokir Limit masih melimpah pembayaran tepat waktu 3 kali hubungi CS tetap saja tidak ada penyelesaian dan alasan yg jelas Terakhir disuruh mencoba bulan depan Ada untungnya juga bisa ngirit hehe,1,2024-01-29 18:50:50,4.81.2,negative,rating_rule,219
Deva jusa JUsa,Samgat baik  membantu,5,2024-01-29 19:34:19,4.81.2,positive,rating_rule,21
madeleine loliana,ramah sekali driver nya suka ajak ngobrol,5,2024-02-02 07:14:56,4.81.2,positive,rating_rule,41
Andy Hernady,Gopaylater lambat sehari aja dendanya gede bgt parah,1,2024-02-02 07:14:06,4.81.2,negative,rating_rule,52
Sakti Priyo,Aman,5,2024-02-02 07:09:23,4.81.2,positive,rating_rule,4
Hnfi,TOLOL SINYAL FULL KUOTA MASIH BANYAK GILIRAN TRANSFER ERROR EH TAUNYA UDAH KE TRANSFER KIRAIN BELUM GGARA SINYAL ERROR JADINYA 2X KONFIRMASI EHH MALAH APLIKASINYA TOLOL TOLOL TOLOL,1,2024-02-02 07:05:20,4.81.2,negative,rating_rule,180
febrita suzarwati (Febryta),Susah dapat driver saat hujan Drivers nya pilih pilih orderan,1,2024-01-29 23:26:34,4.81.2,negative,rating_rule,61
Ender Nity,Ga tau disuruh temen,5,2024-01-29 23:26:53,4.81.2,positive,rating_rule,20
Josua Isaiah Mangera Kara,gocar kalo pagi lama banget gaada yang mau angkut,1,2024-01-29 23:29:51,4.81.2,negative,rating_rule,49
Panca alamanda,goog,5,2024-02-02 06:58:41,4.81.2,positive,rating_rule,4
AIUEO,kalau hujan kenapa susah bgt ya Allah dapetinnya mana sering telat sekolah garagara susah dapet driver,1,2024-01-29 23:45:43,4.81.2,negative,rating_rule,102
Bang Chan,Woyyyy anjingggg goblokkkkkk udah top up gopay saldo rekening udah kepotong tapi saldo GOPAY tetep 0 dasar anjinggggg taiiii babiiiiiiii,1,2024-01-23 01:04:45,4.81.2,negative,rating_rule,136
Renty Chaniago0202,cuman lelet x,5,2024-01-29 23:53:56,4.81.2,positive,rating_rule,13
Franciscus Ricky,HAPUS aplikasi turut bekerjasama dgn aplikasi penipuan dgn memasang iklannya,1,2024-01-29 23:56:44,4.81.2,negative,rating_rule,76
ilham akbar,Good aplcation,5,2024-01-29 18:44:26,4.81.2,positive,rating_rule,14
Yeri Andriyani,Aplikasi Gojek bagus gampang cari alamatnya,5,2024-02-02 07:22:50,4.81.2,positive,rating_rule,43
Melova Cantik,Habis isi gopay 300000 baru dipakai dikit sisa masih banyak  apk gojek g bisa dibuka sdh 2 bl lalu,1,2024-02-02 07:40:07,4.81.2,negative,rating_rule,98
Fadlah Nurussilmah,gercep,5,2024-01-29 15:34:03,4.81.2,positive,rating_rule,6
Mila Arsita,Lama2 gak jelas ini aplikasi nyari driver skrg kyk susah bgt pantesan aplikasi sebelah lebih berjaya Perbakin itu manajemen nya Lama2 punah lu yg bertahan malah yg dari luar negeri Seperti sampah aplikasinya skrg gw dlu belain2 selalu gunakan aplikasi GOJEK karena mendukung produk lokal skrg gw jadi beralih ke sebelah lebih cepet dpt driver mahal jg gw jabanin mohon klau bsa jgn mengecewakan pengguna setia lah jam yg gak sibuk pun cari driver susah buang2 waktu,1,2024-01-29 16:04:40,4.81.2,negative,rating_rule,465
Devi Hatik,Melayani dgn baik,5,2024-01-29 16:14:08,4.81.2,positive,rating_rule,17
Shodikin Jepara,Masih suka sebenar nya tpi,4,2024-01-29 16:18:28,4.81.2,positive,rating_rule,26
Yusuf Yanuar,Untuk gopay laternya nggak bisa di bayar lebih awal jadi b2 dulu nanti kalo bisa baru di kasih b5,2,2024-01-29 17:43:48,4.81.2,negative,rating_rule,97
Amirul Mujahidin,Tidak ada yg sempurna karena kesempurnaan hanya milik allah,4,2024-01-29 16:28:50,4.81.2,positive,rating_rule,59
Rahmat Sanfitra,Cepatramahm embantu sekali,5,2024-02-02 07:28:57,4.81.2,positive,rating_rule,26
Mogot Caroline,Lebih murah dibandingkan sebelahok tetap berjaya Go Go Go,5,2024-01-23 02:34:24,4.81.2,positive,rating_rule,57
nadia,Telat dikit langsung diblokir gbs digunain lg pdhl pelanggan setia NAJISSSSSS,1,2024-01-29 16:43:48,4.81.2,negative,rating_rule,77
Mikhael Sembiring,Selalu ada Jalan,5,2024-01-29 17:15:04,4.81.2,positive,rating_rule,16
Maya Mufliha,Saya kecewa dengan apk ini masak saya isi paket data di apk ini udh kepotong tapi paket data saya tidak masuk sama sekali saya sangat kecewa bkn masalah nominal ya 100rb saya kepotong untuk paket data krna saya isi paket data jd 50gb 100rb tapi tidak ada masuk saya sangat kecewa,1,2024-01-29 17:21:45,4.81.2,negative,rating_rule,279
Ayam Kalasan Judes,Jgn alay lah,1,2024-01-30 06:56:29,4.81.2,negative,rating_rule,12
Siti Rohani,senang playanan cepat driver ramah dan sering ada promo n disc,5,2024-02-02 04:19:55,4.81.2,positive,rating_rule,62
C O L D,Jawaban pusat bantuan tidak berguna giliran hub cs balas nya lama banget,1,2024-01-30 10:51:47,4.81.2,negative,rating_rule,72
Dessy Afriyani,Tepat waktu dan banyak promonya,5,2024-01-30 10:08:23,4.81.2,positive,rating_rule,31
Ade Maulydiah Putri,Kadang aplikasi eror voucher menghilang semua Tanggal di layanan bantuan tidak sesuai,3,2024-02-02 00:23:21,4.81.2,neutral,rating_rule,85
"Elas Junika, A. Md",Kenapa belakangan ini sering terjadi orderan ganda  jadi salah paham sama drivernya sampai marah drivernya gara orderan gandanya,3,2024-01-30 10:44:53,4.81.2,neutral,rating_rule,128
Siti umadatul ulya Ulya,Gercep dan suka kr sering ada promo hematnya,5,2024-02-01 17:49:12,4.81.2,positive,rating_rule,44
Kasmanto Kasmanto,knp akun gojek sy gk bisa di buka sdh update,5,2024-01-30 13:02:07,4.81.2,positive,rating_rule,44
Wulan Wulan,Gonek sangat membantu,3,2024-02-02 00:41:28,4.81.2,neutral,rating_rule,21
apung se apung se,Amtap,5,2024-01-30 10:43:58,4.81.2,positive,rating_rule,5
Paulinus Gulo,Membantu,5,2024-01-30 10:31:06,4.81.2,positive,rating_rule,8
Roney Palabuan,Tiba tiba gopay leter di blokir ga jelas padahal slalu tepat bayar,3,2024-02-01 17:23:01,4.81.2,neutral,rating_rule,66
novitri kholifa,trima kasih pak driver walaupun hujan siap mengantar,5,2024-01-30 10:30:13,4.81.2,positive,rating_rule,52
Mam Setiaji,Terbaik,5,2024-02-01 17:13:59,4.81.2,positive,rating_rule,7
Sita Rayen18,Jadi Lemot hbis update an harusnya makin lancar,2,2024-01-30 10:00:08,4.81.2,negative,rating_rule,47
Stefanus Oentojo,Bila pesan car hemat tunggu lama dan pasti tidak dapat,1,2024-02-02 00:48:10,4.81.2,negative,rating_rule,54
Teodorin Dea,Semoga berkah,5,2024-01-22 17:26:08,4.81.2,positive,rating_rule,13
sarif hidayat,GoJek mantaplah,5,2024-01-30 09:51:33,4.81.2,positive,rating_rule,15
Janitra Novi,Mantap bawanya pak,5,2024-02-02 01:06:53,4.81.2,positive,rating_rule,18
Sussy Wie,Aplikasi keluar terus saat digunakan,1,2024-01-30 13:51:04,4.81.2,negative,rating_rule,36
Liah Liah,Gak tau dah mau komen apaintinya ini aplikasi makin jelek ajapesanan suka lama banget padahal jaraknya gak jauh alamat suka nyasar tibatiba tidak sesuai,2,2024-01-30 09:28:45,4.81.2,negative,rating_rule,152
ATIK SETYANINGSIH,gojek jadi langganan saya service prima,5,2024-01-30 09:27:19,4.81.2,positive,rating_rule,39
Savinykh,Mesen gojek padahal banyak yg deket malah dapet yg drivernya jauh Jadinya telat ke kantor Nanya ke supirnya katanya biar rata kebagian semua ordernya tapi saya yg di rugikan  Ga lagi deh pake ini aplikasi Kecewa sangat,1,2024-01-30 10:50:00,4.81.2,negative,rating_rule,218
zen thea,Cukup membantu di kala lg butuh transportasi,4,2024-01-30 10:50:26,4.81.2,positive,rating_rule,44
Tag Store,Sangat memudahkan,5,2024-01-30 10:51:45,4.81.2,positive,rating_rule,17
Gea Vatrio,setelah di update malah tambah jelek,1,2024-01-22 15:12:41,4.81.2,negative,rating_rule,36
samuel abraham,Hampir semua driver bilangnya gaada kembalian tapi giliran dibilang bener gaada duit receh baru dikasih kembalian tingkatkan kejujuran juga yaa,3,2024-01-22 15:13:01,4.81.2,neutral,rating_rule,143
aulia ineke,aplikasi yg sangat bagus profesional dan sangat membantu,5,2024-01-30 12:03:03,4.81.2,positive,rating_rule,56
taufik hidayat,Masa payleter 17000 terlambat 1 hari denda 50000parah banget outo unistal,1,2024-02-01 20:38:49,4.81.2,negative,rating_rule,73
Resvina Dinata,Gak bisa buka buka akun mo bayar paylater jd kena denda sehari pdhl baru kelewat beberapa jam baru bsa ke update gmna cara hapus dendanya,1,2024-02-01 21:47:37,4.81.2,negative,rating_rule,137
Kang Moes,Hi gojek ga sah ngadi bnyak sekarang apk yg jauh LBH murah untuk transportasi pinjaman juga masa denda ga wajar hutangnya cuma 135k ru telat 1 hari dah denda 50 k ampunn dah di pegang karya anak bangsa malah ga jelas g kaya dulu waktu di pegang OLEH FINDAYA dendanya per hari kan orang kadang lupa ini mah alamat uni instal apk rame satu kluarga pindah k Maxim dan indrive ngadi bnget apknya GoJek sekarang,1,2024-02-01 22:00:19,4.81.2,negative,rating_rule,406
Arsin Wisnuadi,Sudah lebih baik,5,2024-01-30 11:50:57,4.81.2,positive,rating_rule,16
Talitha fadhillah,Sekarang kenapa ga bisa psn gojek buat org lain yaklau beda lokasi malah alamatnya ga kebacapdhal dulu bisa,3,2024-01-30 12:20:52,4.81.2,neutral,rating_rule,107
Damai 88,sy sebenarnya tdk telat dan sudah menunggu di titik lokasi tapi kenapa sy yg kena charge padahal titik jemput sudah benar,3,2024-01-30 11:41:53,4.81.2,neutral,rating_rule,121
Vilapondokindah 2019,Mantabb,5,2024-01-30 11:31:17,4.81.2,positive,rating_rule,7
Marfendry Lukman,pokok ee Mantap,5,2024-01-30 12:29:06,4.81.2,positive,rating_rule,15
Radit Rayadi,Perjalanan jadi mudah,5,2024-01-30 12:29:27,4.81.2,positive,rating_rule,21
Anis Anis,Bagus Tapi kenapa sekarang gak bisa dibuka,3,2024-01-30 12:41:05,4.81.2,neutral,rating_rule,42
abi yasha,Apk ini sangat ngebantu banget untuk memesan makanan lewat online perpegian dsb,5,2024-02-01 23:27:04,4.81.2,positive,rating_rule,79
LIMIN LOMBOK,Mudah cepat dan murah,5,2024-02-02 00:02:16,4.81.2,positive,rating_rule,21
Bayu Kurniawan,Make me Power you are a few minutes to get away for me,4,2024-02-01 18:33:41,4.81.2,positive,rating_rule,54
Sandi Falathan,tapi saya belum bisa untuk gopay pinjampengajuan saya selalu di tolak,5,2024-01-30 12:51:59,4.81.2,positive,rating_rule,69
agung gumelar saputra,oppo f1 s,4,2024-01-30 11:26:49,4.81.2,positive,rating_rule,9
Aji Prima Syahid Abdurakhman,Saya lebih banyak saya dapat driver yang lokasinya jauh dari titik penjemputan,3,2024-01-22 15:51:29,4.81.2,neutral,rating_rule,78
Winoto Grab,Pelayanan nya semakin mengecewakan,1,2024-01-22 16:02:13,4.81.2,negative,rating_rule,34
Danil Sunjaya,Gopaylater tiba2 diblokir Ga jelas Bayar ga pernah telat Aplikasi aneh,1,2024-02-01 18:09:40,4.81.2,negative,rating_rule,70
Heilamss,Gopay Later di blockir padahal sering bayar,1,2024-02-01 16:32:25,4.81.2,negative,rating_rule,43
Ekocahyo Sulistyo,Jadi bisa atur semua pembayaran,5,2024-01-30 09:20:46,4.81.2,positive,rating_rule,31
HRO CHANNEL,Antoh neh psyouh bek gawei tokes,2,2024-01-30 14:27:59,4.81.2,negative,rating_rule,32
Faisal Amar,Aman tapi ongkirnya tidak promo,5,2024-01-30 14:11:23,4.81.2,positive,rating_rule,31
Yuni Yuni,Terima kasih pinjaman Ivoji sangat membantu saya,5,2024-01-30 08:15:29,4.81.2,positive,rating_rule,48
Dzilan Dzalila,Dengan gojek mau bepergian mudah cepat dan murah,5,2024-02-02 01:45:32,4.81.2,positive,rating_rule,48
Agus Ramdani,Ramah,5,2024-01-30 14:16:09,4.81.2,positive,rating_rule,5
Fahmi Halim,Easy,5,2024-02-02 01:55:07,4.81.2,positive,rating_rule,4
nelisa nelisa,Buat Kalian yg suka pakai gopaylater jika update klik saja nanti soalnya klo di update tiba2 terblokir dan gak bisa di pakai lgi  Padahal selama ini sangat membantu dan bayarnya sllu tgl 28 padahal JT tgl 01,1,2024-01-30 08:05:50,4.81.2,negative,rating_rule,207
Par Lan,Lebih mantap paki gojek,5,2024-01-22 20:46:35,4.81.2,positive,rating_rule,23
Seftiyani Ulyaina,Tidak bisa masuk akun padahal punya akun dan selalu keluar notic masalah jaringan padahal wifi kenceng paket data banyak selalu berulang gk bisa masuk akun dan sebelumnya malah gopaynya gk bisa di pake dengan notic tidak ada jaringan padahal paket datanya nyala dan masih banyak Parah sih,1,2024-01-30 07:55:18,4.81.2,negative,rating_rule,288
Zulfi Mauluddin,Tolong di Banyakin promo diskonnya lagi saya sebagai pengguna gopayletter,5,2024-02-02 01:55:45,4.81.2,positive,rating_rule,73
Abdul Jay,Iklan meresahkan,1,2024-02-01 15:30:25,4.81.2,negative,rating_rule,16
azizah fitra,Good lah,5,2024-01-30 07:46:31,4.81.2,positive,rating_rule,8
winda agustin,Good membantu sekali,5,2024-01-30 08:30:30,4.81.2,positive,rating_rule,20
baem eem,Solusi bagi kita yg mau buru2 dgn biaya yg terjangkau Sat set set,5,2024-01-30 07:42:40,4.81.2,positive,rating_rule,65
Arshaka Aditia,Ga pernah kecewa sama gojek selalu terbaik,5,2024-01-30 14:34:26,4.81.2,positive,rating_rule,42
Ade Margareta,Gopaylater Saya di blokir dari bln okt 2023 tanpa sebab dan di Januari 2024 limit naik tetapi tdk dapat di gunakan juga karena masih terblokir apakah Gopaylater saya masih berguna  Mohon infonya Terimakasih,5,2024-01-30 07:42:12,4.81.2,positive,rating_rule,206
Nur Wida,titik nya selalu menceng jauh tolong fiper baiki rute dari drivernya ke prnjemputan agar bisa lebih cepat saat menjemput,1,2024-02-02 02:18:04,4.81.2,negative,rating_rule,120
Resha Yogaswara,Saya top up saldo gopay namun secara langsung terpotong tagihan yg tidak jelas padahal saya tidak pernah meminjambayar nanti saat menggunakan aplikasi gojek Dan sebelumnya saya menerima transfer saldo gopay juga terpotong juga dari tagihan yg tidak jelas sudah 2 kali terpotong gara2 tagihan,1,2024-02-02 02:23:56,4.81.2,negative,rating_rule,291
Ndaru Ardiansah,Mantabbb betul,5,2024-02-01 15:28:59,4.81.2,positive,rating_rule,14
Dhiaz Kusumah,Pelayanannya lambat dan ribetterutama buat gopay plus ga bisa ganti ke no baruga bisa hapus akun dan ganti ke no yang barumenyusahkan sekali proses nya,5,2024-02-02 02:30:49,4.81.2,positive,rating_rule,151
Robby Lou,Good Aplication,5,2024-01-30 14:50:04,4.81.2,positive,rating_rule,15
Hairul Syahbana,Satu nya apk yang ga cocok di kasih bintang,1,2024-01-30 07:33:11,4.81.2,negative,rating_rule,43
Nurul Amira HR,Ongkir gofoodnha mahal banget mana promo berlaku cuma untuk minimal belanja 100rb,1,2024-01-30 07:27:13,4.81.2,negative,rating_rule,81
Salwa Syivana Nuraisah,gojek makin lama makin buruk tiap update bukannya makin bagus malah makin gk jelas,1,2024-01-22 22:15:08,4.81.2,negative,rating_rule,82
Nur Hady,Saya langganan gofood pluss biar gratis ongkir tapi kenapa ada biaya penanganan Sama aja jadinya kena ongkir gimanasih rugi,3,2024-02-01 15:32:35,4.81.2,neutral,rating_rule,123
m tukhah,apk jelekk gampang bgt,1,2024-01-30 08:14:32,4.81.2,negative,rating_rule,22
KARIMUN KARIMUN,Pokoknya membantu,5,2024-01-30 11:57:54,4.81.2,positive,rating_rule,17
Tika K. Bayu Nugroho,Tiap buka aplikasi sruh up date baru 1 minggu buka update lg jd mau buru2 harus nunggu instal dlutolonglah masak iya 1 bulan update 3x,3,2024-01-30 08:55:37,4.81.2,neutral,rating_rule,134
deglox underz,Psnn cepatjoss,5,2024-01-20 13:28:54,4.81.2,positive,rating_rule,14
Waryono,Banyak fitur baru yg sngt membantu dan memudahkan,5,2024-02-01 15:37:52,4.81.2,positive,rating_rule,49
Najma Sandryna,Bagus dan mantap,5,2024-01-30 14:00:28,4.81.2,positive,rating_rule,16
Gladys Mdo,Good recommended,5,2024-01-30 08:47:35,4.81.2,positive,rating_rule,16
Muhammad Abdul Aziz,Saran aja jangan pernah pake Gopay Later pengaturan paylater untuk pembayaran ndak ditampilkan didepan biar lupa bayar biar kena denda telat sehari 50000 mantappzzzzzz,1,2024-02-02 01:26:12,4.81.2,negative,rating_rule,167
fia arfia,Gak bisa di pake Gopay saya balikin,1,2024-01-30 08:42:05,4.81.2,negative,rating_rule,35
Reffan “Gwenatan” NatzuGara,Okein aja,5,2024-02-01 16:05:21,4.81.2,positive,rating_rule,9
Andreas Andi Wiyadi,Kepada pengembang aplikasi kenapa setelah update saya rasakan vitur menu2nya semakin rumit ya Kalau bisa ketika update kembali menu2 dan vitur dibuat seperti aplikasi yang versi sebelumnya supaya lebih mudah digunakan dan tidak membingungkan,3,2024-01-19 04:20:36,4.81.1,neutral,rating_rule,241
Montro Chamtari,Murah nyaman cepat,5,2024-01-19 03:57:48,4.81.1,positive,rating_rule,18
fadly ramadhan,Sudah biasa kalo hujan pasti susah dapat driver sekali nya dapat pasti posisi nya jauh pas saya tanya driver di samping saya pak orderan saya ga masuk Ga pak karena saya ladi di suspend 30 menit gara2 ngelewatin orderan soalnya kalo hujan orderan nya ngaco Jauh2 jemput nya,1,2024-01-19 06:46:57,4.81.1,negative,rating_rule,273
charlottelinlin,Capek ama gocar  tiap butuh antar anak kesekolah pasti gak ada sama sekalinunggu lagi cati driver sampai 30 mnt dapat juga alasan belum siap jalan minta d batalin mentang2 hujan banyak orderan jadi milih2 ya percuma promo gak pernah kepakai akhirnya naik gobike anak saya sampai hujan2an  walau pakai jas hujan padahak harga ama gocar beda tipis benar2 bikin kecewa,1,2024-01-19 00:23:03,4.81.1,negative,rating_rule,365
Hartanto Wibowo,Order gocar semakin susah padahal dimaps ada driver yg dekat udah nungguin lama ga ada yg nyangkut,1,2024-01-19 01:19:03,4.81.1,negative,rating_rule,98
Pengguna Google,Cukup bagus sih lumayan ada peningkatan tp disayangkan beberapa driver mempermainkan cust dg alasan tarif terlalu murah halo kita gabisa ngatur ya itu udah dari aplikasi tarifnya kita hanya bisa memilih menggunakan argo apa ride car dll kalau dirasa tarif terlalu murah silahkan lapor ke kantorcs saja jk tdk sesuai keinginan kalian jgn cm nerima order tp ga jalan ujungujungnya dibatalkan sepihak,5,2024-01-19 01:56:30,4.81.1,positive,rating_rule,397
Haqqul Adzan,semoga berkah,5,2024-01-19 01:30:11,4.81.1,positive,rating_rule,13
Robert,Tambah lama tambah ngak berguna,1,2024-01-21 15:23:00,4.81.1,negative,rating_rule,31
Raditya Wira Pratama,Semoga lebih baik lagi,5,2024-01-19 03:39:08,4.81.1,positive,rating_rule,22
DANI KURNIAWAN,Kecewa berat sama gojek gopay saya ke blokir padahal saya tidak melakukan kesalahan apapun tolong pihak gojek,1,2024-01-21 10:16:39,4.81.1,negative,rating_rule,109
Sa'adatul Hurriyah,Hp kereset instal ulang GoJek mapnya malah ngawur rutenya dijauhjauhin padahal rute jalan utama ada,1,2024-01-19 04:12:35,4.81.1,negative,rating_rule,99
Putriii Wahyuningsih,Sering sering ada promo ya Jangn pelanggan yg baru aja d kasih promo banyak Pelanggan lama juga biar ga berpaling dari gofood mantap,5,2024-01-21 14:56:12,4.81.1,positive,rating_rule,132
Anggie Rahmadian Zulkipli,Gopaylater saya kenapa diblokir sepihak transaksi lancar pembayaran lancar  emang bener2 dahh gojek udah ga seru lagi,1,2024-01-19 01:30:18,4.81.1,negative,rating_rule,117
Liyah Jajar,Cepet aja pokoknya,5,2024-01-19 00:20:29,4.81.1,positive,rating_rule,18
larry setiawan,Jangan tunggu jatuh tempo baru bisa bayar klo orang mau bayar duluan kasih aja dari pada lupa jadi nya kan enak di kamu dapat fee denda dari Kami,2,2024-01-19 01:55:30,4.81.1,negative,rating_rule,145
yoriwiedya,Selalu ada bug aplikasi Kali ini akun saya tidak ada promo sama sekali Padahal banyak tampilan promo tetapi tidak bisa dipakai Langganan juga tidak tersedia LOADING GO FOOD SANGAT LAMBAT padahal internet lancar Mohin diperbaiki,1,2024-01-21 15:18:11,4.81.1,negative,rating_rule,227
Roy Liem,Banyak diskon supir gojek ramah terima kasih Tuhan memberkati,5,2024-01-19 01:16:58,4.81.1,positive,rating_rule,61
Ramli Ramli,Gojek saya ga bisa dibuka semejak dipembaharui ke aplikasi gojek versi baru,1,2024-01-19 06:31:57,4.81.1,negative,rating_rule,75
Angelia Pratama,apk gak jelas ngelag kocak,1,2024-01-21 23:39:36,4.81.1,negative,rating_rule,26
Lionel Gandewa12,Aplikasi berguna,5,2024-01-21 10:17:19,4.81.1,positive,rating_rule,16
Ade usman Usman,Aplikasi jadi ngaco stlah di Upgrade jadi susah top up sado saya jadi hilang,1,2024-01-21 15:13:25,4.81.1,negative,rating_rule,76
Ross Aat88,Selalu sat set drivernyamantap,5,2024-01-19 06:49:18,4.81.1,positive,rating_rule,30
Ronny dan sandi Van Rodex dan sandi,Sangat membantu tapi sayangnya saat order sore malam AC mobil gocart sering di off kan oleh driver  sehingga kenyamanan customer berkurang,3,2024-01-21 23:40:09,4.81.1,neutral,rating_rule,138
taMey Setyowati,Sangat mengecewakan tidak membantu terhadap masalah yang terjadi pada transaksi gomart,5,2024-01-19 00:38:19,4.81.1,positive,rating_rule,86
kinara Adiella,Bagys,5,2024-01-19 03:40:11,4.81.1,positive,rating_rule,5
Adrian 1975,Gojek ok,5,2024-01-19 01:30:32,4.81.1,positive,rating_rule,8
Evi Sisca,Masuk akun lama gak bisa2 ngebugg muluu  bkin akun baru pun gak bisaa  pdhl dlu gmpg bgt bkin akun di aplikasi gojek ini  skrg kog dipersulit ya,1,2024-01-21 10:25:08,4.81.1,negative,rating_rule,144
Jose Galhos,Semenjak semenjak hadirnya goto limit paylater tidak bisa di gunakan sy sangat kecewa tidak perna bayar telat di cicilan tapi limit bertamba mau pake transaksi gak bisa di gunain malah di GoJek limit paylater di blokir tolong beri solusi semulanya nya berjalan lancar baik belanja gofood maupun yg lain nya sekarang limit bertambah malah sia sia malah di alihkan gopay apa limit pay later masih di gunain apa UD gak bisa lagi tolong solusinya terima kasih,5,2024-01-19 04:33:25,4.81.1,positive,rating_rule,455
Luthfi Subardin,Sangat baik dan sopan,5,2024-01-21 10:39:03,4.81.1,positive,rating_rule,21
Nicky Lauda,Istimewa banyak promonya,5,2024-01-21 15:00:24,4.81.1,positive,rating_rule,24
Nenih Neng,Sangat suka gojek,5,2024-01-21 23:50:08,4.81.1,positive,rating_rule,17
Edwar ibrahim,Sudah di perbaiki mantap cepat respon,5,2024-01-21 23:58:45,4.81.1,positive,rating_rule,37
Alika Naila putri,apakah gojek selalu myeyediakan jas hujan tolong di bantu untuk di jawab,4,2024-01-19 04:03:41,4.81.1,positive,rating_rule,72
Dedo Zazaly,Aplikasi berat dan loading muluram hp 6gb sinyal 4gutk aplikasi lain lancar jayacuma aplikasi ini aja yg lemotmohon diperbaiki untuk kenyamanannyaterima kasih,1,2024-01-21 10:17:06,4.81.1,negative,rating_rule,158
Rthndd,Aplikasi driver g mutu,1,2024-01-19 01:15:42,4.81.1,negative,rating_rule,22
Yulia Fitri ari,Selalu bisa di andalkan dimanapun Terima kasih,5,2024-01-21 23:35:50,4.81.1,positive,rating_rule,46
Reza Pahlevi,Segalanya mudah dgn gopay,5,2024-01-21 18:28:10,4.81.1,positive,rating_rule,25
djan Khim,Kak kenapa gopay saya tidak bisa dibuka dan ada terdaftar hp vivo sedangkan hp bukan vivo,4,2024-01-21 23:17:15,4.81.1,positive,rating_rule,89
May Shantika de,Aplikasi yang sangat2 membantu  Semoga Gojek selalu sukses dn maju,5,2024-01-21 17:19:01,4.81.1,positive,rating_rule,66
Ferdy Adnan Hernando,saya sudah berlangganan gofood plus tapi ternyata sekarang ga ada resto gofood plus sehingga saya tidak dapat menggunakan fitur dari langganan tersebut mana langganannya 3 bulan langsung lagi  mohon di perbaiki,1,2024-01-21 17:34:40,4.81.1,negative,rating_rule,210
Izaa Minsong,Sangat bgusdan sangat membantu,5,2024-01-21 12:25:17,4.81.1,positive,rating_rule,30
Rizqi Nugraha 26,Well,5,2024-01-21 13:18:20,4.81.1,positive,rating_rule,4
Toko dan Penginapan JALA SUTRA,Memudahkan sekali Terimakasih gojek,5,2024-01-21 12:22:47,4.81.1,positive,rating_rule,35
NDL Channell,Topup saldo gopay gak masuk masuk dari semalem Akun dinonaktifkan mau pemulihan akun gagal terus Payahhhhhhh,1,2024-01-19 06:01:42,4.81.1,negative,rating_rule,108
Winna Meichan,Senang pakai aplikasi Gojek jadi mudah,5,2024-01-21 12:20:33,4.81.1,positive,rating_rule,38
chris po,selalu membantu ketika sy membutuhkan bantuan,5,2024-01-19 02:55:52,4.81.1,positive,rating_rule,45
ryndei dwi,Top Mantap is The Best  pilihan No 1 sii kalo utk Ojek Online ataupun Gosend,5,2024-01-19 06:03:05,4.81.1,positive,rating_rule,76
Reky Recardo,respon gonek lama,1,2024-01-19 06:04:24,4.81.1,negative,rating_rule,17
Lala Nuryanti,Apk jelek,1,2024-01-19 06:04:37,4.81.1,negative,rating_rule,9
Syarief Aji,Aplikasi bangke udah di upgrade di gopay knp minta upgrade lagi Nyusahain hak orang,1,2024-01-21 12:17:32,4.81.1,negative,rating_rule,83
Samsudin Samsudin,Aplikasi paling membantu untuk sehari hari saya,5,2024-01-21 12:04:04,4.81.1,positive,rating_rule,47
anggraeni,Termakasih selalu menjadi yg terbaik,5,2024-01-21 20:50:25,4.81.1,positive,rating_rule,36
Riko Perdianto,nyari driver aja lama bgt,1,2024-01-19 06:05:20,4.81.1,negative,rating_rule,25
Agus Toni,Kenapa tidak bisa memesan driver gojek ya maksud ku untuk orderan goride padahal aku punya pulsa yang cukup,5,2024-01-19 04:53:21,4.81.1,positive,rating_rule,107
Ferry Rahman,Instan pick up poin dalam terminal bungur asih sebaiknya ditutup saja dari pada tidak ada diriver yg mau masuk,2,2024-01-21 22:10:20,4.81.1,negative,rating_rule,110
games lovers,Uang saya kok belum di refund,1,2024-01-21 15:21:00,4.81.1,negative,rating_rule,29
Hanan Cepoe,ToP,5,2024-01-19 05:54:16,4.81.1,positive,rating_rule,3
Imam Cahyo Nugroho,membantu,5,2024-01-21 12:33:31,4.81.1,positive,rating_rule,8
Nevi Rahma Yunita,Aneh bgt gopaylater dipake mulu ga pernah telat bayar Limit dinaikin tbtb kena blokir Ngirim email jg yg bales robot jawabannya sama mulu Udah saya ajuin laporan sesuai yg disarankan hasilnya tetep nihil wkwk Ganti PT malah gak jelas banyak bgt yg tbtb ke blokir tanpa alasan jelas csnya juga jadul banget apk lain udah bisa pake live chat atau whatsapp ini mah pake email doang dan yg jawab kayak robot semua Maaf kecewa bgt,1,2024-01-21 12:59:20,4.81.1,negative,rating_rule,425
Angga Widyat,Ga suport kalo lokasinya pinggiran kota,2,2024-01-21 12:50:30,4.81.1,negative,rating_rule,39
Eva Solina,Skrng sm sekali g bs buka aplikasi gojeknya pdhal saldo lumayan bnyk didlm,1,2024-01-19 05:35:52,4.81.1,negative,rating_rule,74
Tonny Patrick ferdinand,Ok tapi gopaylater sy di blok,5,2024-01-19 05:31:52,4.81.1,positive,rating_rule,29
Indra Indriawan,membantu banyak manfaat nya,5,2024-01-19 02:37:54,4.81.1,positive,rating_rule,27
Joko Pitaryanto,Puas naik Go Car,5,2024-01-19 02:34:50,4.81.1,positive,rating_rule,16
Dhany Indra,Mntul,5,2024-01-19 05:40:29,4.81.1,positive,rating_rule,5
Rahmad Taufik,Knp gofood jarak dekat sering di cancel driver Karna ongkir yang di dapat driver murah Semoga Argo goceng di hilangkan,1,2024-01-21 18:06:24,4.81.1,negative,rating_rule,118
Meilisa W,Gojek yg sekarang bener ngeselin lambat banget selalu dapet titik jauh dari lokasi order padahal hampir tiap hari pake Jauh banget sama hijau sebelah langsung fast respon lokasi driver juga selalu deket atau at least ga jauh banget jadi gak kelamaan nunggu I hate it Tadinya kasih bintang 2 sekarang bintang 1 aja Sangat mengecewakan,1,2024-01-19 02:41:26,4.81.1,negative,rating_rule,333
riski a kalas,Transaksi pakai qris pas di transfer muncul menunggu loading setelah itu saldo hilang struk pun gak muncul di riwayat transaksi,1,2024-01-19 02:34:42,4.81.1,negative,rating_rule,127
Melvindwi Purnama kelas 3 uhud rabbani purwakarta,Waktu pengiriman cpt,5,2024-01-19 02:41:31,4.81.1,positive,rating_rule,20
Rewo Rewomaneh,Ok Main blokir gopaylater sesuka hati Nanti gw bayar aesuka hati juga,1,2024-01-19 05:24:45,4.81.1,negative,rating_rule,69
Ikbal Ardiansyah,Aplikasi sampah gofood dikirimnya lama 2 jam ga nyampe drivernya males males,1,2024-01-19 05:12:07,4.81.1,negative,rating_rule,76
Nuris MS,pak perketat pemasangan foto gw sering ketipu gambar makanan,3,2024-01-19 02:27:30,4.81.1,neutral,rating_rule,60
El yas,Biar bintang yg bicara mantul,5,2024-01-21 22:21:06,4.81.1,positive,rating_rule,29
Rudi Maulana,Emang skrng bisa ambil 2 orderan yg satu arah ya Jadi lama bgt nunggu orderan datang dan skrng jg saya ngerasa nambah lama nympeny entah itu 1 atau 2 orderan pdhl jaraknya deket gofood,4,2024-01-21 13:30:10,4.81.1,positive,rating_rule,184
Tkianhong Thi,terima kasih banyak atas respon yg baik dan cepat good jobsemoga semakin maju dan baik kedepannya,5,2024-01-21 11:58:36,4.81.1,positive,rating_rule,97
Malika Nargis,Ada gopay later tapi ko ga bisa di pakai transaksi payah nih gojek Php doank taunya mana ga ada layanan live chat jg di aplikasinya sungguh aplikasi bobrok,1,2024-01-21 16:48:42,4.81.1,negative,rating_rule,155
suherman nst senyum ajjah,Semoga makin maju ini ojek karna sangat membantu,5,2024-01-21 12:59:09,4.81.1,positive,rating_rule,48
Akbar Saputro,Tolol banget aplikasi nya maksa untuk instant kalo lagi hujan ga ada driver ga bisa mesen yg biasa karena di dekat titik instant,1,2024-01-19 02:02:22,4.81.1,negative,rating_rule,128
Ayunda reva maulidiya,aplikasi apaan salah pin gopay tiga kali ga bisa di pakai sama sekali padahal lagi butuh banget,1,2024-01-21 22:46:00,4.81.1,negative,rating_rule,95
Galardo malang,Gojek bagus,5,2024-01-21 14:50:34,4.81.1,positive,rating_rule,11
Onie Indra,Akses mudah  cepat dan pelayanannya memuaskan,5,2024-01-21 11:08:54,4.81.1,positive,rating_rule,45
dzaky afni 123,Ini aplikasi diperbarui kok semakin aneh ya buka aplikasi ini itu selalu tibatiba muncul iklan video gojek sangat ganggu Tolong diperbaiki lagi terimakasih,1,2024-01-21 14:56:07,4.81.1,negative,rating_rule,155
Dedi Dearya,Responsif,5,2024-01-21 22:50:46,4.81.1,positive,rating_rule,9
Alyana Putry Pramono,Kenapa aplikasi Gojek udah berapa bulan ini susah malah kadang gak bisa aku buka di android aku,1,2024-01-21 11:07:18,4.81.1,negative,rating_rule,95
DedeChandra,Terimakasih atas kerja sama nyasangat membantu usaha yang kami jalanimohon untuk pengembangan nya,5,2024-01-21 16:40:20,4.81.1,positive,rating_rule,97
sudarsono wibowo,Tambah nyaman,5,2024-01-21 10:54:45,4.81.1,positive,rating_rule,13
puspita endah,Sore kesel bnget minta di update trus hbs di update ga bisa k buka gojek nya mana baru isi saldo lgi trus cara nya gmn Biar saldo bisa di balikin lgi,1,2024-01-21 10:47:36,4.81.1,negative,rating_rule,149
Toni Mulyadi,makasih gojeksering ksih diskon,5,2024-01-19 04:38:42,4.81.1,positive,rating_rule,31
jaafar jeks,Sangat senang sekali murah sesuai tujuan dan ramah tidak terlalu lama menunggu,4,2024-01-21 16:25:47,4.81.1,positive,rating_rule,78
Kevin Meysa,Pesan gojek lama sekali,1,2024-01-19 06:22:53,4.81.1,negative,rating_rule,23
Ketut Ardani,Aplikasi bagus  Sangat membantu klo pas perlu biaya mendadak,5,2024-01-19 01:57:41,4.81.1,positive,rating_rule,60
KENTANGGAMING22,Aplikasi gak jelas susah dpt driver,1,2024-01-21 14:31:46,4.81.1,negative,rating_rule,35
Syarif Hidayatullah,Ga jelas tiba tiba gopaylater diblokir padahal ga pernah telat aneh banget gojek sekarang,1,2024-01-21 13:35:57,4.81.1,negative,rating_rule,89
Harri Kurniawan,Aplikasi membantu cari makanan dan layanan antar jemput banyakin diskon aja menururtku biar tambah rame,5,2024-01-21 11:09:47,4.81.1,positive,rating_rule,103
Ahmad Zaenudin,Kenapa harus ada gopinjam dan gopaylatter di menu saya kalau ga bisa digunakanpadahal semua tagihan sudah dibayar lunas tanpa kurang sedikitpun  Mengecewakan,1,2024-01-21 11:50:14,4.81.1,negative,rating_rule,157
Marta Dinata (Jolor),Harusnya biaya aplikasi dihapuskan karena tidak ada manfaatnya buat customer dan driver Hanya menguntungkan untuk perusahaan saja,5,2024-01-21 13:52:44,4.81.1,positive,rating_rule,129
pieter bermuda,Driver sameday nya kacau lama nya melebihi estimasi berjam jam,1,2024-01-19 06:11:31,4.81.1,negative,rating_rule,62
Deni setiawan,Mantap cuy,5,2024-01-19 02:23:23,4.81.1,positive,rating_rule,10
Nopri Manik,Semoga gojek enyah dari indonesia ini,1,2024-01-21 11:40:09,4.81.1,negative,rating_rule,37
Ummi Kulsum,Lbih mudah,5,2024-01-19 03:38:27,4.81.1,positive,rating_rule,10
Roni Satria,Ngak menguntungkan konsumenuntuk orderan double buat drivernya Terlalu lama menunggu untuk konsumen yang pertama Parah,1,2024-01-21 11:32:11,4.81.1,negative,rating_rule,118
Didin Suprihatiningsih,Pakai gojekhampir setiap hari Tp kadang gojek sesuai dgn tujuan yg kita inginknterkadang jg gk sesuaialias ngawur,5,2024-01-21 22:32:41,4.81.1,positive,rating_rule,113
Stefen Philip,Sistem nya skrg aneh waktu itu sudah benar kalo kita pesan di jalur ganjil genap gak akan masuk ke driver gocar yg plat nya tidak sesuai pada tanggal nya kenapa skrg bisa masuk orderan nya ke driver yg plat nya tidak sesuai jadi buang waktu pesan cancel pesan cancel,1,2024-01-11 20:41:30,4.81.1,negative,rating_rule,266
gresita pertiwi,Gak bisa di install nanti kalo bisa edit bintang 5,5,2024-01-21 11:30:09,4.81.1,positive,rating_rule,50
Nur Rohman,Sok sok an diskon pulsa 40 padahal error Mulu kalo ga niat bikin diskon ga usah bikin booosss,1,2024-01-19 02:02:38,4.81.1,negative,rating_rule,93
Bachrudin Sholeh,Bagus bintang 5,5,2024-01-21 22:34:42,4.81.1,positive,rating_rule,15
SAY. id,di gojek kaga ada yang hemat mahal semua,1,2024-01-21 11:26:52,4.81.1,negative,rating_rule,40
Mister Zaenal,Aplikasi TololTiba2 PayLater Gw Di Blokir,1,2024-01-21 16:56:36,4.81.1,negative,rating_rule,41
Siti Siti,Kami memberi bintang 5 bukan main2 memang bener ok sukses sll pengetrapan pada anggota GOJEKTEANSPORTASI SUKSES SLL,5,2024-01-19 06:52:26,4.81.1,positive,rating_rule,115
dwi nurhayati,murah meriah pelayanannya selalu baguss,5,2024-01-20 07:34:36,4.81.1,positive,rating_rule,39
Arman Zebua,Mantapp,5,2024-01-19 06:53:18,4.81.1,positive,rating_rule,7
Dewi Novita Sari,Bagus dan membantu,5,2024-01-20 01:26:40,4.81.1,positive,rating_rule,18
ARDINAL HNI,Terus berinofasi,4,2024-01-20 13:07:29,4.81.1,positive,rating_rule,16
Mak tia Panjaitan,Ongkir ny mahal,4,2024-01-20 13:25:33,4.81.1,positive,rating_rule,15
Budy Bucheq,Pada hari Kamis tgl 18 Januari 2024 waktu 1315 wib saya top up gopay senilai Rp 49000 utk pembayaran gofood Yang aneh top up saya tidak masuk ke akun gopay saya dan saldo bank langsung terpotong sesuai jumlah top up tsb Saya coba menghubungi Customer care tapi tdk bisa samq sekali Mohon penjelasan dari pihak Gojek kenapa yg spt ini bisa terjadi,1,2024-01-20 01:25:02,4.81.1,negative,rating_rule,346
Cece Kuswandi,Sangat senang,5,2024-01-20 01:19:03,4.81.1,positive,rating_rule,13
Nara Sunara,Gojek selallu oke mantap,5,2024-01-20 13:32:56,4.81.1,positive,rating_rule,24
Tarmizi Abeng,ekspres,5,2024-01-20 13:43:27,4.81.1,positive,rating_rule,7
Haha Hihu,Cebelapa imut ci acu,5,2024-01-20 01:19:02,4.81.1,positive,rating_rule,20
angelica susi,Untuk laporan atau memblokir akun yang di hack harus tunggu 1x24 Sudah lewat lebih dari 5 hari tetap tidak dapat digunakan tidak ada tanggapan tidak memberikan solusi Halow Parah bener2 prematur,1,2024-01-20 01:10:54,4.81.1,negative,rating_rule,194
Toni Ferdian,Untuk Driver khususnya roda 2 1coba helm untuk penumpang yang layak pake 2Terus klo hujan coba tawarin mau pake jas hujan Masa jasa driver tidak melengkapi amunisinya  3 Tanya ke penumpang mau berangkat aktifitasburu2gimana kadang ada driver yg jalannya doyok emang mau jalan2  4 klo posisi mau tarik oder penumpang disaranin BBM fullcukup POM bensin suka antri,1,2024-01-20 13:52:39,4.81.1,negative,rating_rule,361
Dek Dwi,Aplikasi gojek sangat membantu saya disaat berbelanja maupun berkendara dalam situasi mager semoga kedepannya bisa ditambahkan fitur terbaru dan terbaik,5,2024-01-20 14:21:26,4.81.1,positive,rating_rule,152
tombak sekti,Knapa gak bisa dibuka,3,2024-01-20 01:10:46,4.81.1,neutral,rating_rule,21
Ara Wijaya,Best pkk nya klo buat cr makan lagi mager,5,2024-01-20 13:03:43,4.81.1,positive,rating_rule,41
Mima Nurmadinah,Mantap membantu sekali jadi mudah mau kemana2cepat sampai,5,2024-01-20 12:53:48,4.81.1,positive,rating_rule,57
croop jos,Parah notif  dari banyak karna dari aok driver masuk ke aok cs  parah gojek nyampah aja  gojek semakin semerawut banget,3,2024-01-20 01:42:12,4.81.1,neutral,rating_rule,119
Ananda Fahri Vidi Zaqi,Mentang punya komunitas besar jgn se enak jidatnyamakan atau minum bayarlahdriver gojek makin menjadi kaya premandriver gojek tlol,1,2024-01-20 11:50:20,4.81.1,negative,rating_rule,130
It's Physics but It's Okay,Semoga semakin mempermudah,5,2024-01-20 02:59:13,4.81.1,positive,rating_rule,26
mairizal jali,Blm pernah mengecewakan,5,2024-01-20 11:52:02,4.81.1,positive,rating_rule,23
Pak Pahan,Tolong driver ya jgn terlalu banyak potongan y,5,2024-01-20 02:57:55,4.81.1,positive,rating_rule,46
Danang Wijaya,SATU KATA DORA CHINDO ASU,1,2024-01-20 11:58:01,4.81.1,negative,rating_rule,25
Nina Nurjanah,Gojek adalah transportasi yg membantu saya dan keluarga dalam situasi apapun tp sayangnya di daerah saya pagi hari susah sekali untuk dapat gojek jika adapun jaraknya jauh dan lama kalau harus menunggu,5,2024-01-20 11:59:53,4.81.1,positive,rating_rule,201
Reno Setiawan,Gojek tidak adil  Mengapa gojek saya sedikit promo  Sedangkan di akun teman teman saya semua ada promo Apa karena saya berlangganan gopayplus gratis ongkir Saya putuskan tidak lagi menggunakan apk gojek rugi banyak saya lebih baik saya pinjam akun2 teman saya atau saya buat akun baru saja Sudah tidak minat mengejar target menjadi anak sultan Rugi,1,2024-01-20 02:51:14,4.81.1,negative,rating_rule,348
Nuryati Nurhasanah,Ini knpa ya ko gbisa masuk trus ada notifikasi integritas dirusak sistem berbahaya dan dapat meretas data pribadi tolong dong Min mamah saya pengen recesss soal nya,1,2024-01-20 12:01:52,4.81.1,negative,rating_rule,164
santuy aja,Ok aja lah,5,2024-01-20 12:02:25,4.81.1,positive,rating_rule,10
Warawiri Trans,Okee,5,2024-01-20 02:36:44,4.81.1,positive,rating_rule,4
MAG Shinigami,Bintang 1 karena ada promo di go tagihan yang tidak bisa dipakai lebih baik dihapus aja kalau g bisa dipakai,1,2024-01-20 14:23:28,4.81.1,negative,rating_rule,108
Azki Haryanto,Mantap Gojek Indonesia,5,2024-01-20 14:33:13,4.81.1,positive,rating_rule,22
R Nesarani,I like it  banyak promo jg,5,2024-01-20 03:00:26,4.81.1,positive,rating_rule,26
Puspa Yani,Mudah dalam pengaplikasian,5,2024-01-20 01:01:54,4.81.1,positive,rating_rule,26
Byun BaekSoo,Ok gojek saya kembalikan bintangnya menjadi 5 kembalikarena gopaylater saya sudah normal kembali semoga ke dpn nya jauh lbh baik lagiAamiin,5,2024-01-19 19:32:17,4.81.1,positive,rating_rule,139
Fauzi quell,Order gocar kemarin di lihat harga segini murahpas beberapa menit langsung berubah mahal tidak flat bohongi customer,1,2024-01-19 19:08:47,4.81.1,negative,rating_rule,116
Isti Masyfufah,Membantu bgt,5,2024-01-20 15:26:38,4.81.1,positive,rating_rule,12
Handri Nursito,Lah driver lg pusing menekan pengeluar supaya ga banyak utang nih tawarin ngutang,1,2024-01-19 17:50:38,4.81.1,negative,rating_rule,81
Dedeh Mahfuzoh,Penyelesaian masalah sangat tidak baik,1,2024-01-19 17:22:41,4.81.1,negative,rating_rule,38
Muhammad Fadli,Gojek Zholim saldo GOPAY tau tau 0 Padahal kemarin baru transfer 150k  Case closed Ternyata GOPAY ada 2 GOPAY saldo dan GOPAY tabungan dan saldo GOPAY saya masuk ke GOPAY tabungan bukan ke GOPAY saldo kapan kapan kalo perubahan di sosialisasi kan terlebih dahulu agar tidak menimbulkan isu Terimakasih,5,2024-01-20 15:44:43,4.81.1,positive,rating_rule,301
Hamdani Sajar,Saya menggunakan aplikasi sudah terinstal akan tetapi bila saya membuka gojek tidak bisa Mohon petunjuknya,5,2024-01-20 15:59:58,4.81.1,positive,rating_rule,106
Yuli Fazni E,Bagus promonya ngk worry mau pesan gofoodhee,5,2024-01-20 16:11:48,4.81.1,positive,rating_rule,44
Zulkifli -,Gak bisa ajukan gopaylater selalu mutar gak jelas aplikasi jelek,1,2024-01-19 17:20:39,4.81.1,negative,rating_rule,64
sudarsono wijaya,Sering kasih voucher diskon go food,5,2024-01-19 16:50:17,4.81.1,positive,rating_rule,35
Wulan Saadan,Udah paylater ny ga bisa di pake udah lemot makin di upgrade makin ga jelas ni apk,2,2024-01-20 16:17:43,4.81.1,negative,rating_rule,82
angelina yohana,semenjak di update malah sering bug di aplikasi makanan jadinya masih setengah jam lagi tapi ternyata driver udah nunggu di depan rumah,1,2024-01-20 16:48:58,4.81.1,negative,rating_rule,135
Effendi Nurman,Semoga tetap memberikan yg terbaik untuk indonesia,5,2024-01-19 16:42:35,4.81.1,positive,rating_rule,50
Sajis Art,Tolol,1,2024-01-20 15:24:47,4.81.1,negative,rating_rule,5
Hery Wargianto,Masalah upgrade gopay plus gak selessi selesai hampir satu tahun atau malah lebih mungkin Bolak balik di suruh cek link sudah ber kali kali saya lakukan ituhasilnya 0 besar dulu gojek yg nyaranin ganti foto di ektp sudah saya lakukan di dispenduk tapi ternyata sama saja tetep gak bisa upgrade gopay plus,1,2024-01-19 21:31:58,4.81.1,negative,rating_rule,304
Al ghazali Kohler,Dangat membantu untuk transfortasi instan,5,2024-01-20 15:18:28,4.81.1,positive,rating_rule,41
Rizky Ramadhan,Pelit diskon masa minimal order 300rb diskonnya cuma 10rb wkwk udah gitu jasa aplikasi nya sampai 6rb banyak banget ngambil untungauto uninstall lebih mantap grab,1,2024-01-20 15:05:33,4.81.1,negative,rating_rule,162
Meko Mii,Paylater gajelas Sudah bayar semua tapi masih ada yg ditagih yg katanya beda jatuh tenpo Kalau beda jatuh tenpo seharusnya gak usah dimasukin ke list yg sebelumnya Jadi bayar 2x kocak Hubungi cs juga jawabannya itu itu aja,1,2024-01-20 00:59:34,4.81.1,negative,rating_rule,222
Lahij Kamal,Ke sini makin lemot mau gofood buffering terus katanya no connection padahal buat semua aplikasi lain lancar cuma gojek doang yg lemot Mohon maaf saya pindah ke app lain Kecewa sama gojek sudah seminggu tidak ada perubahan malah makin parah lag nya,1,2024-01-20 00:57:24,4.81.1,negative,rating_rule,248
Eza Reza aja,saya top up dari tanggal 17 januari sampe sekarang kok belum masuk jugadi suruh kirim ini itu sudah saya kasih tapi gak ada hasil tolong itu top up saya hilang atau gimana,1,2024-01-20 00:45:39,4.81.1,negative,rating_rule,171
Hartanto Tanto,Aplikasinya yang bagus bisa dipercaya,5,2024-01-20 00:44:45,4.81.1,positive,rating_rule,37
20_Nurul Ilmil F.,saya  5 tman saya psan gcar yang max kursi 6 dgn harga 43k Pas msuk ke mobil driver ny bilang harusnya cuma 5 orang pdhl jls saya pesan gocar dengan max 6 orang Lalu ketika sampai di tujuan driver malah bilang hitung per orang aja 10k jelas kaget dong teman saya bilang di app cuma 43k dan drivernya bilang lagi hitung per kepala aja bang 10k jadi total 60k kan ngeselin banget Pas kita mau rating dia dia malah udh cancel kita seakan udh tau klo mau di rating rendah,1,2024-01-20 15:08:42,4.81.1,negative,rating_rule,467
Rositin Titin,kpn sampai ke desa2,5,2024-01-20 00:23:59,4.81.1,positive,rating_rule,19
Ridwanul Bakhri,kadang lemot loading makanan lama bener padahal buka aplikasi lain aman,1,2024-01-19 21:52:16,4.81.1,negative,rating_rule,71
Igit Anhary,Parah Top Up belum masuk udah 2 hari mana lagi butuh duitnya tolong donk balikin uang saya,1,2024-01-20 00:23:14,4.81.1,negative,rating_rule,90
Rini Suprapti,Membantu dan memudahkan urusan,5,2024-01-20 00:05:18,4.81.1,positive,rating_rule,30
JOJO BAHO,Dulu saya sangat suka menggunakan gojek ini Tetapi sekarang sudah mulai banyak kendala untuk gojek ini Mulai dari nyari driver yang lama sampai pada saat ingin membayar sesuatu Tolong di perbaiki ya,3,2024-01-19 23:47:26,4.81.1,neutral,rating_rule,198
Kamila Hayati,Bagusdriver GK ugala2nn rata2 ramahtingkaykn terus playann UG trbaik utk planggan yasmg jaya terus,5,2024-01-19 23:06:10,4.81.1,positive,rating_rule,98
Putra Saputra,Dapet draiver kaya mau ngajak mati ugal ugalan ga ramah lagi,2,2024-01-20 15:19:10,4.81.1,negative,rating_rule,60
Cikimam Official,Yg penting harga terjangkau,5,2024-01-20 11:49:27,4.81.1,positive,rating_rule,27
Awanda Rosadi,Udh d update tetap gabisa kebuka buka Capek mau order gofood jadi susah,1,2024-01-19 06:57:34,4.81.1,negative,rating_rule,71
Raehan Permatasari,Harganya terjangkau promonya mantap gopaylater nya sangat membantu Gojek is the best,5,2024-01-20 05:24:12,4.81.1,positive,rating_rule,84
Trinur Sholeh123,Okkd,5,2024-01-20 06:46:48,4.81.1,positive,rating_rule,4
Hendra Mahendra,Mantapsangat membantu jd semuanya serba cpt,5,2024-01-20 06:40:03,4.81.1,positive,rating_rule,43
hendra yana,Godjob,5,2024-01-20 06:28:38,4.81.1,positive,rating_rule,6
Yoseph Mbulu,Bagus dan murah,5,2024-01-20 06:27:08,4.81.1,positive,rating_rule,15
Mugiyati Yati,Sangat nyaman,5,2024-01-20 05:55:46,4.81.1,positive,rating_rule,13
pkbm residivist,Goride Comport Mantap sekali,5,2024-01-20 09:31:46,4.81.1,positive,rating_rule,28
Desta Stor,sangat kecewa saat mentransfer uang ke gopay yang lain memang tertulis di riwayat sudah terkirim tapi pada saat saya tanya belum masuk dan saya coba sekali lagi dengan pecahan yang sedikit dan bisa bagaimana gopay dengan kendala saya tolong bantu jawab,1,2024-01-20 09:42:41,4.81.1,negative,rating_rule,252
Sugiarto Sugiarto,masih bintang 5 walaupun gopaylater saya tidak bisa di gunakan ntah kena alasannya terimakasih,5,2024-01-11 04:47:07,4.81.1,positive,rating_rule,94
Aniie Garpenassy Official,Maps tidak Konsisten Titik lain tempat jemput lain tempat,3,2024-01-20 05:55:14,4.81.1,neutral,rating_rule,57
Ananda Mahesa,Tidak ada opsi untuk laporan masalah driver,2,2024-01-19 00:16:59,4.81.1,negative,rating_rule,43
tasya Azalea,Aplikasi GoJek sangat membantu saya buat bepergian terima kasih aplikasi GoJek,5,2024-01-20 10:14:41,4.81.1,positive,rating_rule,78
Budi Firmana,Nice gojek,5,2024-01-20 10:16:45,4.81.1,positive,rating_rule,10
Nadifah Riva,Mantap puas,5,2024-01-20 08:52:21,4.81.1,positive,rating_rule,11
Neni Santika,so far so good,5,2024-01-20 08:15:04,4.81.1,positive,rating_rule,14
Siska Oktaviani,Aplikasinya lebih bagus sy bandingkan dengan yg lain Gojek ini paling oke di antara yg lain Semakin terdepan Gojek semmangat,5,2024-01-20 07:26:48,4.81.1,positive,rating_rule,124
Ahmad Heru,Sangat membantu ez intinya,5,2024-01-20 07:24:05,4.81.1,positive,rating_rule,26
Ida Dahlia,Aduh koq makin GA asyeek ya pake aplikasi gojek sekarang ini yg lebih parah lagi paylater kadang ngilang pada saat mau dipake nonggol pas ga mau dipake niat ga si kasih paylater dah mah tiba tiba paylater turun drastis padahal ga pernah telat ga pernah nunggak Dari paylatrer 3jt jadi 500K parah alamat aku akan tinggalkan gojek ini,2,2024-01-20 07:38:27,4.81.1,negative,rating_rule,332
Theresia Ninik,Cepat  driver ramah,5,2024-01-20 08:08:23,4.81.1,positive,rating_rule,19
Suryana Yana,Kacau saldo gopay gw di ambil Perusahaan sebesar ini masih ambil saldo gopay orang Parah si,1,2024-01-20 08:08:49,4.81.1,negative,rating_rule,91
salam ahmadi,Mau ngasih masukan nih kenapa setiap buka aplikasi ini hape saya langsung kejang kejang ya Padahal Memory masih 50 ram 6gb Buat maen genshin lancar jaya Apalagi kalau order goride atau gocar Fitur chat nya kayak nyangkut Harus buka tutup aplikasi baru ada percakapan nya,5,2024-01-20 07:21:17,4.81.1,positive,rating_rule,270
burhan hans,Membantu banget dlm kehidupan sehari hari,5,2024-01-20 07:11:37,4.81.1,positive,rating_rule,41
Aulia Utari Silalahi,Banyakin promo nya dong saya pengguna setia soalnya,5,2024-01-20 07:09:45,4.81.1,positive,rating_rule,51
Reihan Roza,jgn pelit napa dah ngasi diskon,3,2024-01-20 07:08:26,4.81.1,neutral,rating_rule,31
M.Sastra Djumena,Sangat bagus buat usaha menuhin kebutuhan hidup,5,2024-01-20 07:06:07,4.81.1,positive,rating_rule,47
Muhammad Norman,Oke pokok nya lah,5,2024-01-20 08:18:12,4.81.1,positive,rating_rule,17
Dwi Wahyu Fitra Romadhan,Semenjak gopaylater jadi 500rb malah kagak bisa dipake buat beli paketan  sorry saya kasih bintang 1,1,2024-01-20 05:27:10,4.81.1,negative,rating_rule,100
Dhanny Saman,Sukses selalu,5,2024-01-20 11:48:58,4.81.1,positive,rating_rule,13
cucu lestari,baguss membantu bgt apalagi gojek nya kemna ga usah jaln jauh dlu langsung d jemput k tempat dan sampai tujuan dgn selamat terimakasih gojek,5,2024-01-20 10:31:23,4.81.1,positive,rating_rule,140
Aqilah husna Lasahido,Kasih notif buat gofood Saya nunggu drtdi kirain udh otw trnyt restony g nrima pesanan udh 2x bgtu trus,2,2024-01-20 11:15:07,4.81.1,negative,rating_rule,103
Amir Azis,Gosend instant 3 jam sameday 8 jam tapi dibatalin driver ngga di pickup sampe besok ganti hari,1,2024-01-20 04:36:36,4.81.1,negative,rating_rule,94
Muchamad Chaerudin,Ini ngirim kode OTP ke seller aja susahnya minta ampun min  sampe gak bisa2 dapet orderan gmna parahh,2,2024-01-20 04:23:05,4.81.1,negative,rating_rule,101
Wagiman Coming,Lancar,5,2024-01-20 04:22:35,4.81.1,positive,rating_rule,6
Sipani Sipan,Mau beli pulsa aja susah bgt  Padahal pake uang sendiri di gopay Amit2 nih aplikasi gojek bikin kapok Mau beli pulsa pake gopay aja pake smz udah gituh muter2 gak jelas Kapok pake aplikasi,1,2024-01-20 11:25:30,4.81.1,negative,rating_rule,188
DHA GAMING95,Mantap sekali,5,2024-01-20 03:46:32,4.81.1,positive,rating_rule,13
kiswanto DJA,lokal mendunia dr indonesia,5,2024-01-20 11:41:22,4.81.1,positive,rating_rule,27
Nando Nainggolan,Bagus dan sangat membantu utk mencari rezeki,5,2024-01-20 03:37:50,4.81.1,positive,rating_rule,44
ahmad nofiana,Bagus tepat waktu penjemputan,5,2024-01-20 03:14:43,4.81.1,positive,rating_rule,29
Syaban Haidar Ali,Adakan goride nego Jakarta kapan,1,2024-01-20 11:43:09,4.81.1,negative,rating_rule,32
Lupita ahmad,The best da gojek,5,2024-01-20 11:08:53,4.81.1,positive,rating_rule,17
Erlita Tiara,Teman setia kemana aja,5,2024-01-20 04:39:36,4.81.1,positive,rating_rule,22
Mat Kholil,Gojek cocok memang oke,5,2024-01-20 04:41:15,4.81.1,positive,rating_rule,22
chairul ichwan,aplikasi aneh sekarang suka mencet sendiri terus mesen go food dll horror ya,1,2024-01-20 10:32:44,4.81.1,negative,rating_rule,76
muh marfai,driver ramah,5,2024-01-20 10:32:50,4.81.1,positive,rating_rule,12
Hayu Aulia Wardah S,Sgt membantu,5,2024-01-20 10:37:33,4.81.1,positive,rating_rule,12
Denzo alarick pidjath,Nyip,5,2024-01-20 10:38:56,4.81.1,positive,rating_rule,4
Alferdin Haris,Mau pesan Gojek tiba tiba akun dibekukan Agak laen aplikasi ini Makan nih bintang 1,1,2024-01-20 05:15:03,4.81.1,negative,rating_rule,83
Refika Aprisya Larasati,Bad banget sekarang,1,2024-01-20 10:45:10,4.81.1,negative,rating_rule,19
Gede Gusmahadi,Order makanan belum ada pilih alamat sudah lari ke alamat yg mana alamat tersebut tak tau dimana,3,2024-01-20 11:04:49,4.81.1,neutral,rating_rule,96
Yacobus Lai,Tes dulu mas bro,5,2024-01-20 05:00:44,4.81.1,positive,rating_rule,16
indri savitri,Ini kenapa jadi makin banyak kenadala Udh hampir 1 bulan paylater ada gangguan terus tadi baru diupdate kirain bakal bener eh tetep aja gk bisa dipake,1,2024-01-20 04:50:51,4.81.1,negative,rating_rule,150
Catur Dewata,puas dgn playanan nya,5,2024-01-20 10:56:05,4.81.1,positive,rating_rule,21
Bram Brum,Aplikasi terlalu sering ngebug,2,2024-01-20 04:43:45,4.81.1,negative,rating_rule,30
ma tendra,Semenjak saya updatesaya butuh waktu lebih dari 30 menit cuma untuk buka aplikasisetiap saya mau bukaaplikasi gojek langsung nutup sendiri padahal jaringan kuat,1,2024-01-20 11:01:34,4.81.1,negative,rating_rule,160
Isabella Kayla,Bisa beli makanan yg enak2,4,2024-01-20 11:04:14,4.81.1,positive,rating_rule,26
Arly Yusuf,Mempermudah perjalanan,5,2024-01-20 17:12:26,4.81.1,positive,rating_rule,22
Maurina Maurina,Aplikasi yg SGT memudahkan CPT dlm segi transportasi  mengirim makanannya Pokoknya ok dech GoJek,5,2024-01-20 17:18:37,4.81.1,positive,rating_rule,96
Heri Yana,Mudah dan Ekonomis Mantap,5,2024-01-20 17:21:14,4.81.1,positive,rating_rule,25
3B_Khusnul Khotimah,Min saya pesan gojek tapi dibatalkan Saldo saya gk balik min Sampai sekarang status menunggu terus udh dari beberapa hari lalu,2,2024-01-21 05:54:33,4.81.1,negative,rating_rule,126
Mardiana Putri pertiwi,Bgus bgt,5,2024-01-19 10:33:04,4.81.1,positive,rating_rule,8
Yordani Mario,Gojek sangat membantu sekali,5,2024-01-21 05:20:52,4.81.1,positive,rating_rule,28
jofita bidatur rohma,MENDING GRAB COKKK WKWKWKKWKW APK STRESS INI SAMA KY GOPAYY,1,2024-01-19 10:32:44,4.81.1,negative,rating_rule,59
lif 08,beli paket di Gopulsa lama banget lelet masuknya responnya juga 0,2,2024-01-19 10:31:38,4.81.1,negative,rating_rule,65
marisa rachma alifa,Memudahkan kita untuk mencari makanan dan minuman serta banyak promonya Efektif waktu serta tenaga,5,2024-01-19 10:21:35,4.81.1,positive,rating_rule,98
Rafael uput,Gokill,5,2024-01-19 10:21:14,4.81.1,positive,rating_rule,6
Budi. Star,Apaan ini lama malah nggak bisa dipake gopaylaternya,1,2024-01-19 10:18:04,4.81.1,negative,rating_rule,52
Suket teki WANTO,ok di tingkatkan lg tranportasinya,3,2024-01-21 05:21:13,4.81.1,neutral,rating_rule,34
Wahyu P,Sangat membantu di dalam kegiatan seharihari,5,2024-01-19 10:16:21,4.81.1,positive,rating_rule,44
Yosep Driver,sangat optimal,5,2024-01-19 09:58:46,4.81.1,positive,rating_rule,14
U Key,Mau mesen makan aja susahnya minta ampun selalu aja pas mau bayar Gagal Diproses Permintaanmu gagal diproses Coba lagi ya nanti  Kenapa coba  Jaringan udah coba pake 3 Provider tetep aja jawaban nya sama seperti itu Makin update makin gak jelas,1,2024-01-21 05:24:04,4.81.1,negative,rating_rule,244
Ra' y,Mntapppp,5,2024-01-19 09:55:09,4.81.1,positive,rating_rule,8
agus irwanto,Semangat  Upgrade selalu,4,2024-01-19 09:49:38,4.81.1,positive,rating_rule,24
WAHIDIN,Tepat waktu dan selamat sampai tujuan dan tidak telat masuk kerja,4,2024-01-21 05:52:59,4.81.1,positive,rating_rule,65
Firman Asyhari,Saya kasih bintang 1 saja biar di perhatikan Gojek kurang update alamat yg benar Input alamat yg benar sulit tak bisa di kasih masukan Maunya mengikuti saran yang disediakan gak bisa pas alamat yg belum pernah menjadi tujuan yg keluar alamat sekitarnya Alamat rumah saya saja sudah di benerin tetap saja yg keluar alamat yg keliru Harusnya no 33 tetap saja no 35 gak cerdas Mbok manut yg order Ganti dengan robot yg cerdas Harusnya di uji ulang Rasakan Semoga semakin baik,3,2024-01-19 10:46:57,4.81.1,neutral,rating_rule,472
Sungut Lele,Aplikasi bagus tapi di daerah saya jarang sekali ada yg mau ambil orderan saya tolong lah di perbanyak driver di daerah saya,2,2024-01-21 04:19:45,4.81.1,negative,rating_rule,124
nava net,Selama ini masih cukup bagus tidak ada kendala,5,2024-01-19 11:57:51,4.81.1,positive,rating_rule,46
Eman Soleman,Nyaman,5,2024-01-21 04:19:12,4.81.1,positive,rating_rule,6
Additya Nayottama,Ini gimana sih gw langganan 1 bulan gk dikasih promo pindah ke app sebelah aja mending,1,2024-01-19 11:55:46,4.81.1,negative,rating_rule,86
Muhammad Ridwan,Gojek melatih saya untuk sabar dikasih driver yang jauh jauh terima kasih yah gojek,1,2024-01-19 11:50:03,4.81.1,negative,rating_rule,83
Aulia Rahmawati,Tlg kategori produk dihilangkan saja karena tidak sesuai dengan judulnya masih banyak yang ga sesuai,3,2024-01-19 11:25:04,4.81.1,neutral,rating_rule,100
Abdul Munib,Yg ksekian lg naik gojek,5,2024-01-19 11:24:52,4.81.1,positive,rating_rule,24
Tommy MP,Saya ganti bintang nya kalo udah normal baru ditambah lagi untuk Gopaylater nya di awal normal dan baik baik saja Sekarang pembayaran di aplikasi merchant tidak bisa dan ditambah lagi sekarang malah tidak bisa buat pembayaran pick up,1,2024-01-19 11:23:43,4.81.1,negative,rating_rule,233
abok jr,Gopay sekarang ga jelas banget sinyal lag sebentar di suruh nunggu terus ga lama transaksi berhasi tapi belum di terima pihak banknya dan saldo telah dipotong di gopay sumpah gk nyaman banget cuma masalah lag dikit,1,2024-01-19 11:22:17,4.81.1,negative,rating_rule,214
isma arfian,Puasa,5,2024-01-21 04:25:09,4.81.1,positive,rating_rule,5
Alfonsus Andreas Halim,gak bisa dibuka,1,2024-01-19 11:17:01,4.81.1,negative,rating_rule,15
Rachmat Ramdhani,Apps yang memudahkan banyak urusan saya di gambir ngasih driver di jayakarta di jam macet pula Buang2 waktu nunggu ya aja,3,2024-01-19 11:09:08,4.81.1,neutral,rating_rule,121
eka berata,Gocar kok kalah saing sama grab di indonesia,1,2024-01-19 11:04:35,4.81.1,negative,rating_rule,44
maria febri ayu,Kenapa setelah di update aplikasi gojeknya sering bug ya Saat order sering ngecrash lalu sering ke close sendiri dan orderan sering kena cancel juga jadi gampang miskomunikasi jadinya sama driver karena aplikasinya sering force close sendiri Mohon perbaikannya TT TT,1,2024-01-21 04:28:45,4.81.1,negative,rating_rule,266
Ilham Septian,Makin mahal ajah sekarang apa biaya layanan aplikasi lah sampe 10 ribu belum ongkirnya jg mahal Pelit ngasih promo Promo nya skrg kebanyakan suruh NGUTANG,1,2024-01-21 05:03:55,4.81.1,negative,rating_rule,154
umi kulsum,cepat direspon kalau pesan gojeg,5,2024-01-19 09:47:03,4.81.1,positive,rating_rule,32
Dharma Mita,Telat bayar paylater chat nya kayak takut kali ak lari blum lama telat sudah telepon ke kondar giliran bayar limit gak bisa dipake kecewa berat sama app ini,1,2024-01-21 05:58:49,4.81.1,negative,rating_rule,156
YUSUP NUR_PERMADI,Okay,5,2024-01-21 06:00:53,4.81.1,positive,rating_rule,4
Daniel Collection,Aplikasi yg wajib kalian miliki,5,2024-01-19 08:13:32,4.81.1,positive,rating_rule,31
Rezki nur Wicaksana,Aplikasi tidak bisa di buka setiap masuk ke aplikasi pasti keluar lagi Padahal sebelum saya update lacar ajatolong aplikasi nya diperbaiki,1,2024-01-19 08:05:38,4.81.1,negative,rating_rule,138
Bella Ristianto,Membantu keperluan sehari hari,5,2024-01-21 09:03:48,4.81.1,positive,rating_rule,30
Solicha Putra,Orangx ramah  tepat waktu,5,2024-01-21 09:07:36,4.81.1,positive,rating_rule,25
Andreas Gunawan,Tolong d perbaikin kembali kepada semua driver gocar mau goride d wilayah parung panjang bogor kenapa y setiap saya pesen k tujuan perumahan Sekar Tanjung banyak yang d cancel terus pa harus driver milih milih antara jarak Deket aj baru d bawah y pihak manajemen gojek Indonesia tolong d pm PM aj klo ada driver pilih pilih orderan sama cs penumpang d pm kshan lah penumpang bayar bukan ngutang Ama Lo gojek d training malah g bener malahan d wilayah parung panjang bogor tanks,1,2024-01-19 07:33:44,4.81.1,negative,rating_rule,477
Mustakim,Ngk jelas saya pakai gopay later belum jatuh tempo saya bayar malah di blokir gopay later nya,1,2024-01-19 07:29:39,4.81.1,negative,rating_rule,93
Jasmin Bunga,Habis update malah gk bisa dibuka saldo masih banyak gimana sihh makin gk jelas aja ni aplikasi,1,2024-01-19 07:28:50,4.81.1,negative,rating_rule,95
SAIFUL ANAM,puas banget perjalanan lebih mudah,5,2024-01-21 09:09:33,4.81.1,positive,rating_rule,34
Anggi Arisandi,Makin Ngadi nih apk  Mau kirim duit ke bank dari gopay aja gagal mulu Gila kali yah Apk lemot begini Sinyal gua bagus padahal streaming YouTube lancar jaya Kenapa buka gojek malah lemot,1,2024-01-21 09:11:36,4.81.1,negative,rating_rule,185
Joyah Lasak,Mantap gak ribet kayak aplikasi lain,5,2024-01-19 07:28:38,4.81.1,positive,rating_rule,36
agus sumarjanto,Opsional keren bro,5,2024-01-21 09:32:25,4.81.1,positive,rating_rule,18
Bing Beng,Tolong di percepat map data drivernya dan lokasi driver saat di jemput Dan untuk dalam komunikasinya servernya di stabilkan agar mempermudah dalam pesanannya,1,2024-01-19 07:26:47,4.81.1,negative,rating_rule,157
Nuraeda Sinjai,Ngga bisa tf njirr padahal udah prem,2,2024-01-21 09:54:03,4.81.1,negative,rating_rule,36
Haikal Saputra,Cari driver mobil lama bangett,3,2024-01-19 07:15:06,4.81.1,neutral,rating_rule,30
Ema Rismawati,Kalo untuk gojek sama food ok tp klo untuk gocar udh berapa x order susah bgt gk ada driver yg terima  lebih dr stngh jam gk ada yg accept jadinya beralih ke yg lain tolong dong diperbaiki,3,2024-01-21 09:58:51,4.81.1,neutral,rating_rule,188
Anoy ying,Selalu mantab,5,2024-01-19 07:01:10,4.81.1,positive,rating_rule,13
winda chrisnawati,Gimana mau pesan kalau gak muncul menunya dan ini selalu begini,2,2024-01-21 08:24:06,4.81.1,negative,rating_rule,63
Deni Kartubi,Lebih sangat membantu dan mengejar waktu,5,2024-01-21 08:08:53,4.81.1,positive,rating_rule,40
Anisa Oka,Hari ini kirim dokumen ke customer lewat gosend niatnya biar cepet dari BSD ke Jakarta  tapi udah 3 jam driver posisinya gak gerak di chat ceklis satu dicall nggak bisa udah komplain tp nunggu 3 hari kerja ya gimana gitu loh,1,2024-01-19 08:17:22,4.81.1,negative,rating_rule,224
Benny Tinambunan,Ok bgt,5,2024-01-21 07:34:04,4.81.1,positive,rating_rule,6
ary fibrian,Lumayan membantu klo hari minggu lancar,5,2024-01-21 06:10:29,4.81.1,positive,rating_rule,39
CCTV Priyana,Bingung sama gojek ini aplikasi abal tanpa sebab gopaylater saya kok diblok,1,2024-01-21 06:29:51,4.81.1,negative,rating_rule,75
Yusnia Salsa,sejauh ini bagus2 aja semoga kedepannya juga bagus dan tidak mengecewakan,5,2024-01-21 06:51:55,4.81.1,positive,rating_rule,73
Dimas Andhika,lebih ditingkatkan lagi pada pembayaran melalui gopay di otomatiskan gopay ya gopay tunai ya tunai,3,2024-01-21 06:57:26,4.81.1,neutral,rating_rule,98
Suryani,Aplikasi ga bisa dibukagmn cara bayar tagihan nya inibatas waktu pembayaran sudah lewat karena aplikasi gojek ga bisa dibukatolong kirim tagihan gopay latter saya lewat email jangan nomer aduan terus jawaban nya,1,2024-01-19 09:30:53,4.81.1,negative,rating_rule,211
Zahrah Nur,Pesanan sengaja dilamalamain,1,2024-01-21 07:09:10,4.81.1,negative,rating_rule,28
sri indrayani25,Sangat membantu dan memberikan pelayanan yang terbaik,5,2024-01-19 08:19:56,4.81.1,positive,rating_rule,53
odo ronodo,Keliatannya gojek sdh tdk orderan yg masuk ke akun saya Layak tak offline permanent,1,2024-01-19 09:11:53,4.81.1,negative,rating_rule,83
MAS ADITYA 86,Sopir go jek nya gk baik,5,2024-01-19 08:57:25,4.81.1,positive,rating_rule,24
TTK Rika Khoiriya Rahma,Lebih bagus yang dulu padahal sekarang kalau pesen gofood bisa sampe 1 jaman lebih,1,2024-01-21 07:52:37,4.81.1,negative,rating_rule,82
Moh Ema,Gk bisa dibuka sampah,5,2024-01-19 08:52:01,4.81.1,positive,rating_rule,21
My Dentist Gading,Mantap belum pernah ada masalah selama pakai layanan ini Semoga memang tidak ada sih,5,2024-01-19 08:42:54,4.81.1,positive,rating_rule,84
SELA GABRIELA,Layanan customer service sulit dan tidak ada respon,1,2024-01-21 04:14:14,4.81.1,negative,rating_rule,51
Suhandi Andi,Semakin kesini semakin tidak jelasini bukan memperbaiki sistemini marusak sistem dulu gk pernah ada kendala sistemgojek mulai rusak dari tahun 2018sampai sekarang tambah ancurudah pada gk jelas gojek sekarang,5,2024-01-19 11:58:00,4.81.1,positive,rating_rule,208
nawawi baktiya,Jangan pernah pakai aplikasi ini unt jumlah uang yang banyak Akun saya dibajak orang karena sistem keamanannya yang lemah Cs nya langsung konfirmasi saat ada orang lain yang minta untuk pergantian nomor uangnya sih gak hilang masih ada disaldo Gojec dg kondisi terblokir Kita coba kirim laporan melalui emai dan pusat bantuan renspon nya cepat langsung di telpon tapi gak pernah ada solusi Benar2 tidak profesional Kita telpon Cs habisin uang ratusan ribu tp cuma konfirmasi aja,1,2024-01-19 12:03:31,4.81.1,negative,rating_rule,478
Mei lia,aplikasi sangat bagus dan membantusukses untuk gojek,5,2024-01-20 22:55:32,4.81.1,positive,rating_rule,52
Irham Dj,Baik mudah dan simple enak bget tingal pesan aja mau mtr mbil atau mau mkanan apa ngrim brang pket jdi mudah,5,2024-01-20 23:01:09,4.81.1,positive,rating_rule,108
Ichsan J Cole,Makin kesini makin buruk aje jek,1,2024-01-19 15:20:48,4.81.1,negative,rating_rule,32
Baliya Afzam,Poor,3,2024-01-19 15:17:13,4.81.1,neutral,rating_rule,4
Akang Berod,Bangga dengan prodak dalam negri,5,2024-01-19 15:03:30,4.81.1,positive,rating_rule,32
asep ridwan,Nah gtu dong bisa di pake paylater nyatpi harus k Tokopedia dlu baru bisaduh,3,2024-01-19 14:44:22,4.81.1,neutral,rating_rule,76
Gabe Boy,driver  ya bagus dan sopan good job,5,2024-01-19 14:38:54,4.81.1,positive,rating_rule,35
Noviana Anita Kallu,Gojeknya sangat bagus di gunakan Sangat membantu sekali,5,2024-01-19 14:29:29,4.81.1,positive,rating_rule,55
Sumar Woto,Sangat membantu akses kemana mana jadi mudah,5,2024-01-19 13:58:37,4.81.1,positive,rating_rule,44
zia lucuu,masa pacar saya gabisa pilih uk cup mixue gimana si tambahin pilihannya dong,1,2024-01-19 13:57:54,4.81.1,negative,rating_rule,76
Aditya Reinaldi,Pemakaian rutin ada tagihan paylater tepat waktu Tapi udah berapa bulan ini enggak bisa dipakai gopaylater,1,2024-01-21 00:22:20,4.81.1,negative,rating_rule,106
danil armansyah,Siip lahh,5,2024-01-21 00:51:49,4.81.1,positive,rating_rule,9
Fazri Syawab Zannata Adam,Terima kasih abang gojek semoga banyak orderan ya,4,2024-01-19 15:21:22,4.81.1,positive,rating_rule,49
Syamsul Ardi,Gak Jelas XP Gw ilang,2,2024-01-19 15:26:29,4.81.1,negative,rating_rule,21
Henni Sofiana76,Kemarin marin titik lokasinya tepateeeh sekarang sekarang bisa beda kata drivernya sudah di titik lokasi sedangkan dengan posisi saya jauhcoba diperbaiki lagi jadi ga bikin susah penumpangnya iya kalau ga buru buru pas harus ngejar waktu jadi telat karena kebanyakan ngasih tau titik lokasi yg tepatnya dimana,2,2024-01-19 15:30:54,4.81.1,negative,rating_rule,309
ary murwanto,God job,5,2024-01-19 16:40:45,4.81.1,positive,rating_rule,7
Adi Rahmat,Utk Gofood hrs lebih baik lagi,3,2024-01-19 16:36:27,4.81.1,neutral,rating_rule,30
Rany Faneza,Gojek ku gk bisa di pakeabis di hapus aplikasi ny download LG gk bisa kebuka,5,2024-01-20 20:14:25,4.81.1,positive,rating_rule,76
Lo Hwa po,Saya pelanggan lama dari bulan lalu paylater diblokir padahal selalu ontime bayar dan katanya ada aktivitas mencurigakan sistemnya error kagak si Tolong admin segera dipulihkanmakasih,5,2024-01-20 20:33:07,4.81.1,positive,rating_rule,183
Udin Kar,Udah instal ga bisa di gunakan,1,2024-01-20 21:08:20,4.81.1,negative,rating_rule,30
fdian .T,Tolong fitur mode gellap dong di upgrade,5,2024-01-19 15:35:00,4.81.1,positive,rating_rule,40
ikhsan daeng,Terus ber inovasi lagi yg lebih baik,5,2024-01-20 22:38:55,4.81.1,positive,rating_rule,36
Anjaya Anjaya,Semoga gojek semangkin jaya,5,2024-01-19 16:05:48,4.81.1,positive,rating_rule,27
diah ayuoktaviani,Semakin banyak promonyaa tiap hari,5,2024-01-19 15:57:31,4.81.1,positive,rating_rule,34
Rendy Ardyanto,Gojek mau bangkrut,1,2024-01-19 15:53:06,4.81.1,negative,rating_rule,18
Rifo,Sehabis update aplikasi jd lama banget buka2 menu di resto,1,2024-01-19 13:40:10,4.81.1,negative,rating_rule,58
aroby pujadi,aplikasi ini sangat membantu sekali,5,2024-01-19 12:16:22,4.81.1,positive,rating_rule,35
Ming Ming,Sekarang lebih parah tidak bisa menggunakan paylater untuk pembayaran qris di outlet2,2,2024-01-21 03:35:43,4.81.1,negative,rating_rule,85
Septiawan Maulana,Aplikasi gak menolong dan gak membantu untuk sekarang,1,2024-01-21 03:37:24,4.81.1,negative,rating_rule,53
Yusepin Tuwan,Sejauh ini pelayanannya lumayan bagus Kalau bisa lbh semakin ditingkatkan agar semakin baik di mata para konsumen,4,2024-01-21 03:50:04,4.81.1,positive,rating_rule,113
Amonraa 27,Susah digunakan udah sering eror ongkirnya mahal lg saatnya ganti grab,1,2024-01-21 03:21:15,4.81.1,negative,rating_rule,70
Yeni Maria,Saya pelanggan setia gojegko ada menu gopay pinjam dan gopay paylater tapi ga guna banget ga bisa di pakaibuat apalama2 dtggalin juga cari aplikasi Laen,1,2024-01-19 12:13:27,4.81.1,negative,rating_rule,152
Fatah Fikri,Kapan gopaylater saya diaktifkan lagi saya sudah bertransaksi terus pake gopay tp kog masih dibekukan saja,2,2024-01-21 03:52:03,4.81.1,negative,rating_rule,106
Umar Supriatna,Senang sekali,5,2024-01-21 03:55:49,4.81.1,positive,rating_rule,13
andy suwartono,Gojek sekarang banyak kendala gopaylater tdk bisa untuk pembayaran,5,2024-01-21 04:01:15,4.81.1,positive,rating_rule,66
Dwi Wiratno,Makin buruk aplikasi nya setelah migrasisaldo biasa ada  saldo gopay later ada pas coba dipakai tidak bisa selalu jaringan yang dibilang error makin parah layananya,1,2024-01-19 12:07:34,4.81.1,negative,rating_rule,164
Rusdi Nukman,Aplikasi nya bagus  wajib di coba cocok buat kaum mager cuman mesen bayar terus tinggal ambil dah pesanan nya sekian terima gaji,4,2024-01-19 12:38:16,4.81.1,positive,rating_rule,128
AkhdanDeshwan,Mantap menn lancar tanpa ada hambatan,5,2024-01-19 13:37:09,4.81.1,positive,rating_rule,37
Desi Resnidar,Good goodgood,5,2024-01-21 02:09:27,4.81.1,positive,rating_rule,13
Okta Vianus,nyaman,5,2024-01-21 01:32:50,4.81.1,positive,rating_rule,6
KIEZAN OC,Trimakasih pelayanan nya baik,5,2024-01-21 01:36:27,4.81.1,positive,rating_rule,29
Siti Nurlela,Dr RS mau pulang k rmh krna bawa anak kecil n hujan jg akhir y pesan gocar Stlh sekian lama menunggu dpt lah driver y 6 menit k titik penjemputan Udh ditunggu lama kok mkin jauh malah 8 menit Dah gitu posisi driver gak berubah D chat gak d bls akhirnya ku batalkan pesanan Saran aja sih klo emang driver gak mau nerima orderan jgn diaktifin dong aplikasi y buang2 wktu udh nunggu lama Kondisi bawa anak yg lg skt hujan jg,3,2024-01-19 13:11:04,4.81.1,neutral,rating_rule,421
Oel Nejhi,Lemot saiki,4,2024-01-19 13:08:46,4.81.1,positive,rating_rule,11
Rustam Gozali,Sayang nya Semakin kesini semakin mahal ongkosnya,5,2024-01-21 01:47:43,4.81.1,positive,rating_rule,49
Asep Reggido,bintang yg bicara,5,2024-01-19 13:06:28,4.81.1,positive,rating_rule,17
Rina Tanjung,Kok loding trus tiap bula aplikasi nyaaaaa,3,2024-01-19 13:02:09,4.81.1,neutral,rating_rule,42
Topik Yusuf,penjemputan tepatarmada bagus wangi,5,2024-01-21 03:19:12,4.81.1,positive,rating_rule,35
arif 2810,saat mencari driver lamaa hujan dikit ga ada yang mau ambil lawak lawakk,2,2024-01-19 12:56:34,4.81.1,negative,rating_rule,72
Aries Yudha,Pertama kali pakai goCar ketik alamat sudah sesuai tiba tiba lihat alamat salah mau diedit bisa katanya setelah ketemu driver begitu ketemu edit alamat lgs naik3 kali lipat Dibatalin ga bisa driver nawarin nego Pantesanharga saham lu ancur Licik banget caranya Kapok deh  kapokkk gua dikadalin,1,2024-01-21 02:22:19,4.81.1,negative,rating_rule,293
Adres Veronika Snae,Terbaik terima kasih sdh berkontribusi utk mempermudah saya dalam mengakses semua kebutuhan saya,5,2024-01-21 02:32:26,4.81.1,positive,rating_rule,96
ahui ahui,Setelah update 2 x terakhir aplikasi menjadi sangat berat dan susah dibuka saat jaringan agak lambat beda dengan sebelumnya yg lebih ringan gampang dibuka,3,2024-01-21 02:43:04,4.81.1,neutral,rating_rule,154
Turus Ady,Good aplikasi,5,2024-01-11 11:31:17,4.81.1,positive,rating_rule,13
Kasran Sarkawi,Makin kesini aplikasi GoJek makin tidak jelas begitu banyak driver disekitar Tapi yg dpilih driver dengan jarak yg begitu jauh tolong diperhatikan dan diperbaiki Apakah GoJek sengaja membuat customer menunggu begitu lama,1,2024-01-20 05:47:06,4.81.1,negative,rating_rule,220
YDZ Channel,Aplikasi udah mulai ga jelas belanja gofood jadi makin mahal udah gitu gopaylater tiba di blokir padahal saya ga pernah telat bayar,1,2024-01-19 00:16:58,4.81.1,negative,rating_rule,131
Propes Marilyn,Drivernya suka minta customer cancel alasannya kejauhan Kemudian kalo dapat order driver lama bergerak kemungkinan ketiduran chat call selow respon,3,2024-01-16 12:58:07,4.81.1,neutral,rating_rule,147
Ardiyansah,Lama banget lokasi cuma bedah 1 gang nunggunya 1 jam Mana telat lagi,1,2024-01-16 12:50:10,4.81.1,negative,rating_rule,68
Gilang Dong !!!,Kerja bagus,5,2024-01-16 12:49:32,4.81.1,positive,rating_rule,11
Isaura Stuff,Cool Yee semakin diupdate semakin lemot  pesanan terdekat menunggu sampe setengah jam,5,2024-01-16 12:43:45,4.81.1,positive,rating_rule,85
boediyarti arti,Gofood naik harga makanannya naikmending beli langsung,1,2024-01-16 12:39:10,4.81.1,negative,rating_rule,54
Alfarizi Al-hakim,Pokok rekom karena memudahkan segalanya,5,2024-01-16 12:33:20,4.81.1,positive,rating_rule,39
Stanley Suharsono,Recommended aplikasi Gojek ditambahkan konten bonusnya terimakasih sukses selalu dan barokah,5,2024-01-16 12:28:36,4.81.1,positive,rating_rule,92
Haerudin furkon,Aplikasi sangat berguna ketika melakukan perjalanan,5,2024-01-16 12:23:19,4.81.1,positive,rating_rule,51
Dicky Rendra,Nice application for pick up passengers,5,2024-01-16 12:14:52,4.81.1,positive,rating_rule,39
Siti Solekhah,Penjemputan cepat,5,2024-01-16 12:12:18,4.81.1,positive,rating_rule,17
Dewi Monica,Dari bintang lima kasih bintang 1 lah yaa  gk pernah telat bayar gopaylater ehh malah di blokir,1,2024-01-16 12:01:53,4.81.1,negative,rating_rule,95
Time Channel,NGAPAIN PAKAI LEVEL SEGALA TERUS LEVEL ANGGOTA DI SURUH NGAPLO AJ,1,2024-01-16 11:53:08,4.81.1,negative,rating_rule,65
heru Ade,Aplikasi mantap   semoga berkah,5,2024-01-16 11:49:20,4.81.1,positive,rating_rule,31
ascha hayon,Saya setiap ingin pergi selalu saja drivernya berhenti tidak sesuai dengan mapjelas jelas titik nya masih jauh saya jadi nya jalan jauhtolong di perbaiki lagi,1,2024-01-16 12:56:56,4.81.1,negative,rating_rule,158
Mohamad Nurul H,Kok jadi bloon aplikasinya masa gabisa upload invoice dari gallery jadi nyusahin drivernya kasian woy,2,2024-01-16 13:02:23,4.81.1,negative,rating_rule,101
Aris Nursaid,Siip,5,2024-01-16 15:05:06,4.81.1,positive,rating_rule,4
RAHMAT HIDAYAT,aplikasi kocak aku ketik pencarian stasiun Arjawinangun malah arahnya ke eks stasiun kaliwedi dikira mau ujinyali apa ya ke bangunan tua,1,2024-01-16 13:10:37,4.81.1,negative,rating_rule,136
Taufiq Nurahman,bgusss sering dpet promoo tingkatkan terus,5,2024-01-13 06:23:50,4.81.1,positive,rating_rule,42
Siti Masitoh,sangat baik,5,2024-01-16 14:39:20,4.81.1,positive,rating_rule,11
Hastomo arbi,Kenapa gopaylater saya diblokir,5,2024-01-16 14:30:24,4.81.1,positive,rating_rule,31
nailul fauziah,bagus memudahkan sekali,5,2024-01-16 14:27:31,4.81.1,positive,rating_rule,23
I Nengah Arsana,Saya selaku draver senang pas dapat orderan dan banyak membantu perekonomian banyak orang tks aplikasi gojek and gopatner,5,2024-01-16 14:25:15,4.81.1,positive,rating_rule,121
Ilham Hidayat,apk sampahhhhhhhhh gara2 pesen gocar terus posisi gocarnya jauh mintak di cancel  okeh saya cancel ehhh ternyata saldonya juga di ambil sama pihak gojeknya,1,2024-01-16 14:23:15,4.81.1,negative,rating_rule,155
Eka Adnyani,Aplikasi sering tidak respon kadang driver chat dan telpon tdk tersambung,3,2024-01-13 06:45:39,4.81.1,neutral,rating_rule,73
Lissa Yoesfianda,Selalu cepat n memudahkan,5,2024-01-16 14:11:04,4.81.1,positive,rating_rule,25
Ms Kurniasari,Setelah diperbaharui maps malah gak akurat,2,2024-01-16 13:52:44,4.81.1,negative,rating_rule,42
Dedi Arisandi,Voucher Diskon nya mana,5,2024-01-16 13:44:56,4.81.1,positive,rating_rule,23
Ahmad Riskiharahap,Gojek bagus kalo bisa ongkir gofod di murahkan banyakin promo selebih nya bagus,5,2024-01-16 13:36:05,4.81.1,positive,rating_rule,79
Johanna Patricia Natalia Sianturi,Cepat dan tepat,5,2024-01-16 11:43:59,4.81.1,positive,rating_rule,15
Umi Kalsum,Aplikasinya oke banget semua urusan jd lancar,5,2024-01-16 11:40:25,4.81.1,positive,rating_rule,45
wayan suma,Tingkatkan pelayanan dan mudahkan dalam bertransaksi,5,2024-01-16 11:40:18,4.81.1,positive,rating_rule,52
Hidayah Prayoga,Semua layanan menurut saya bagus hanya saja kenapa dari beberapa bulan lalu saat mengajukan gopay pinjam tidak ada informasi yg masuk apakah saya bisa mengajukan pinjaman apa tidak Selalu saja suruh menunggu padahal sudah lama sekali saya mengajukan nya payah,2,2024-01-13 10:40:42,4.81.1,negative,rating_rule,259
Afrizal Zal,Ok bagus sekali aplikasinya,5,2024-01-13 10:54:20,4.81.1,positive,rating_rule,27
Josephine Krisna,1 Orang yang sign up harus dan wajib verifikasi data dengan KTP Paspor Kartu identitas anak Lalu jangan sampai username seenaknya digonta ganti karena rawan dimanfaatkan order fiktif makanan atau kirim go send yang aneh2 2 Kenapa kalau kita yang cancel order berimbas ke ojolnya juga Padahal customer yg minta cancel Misalnya tiba2 dijemput keluarga Itu kudu dievaluasi banget 3 Sering loading lama untk dapetin driver gocar 4 Sering dapet driver yg jauh Kasiannn buang bensin,5,2024-01-16 09:36:25,4.81.1,positive,rating_rule,476
Albertus handoko s,Diandalkan,5,2024-01-16 09:35:28,4.81.1,positive,rating_rule,10
Irvan Suhendra,prasaan gofood goride lebih mahal dari grab,1,2024-01-16 09:30:14,4.81.1,negative,rating_rule,43
Firman Lala,Aplikasi yang sangat berguna saya kalo mau makan tapi udah jam 1 malam terus saya pesen di gofood pokoknya de best,5,2024-01-16 09:29:32,4.81.1,positive,rating_rule,114
Roselina Tambunan,Driver dan Perlengkapan seperti Helm lebih baik dan Bersih,5,2024-01-16 09:25:18,4.81.1,positive,rating_rule,58
Manc BiGl,Dulu banyak banget transaksi di gopay pake payletter eh pas ganti hp dan nomer malah hilang paylatter nya Biarpun limitnya cuma 400rb tapi berguna juga sii,5,2024-01-16 09:15:51,4.81.1,positive,rating_rule,155
abdul aziz,untung ada gojek nggak macetbecek,5,2024-01-16 09:11:44,4.81.1,positive,rating_rule,33
Khaylilah Lilah,Padahal selalu bayar tagihan tepat waktu tiba tiba gak npernah telat selalu di lunasi di awal eh masa gonpaylater di blokir Sama gonpinjam ada ada aja,1,2024-01-16 09:09:15,4.81.1,negative,rating_rule,150
Ranti Mardiana,Pesanan gk bisa dibatalkan,3,2024-01-16 09:04:43,4.81.1,neutral,rating_rule,26
ahyuni awing,Diupdate malah jadi aplikasi sampah  heran harus nya klo update tambah bagus bukan tambah buruk,1,2024-01-16 09:00:22,4.81.1,negative,rating_rule,95
Albertus A W P,one stop service,5,2024-01-16 08:46:27,4.81.1,positive,rating_rule,16
Anik Mustaqim,gojek sangat membantu,5,2024-01-16 08:30:35,4.81.1,positive,rating_rule,21
Tina Syaf,Sekarang gojek payah masak gak ada angin gak ada badai gopaylatter di blokir Bayar gak pernah telat tiba tiba gak bisa dipake lg gopay nya Sumpah Demi apa coba aplikasi aneh,5,2024-01-16 08:29:34,4.81.1,positive,rating_rule,173
Edi Sisnanto,Gojek emang oke,5,2024-01-16 08:25:22,4.81.1,positive,rating_rule,15
Destra Maulana,Oke better,4,2024-01-16 09:56:20,4.81.1,positive,rating_rule,10
April Claudius,pokoe the best lah,5,2024-01-16 10:12:17,4.81.1,positive,rating_rule,18
kopi dan kopi dan,Aplikasi ini bagus,5,2024-01-16 10:28:16,4.81.1,positive,rating_rule,18
Muhamaad Iqbal,Enga rekomendasi banget gojek  Mesen foods yg expers 30 menit sampe nyari driver Bae 10 menit lebih  Kecewa lah,1,2024-01-16 11:05:19,4.81.1,negative,rating_rule,111
Randi Anto,Semua jadi mudah dengan gojek,5,2024-01-16 11:38:22,4.81.1,positive,rating_rule,29
Poniti Lampung,Di sarankan untuk harga jangan terlalu mahalAmat yah terimakasih,5,2024-01-16 11:34:36,4.81.1,positive,rating_rule,64
Yufo babollah,So fat soo good,5,2024-01-16 11:28:37,4.81.1,positive,rating_rule,15
gre,Pengalaman dgn gopay sgt buruk srg sekali error pdhl app sllu update Tiap transaksi dgn qris pasti di app tertulis tdk ada koneksi inet sampai 3x isi pin ttp sama Sdh kejadian tiba2 gopay terbayar pdhl transaksi trtls tdk bisa proses krn inet buruk jd hrs repot berurusan ke tenant utk pengembalian dana yg untungnya tdk besar tp bisa utk beli 1 porsi baru Kejadian mirip di hp ortu jg Ketika coba payment qris dgn aplikasi sllu lancar makanya jrg pakai app ini skrg hati2 yg pakai qris ini,1,2024-01-13 09:37:47,4.81.1,negative,rating_rule,490
Delly Thea,Lumayan,4,2024-01-16 11:13:53,4.81.1,positive,rating_rule,7
Tri Murni,Enak dan mantab terasa daging sapi murni,5,2024-01-16 11:13:13,4.81.1,positive,rating_rule,40
Kiky Amelia86,membuat segalanya menjadi mudah,5,2024-01-16 11:07:34,4.81.1,positive,rating_rule,31
Nabil auliya Auliya,Lebih mantap kalo banyak promo hehe,4,2024-01-13 10:11:53,4.81.1,positive,rating_rule,35
shasha Bf,JoSss,5,2024-01-13 09:53:44,4.81.1,positive,rating_rule,5
Iskandar Alim,Banyak membantu hidup dan hidup membantu,5,2024-01-16 10:59:30,4.81.1,positive,rating_rule,40
Anwar Mursadat,Sukses dan kaya selalu PT gojek indonesia karya anak bangsa,5,2024-01-16 10:58:33,4.81.1,positive,rating_rule,59
Nia kania Dewi,Ini bagaimana ya setelah di update kok tagihan saya sangat besar Tidak sesuai dengan nilai tagihan yang saya pakai Limit 1500000 tapi tagihan 2297755 sedangkan setiap bulan saya selalu bayar ini BAGAIMANA,1,2024-01-16 10:54:15,4.81.1,negative,rating_rule,204
Adi Wijaya,Cakep nih yg bikin apl nyasudah berhasil membuat driver stressbingungdan nahan lapar nunggu orderan,5,2024-01-16 10:48:33,4.81.1,positive,rating_rule,99
Intan MEA,Menyenangkan banyak promo,5,2024-01-16 10:40:40,4.81.1,positive,rating_rule,25
Junaidi Bonett,Ruwetttttt,1,2024-01-16 15:03:14,4.81.1,negative,rating_rule,10
najma. rusyady,Kala banyak diskonnya yang gak perlu syarat,5,2024-01-16 15:24:16,4.81.1,positive,rating_rule,43
Arie Hidayat,Mau gofood aja harus nunngu 30 menit  1 jam lamanyaa posisi Drive juga ketauan ada dimana Udah pake aplikasi gojek dari 2018 tapi makin kesini makin kesana Tolong segera diperbaiki,5,2024-01-16 08:14:26,4.81.1,positive,rating_rule,180
Santi Santi,Luar biasa sangat memudahkan dan sangat ekonomis,5,2024-01-17 04:04:48,4.81.1,positive,rating_rule,48
Niluh Ayu Nur Fitriah,Sudah tidak diragukan lagi aplikasi sangat membantu dan semakin banyak fitur baru yang kerenkeren Driver cepat didapat dan pengantaran sesuai estimasi waktu,5,2024-01-17 03:30:20,4.81.1,positive,rating_rule,156
Alexander Kusuma,Luar biasa Muahalll Masak beli bubur harga 18 rb dekat rumah ongkirnye 16 rb  biaya aplikasi 3 rb  biaya siluman lain seribu Aplikasi pencekik anak bangsa Pantas aja sahamnya jeblok terus sejak buka Mending kalo pesen makanan ke GRAB aja Ongkir masuk akal hsrgs makanan jg masuk akal,3,2024-01-17 03:27:04,4.81.1,neutral,rating_rule,283
Renata Azury,Dirawat baik2 eh setelah di update malah ga jelas,1,2024-01-17 03:11:46,4.81.1,negative,rating_rule,49
Hima Narulita Narulita,Habis d updateknp jd lemot,1,2024-01-17 02:44:49,4.81.1,negative,rating_rule,26
irwan susanto,Mantuullll,5,2024-01-17 02:43:17,4.81.1,positive,rating_rule,10
kito Sugiarto,Waktu penjemputan dan pelayanan ok,5,2024-01-17 02:41:46,4.81.1,positive,rating_rule,34
Yasmin Al mubarok,Okey lh,5,2024-01-17 02:37:10,4.81.1,positive,rating_rule,7
prima 1188,Driver gojeg skrg banyak yg g profesionalg punya etika n parahnya kmrn pake jasa ojeg buat anter bapak tau tau marah cz yang dianter difabel dan seolah merendahkan bapak saya pdhl sblm sblm driver laen e g kayak gitu mau laporan juga g ada akses kecuali datang k off gojeg,1,2024-01-17 02:06:44,4.81.1,negative,rating_rule,272
LexQLeon & empat psykopi,agak ngebug aplikasi nya,2,2024-01-17 03:54:17,4.81.1,negative,rating_rule,24
Dionisia Aprillia,Saya tidak bisa melakukan edit tiket edit tiket tidak tersedia di aplikasi saya,2,2024-01-13 05:42:22,4.81.1,negative,rating_rule,79
Ambar Erlinda,Aplikasinya sangat membantu memper mudah jika ingin berpergian dan saat lapar tapi malas masak dan malas keluar tinggal pesan saja udah dianterinpokoknya mantap dech,5,2024-01-17 05:37:35,4.81.1,positive,rating_rule,165
Mamang Xploit,Promonya banyak yang pake gopay later yang tunaigopay dikit,3,2024-01-12 20:39:42,4.81.1,neutral,rating_rule,59
stevi gosal,Mudah cara pakainya aman dan banyak promo,5,2024-01-17 05:25:49,4.81.1,positive,rating_rule,41
kristin samdamery,Veryy good thanks,5,2024-01-17 05:10:03,4.81.1,positive,rating_rule,17
Suhendi Suhendi,Setelah di update tdk bisa ke buka apk nya,2,2024-01-17 04:57:13,4.81.1,negative,rating_rule,42
Aprilia Dini,Top up gopay gak masukmasuk padahal dari saldo drivernya udah berkurang gopayindonesia gojekindonesia pelayanannya sekarang makin menurun topup saldo gopay dari drivsr tidak masukmasuk tanya adminnya bilang saldo sudah ke kirim padahal tidak ada saldo yg masuk sama sekali Tidak ada jalan keluar yg di berikan sama sekali Sudah saya tunggu 2 hari tetapi di gopaygopay tabungan belum saja masuk tanggung jawab dari pihak gojeknya mana Gak ada,1,2024-01-17 04:56:02,4.81.1,negative,rating_rule,441
Mila Siti Hanipah,Setelah update beli pulsa malah pending tau gitu mending beli di apk lain jelek banget ni gojek padahal biasa nya gak gitu orang beli pulsa tuh urgent,1,2024-01-17 04:41:45,4.81.1,negative,rating_rule,150
Marvin Albert,Apalah daya user gopay tapi tidak ada promo gopay  semua promo hanya paylater,1,2024-01-17 04:27:20,4.81.1,negative,rating_rule,77
astri ana,Kalau pesan gofood terlalu lama datang nyapadahal jarak nya dekat,2,2024-01-17 01:39:11,4.81.1,negative,rating_rule,65
Dede Soegiharti,Promo banyak ga kepake Apaan sih pake ada  promo pake kartu kredit  debet Bank bla bla bla bla Lah klo ga punya kartu Bank tsb gmn  Makin kesini makin ga jelas promonya Sdh gitu makin mahal ongkosnya,2,2024-01-17 01:32:39,4.81.1,negative,rating_rule,199
Ahmad Anuradha Sariman,Kenapa dari kemarin saya update aplikasi malah jadi blank putih jadi susah buka Ada apa ini Padahal sebelum update aplikasi lancar2 saja Mohon penjelasannya masalahnya apa,3,2024-01-16 21:56:29,4.81.1,neutral,rating_rule,171
Eri Sanny,Waktu pemesanan lama dan dapat yang jauh driver nya bagus banget pelayanan gojek makin lama makin aneh,3,2024-01-16 21:52:43,4.81.1,neutral,rating_rule,102
Salsabila Shanum,Sangat membantu untuk transportasi bagi pendatang,5,2024-01-16 20:51:05,4.81.1,positive,rating_rule,49
Achyan Mandagi,Balikin duit gue Slalu restart Bikin kesel Smoga berkah hidup Loe,1,2024-01-16 20:04:01,4.81.1,negative,rating_rule,65
Wawan Setiawan,Gopinjam nya tidak bisa di gunakan lagi setelah di bayar lunas,1,2024-01-16 19:11:19,4.81.1,negative,rating_rule,62
Angga Maulana,Aplikasi payah lemot semua nya serba lamaa,1,2024-01-16 19:02:22,4.81.1,negative,rating_rule,42
BlueSea,Aplikasi sampai sekarang masih sering crash tolong diperbaiki lagi transfer bank gak bisa,1,2024-01-16 18:57:53,4.81.1,negative,rating_rule,89
toni prasetyo,Biaya admin dan gojek nya agak mahalan,4,2024-01-16 17:34:54,4.81.1,positive,rating_rule,38
Aldina Permata Sari,Mau daftar nunggu sms code tapi gak masuk masuk,5,2024-01-16 17:26:46,4.81.1,positive,rating_rule,47
bguz lta,Tingkatkan terus untuk Pelayanan ke cuatomer,5,2024-01-16 17:22:02,4.81.1,positive,rating_rule,44
DEP Channel Universal,Masih mengganjal transaksi tgl 20 Maret 2023 top up 100rb pembelian koin top up wesing 69500 kok hilang semuanya terpotong 100rb,3,2024-01-16 17:20:30,4.81.1,neutral,rating_rule,128
Ran,Suka errorga respon jga apk sering ga ada tanggapan Juga lemot batt sering muncul periksa koneksi internetwifi padahal buka apk lain lancar aja gdk kendala di jaringan,1,2024-01-16 17:18:25,4.81.1,negative,rating_rule,167
reni 9944,Wonderfull,5,2024-01-13 04:43:45,4.81.1,positive,rating_rule,10
Nita Setyawati,Syg nya klo tgah MLM sring PD d btalin,5,2024-01-16 16:55:38,4.81.1,positive,rating_rule,38
Byan Vineida,penjemputan sangat cepat,5,2024-01-16 16:11:58,4.81.1,positive,rating_rule,24
Rischa wahyu Utami,Mau buat pembayaran nunggu terus,4,2024-01-16 15:46:35,4.81.1,positive,rating_rule,32
Wina Kristina,Hp saya ketinggalan dimobil nya malah gak ada bantuan,1,2024-01-16 22:03:51,4.81.1,negative,rating_rule,53
Haris Wahyono 1927,Saya sangat kecewa kepada pihak gojek tidak dan solusi memberikan keadilan bagi saya mengenai gopay saya terblokir dan saya udah melaporkan ke pihak gojek mengenai gopay milik saya kena hacker tapi jawaban gojek tidak bisa memberikan solusi nya padahal saldo gopay saya 500 ribu itu saja berharga bagi saya untuk mengumpulkan jernih payah saya menjalankan tiap orderan yg diberikan saya sebagai driver selalu saya menjalankan dengan baik,1,2024-01-16 22:27:37,4.81.1,negative,rating_rule,437
norma kristiani,Selalu kasih promo,5,2024-01-16 22:49:12,4.81.1,positive,rating_rule,18
Nadhira Nafeeza,Susah banget dpt driver,1,2024-01-17 00:39:00,4.81.1,negative,rating_rule,23
Gabriel Fikri,APALAH ARTI DARI VISI DAN MISI  NGELIAT DRIVER PESANAN MAKANAN KITA AJA JARAK 300 METER AJA KAGAK BISA,1,2024-01-17 01:22:33,4.81.1,negative,rating_rule,102
Alberto Halim,Bisa bantu saya untuk mencari kendaraan  makanan dan mengirim paket saya  terima kasih gojek,5,2024-01-17 01:19:47,4.81.1,positive,rating_rule,92
Ika Yulilasari,Mantap smoga tmbh trus diskon y klu sering2 mesen apa pun d gojek,5,2024-01-17 01:12:08,4.81.1,positive,rating_rule,65
Siti Aisyah,untuk aplikasi gojek semoga kdpanya bisa lebih baik dan diprbaiki yang kurang dari aplikasi ini untuk driver speda dimohon pngrtianya prnah pas order salah taruh alamat jemputnya driver speda sudah datang namun saya kan sudah ganti biaya ordernya terus yang nyuruh batalin inisiatif dari drivernya sendri terus pas aq order gocar drivernya pas dalam mobil mbahas yang masalah aq salah taruh tujuan brprgianya itu aq kecewa takutnya kalau kita sebagai pelanggan tetap namun di anggap buruk driver lain,3,2024-01-17 00:43:59,4.81.1,neutral,rating_rule,500
Hbuds Hentyobudi,Aplikasinya sngt mudah di gunakan,5,2024-01-17 00:36:11,4.81.1,positive,rating_rule,33
Wilda Rulita,Sejauh ini nyaman dan aman,5,2024-01-13 03:30:08,4.81.1,positive,rating_rule,26
mobile legend,Aplikasi paling gajelas setelah akulku tidak pernah telat pembayaran eh tau tau diblokir wkwkw,1,2024-01-17 00:32:11,4.81.1,negative,rating_rule,94
Hasto Wibowo,1 Ok Bisakah nomor telp yang menghubungi Pelanggan dari nomor yang sama 2 Panggilan tidak muncul nomor  hanya nada dering saja tidak bisa dieksekusi 3 Jika panggilan yang hanya berupa nada dering tidak dijawab maka beralih ke HP lainnya meski sudah dipakai oleh orang lain Poin 23 sangat mengganggu,4,2024-01-17 00:22:05,4.81.1,positive,rating_rule,298
Lisa Meidina,Ini aplikasinya knp ya setiap pakai tws kalo ada telpon dri driver slalu gak ada suaranya trus twsnya jd gak bisa bunyi kecuali restart hp atau ganti tws padahal tws dipakai telpon biasa atau wa dll gak apaapa,2,2024-01-17 00:14:24,4.81.1,negative,rating_rule,209
hibatullah asyraf,100,5,2024-01-16 08:16:42,4.81.1,positive,rating_rule,3
cloudof rn4,Terlalu banyak iklanmengganggu sekali,1,2024-01-17 06:10:24,4.81.1,negative,rating_rule,37
Ali Usman,Udah di update sinyal hp ada kok masih keterangannya sinyal saya tak ada gimana ni gojek kok aplikasinya di hp saya makin parah,2,2024-01-14 04:17:41,4.81.1,negative,rating_rule,127
avey simulator,Parah pesen makan di go pood lama nya minta ampun sampe kelaperan pantesan banyak ke apk sebelah,1,2024-01-15 06:11:25,4.81.1,negative,rating_rule,96
kristina irmawati,Kok per 2024 ga bisa dibuka ya Selalu bilangnya tidak menanggapi,2,2024-01-15 06:00:49,4.81.1,negative,rating_rule,64
Hilman Pratama,gopaylater tibatiba diblok tanpa alasan apapun,1,2024-01-15 05:46:16,4.81.1,negative,rating_rule,46
Pengguna Google,Limit gopay pinjam sudah 26 jtpengajuan tgl 15 Jan 24 setelah di ajukan mlh di tolak dan di suruh ajukan LV tgl 15febuari24 Ga ad duitnya jgn nawarin pinjaman bos,1,2024-01-15 05:41:35,4.81.1,negative,rating_rule,162
Sisilia Mogi,Bagusn saya langganan tetap terima kasih Gojek sukses selalu,5,2024-01-15 05:17:54,4.81.1,positive,rating_rule,60
Fathir Indra,Dgn gojek semua jd mudah,5,2024-01-15 05:15:14,4.81.1,positive,rating_rule,24
Dee Cresentia,sejak pindah k gopay baru semua jadi aneh limit gopaycicil lenyap limit gopay latter merosot sekarang malah tifak bisa digunakan gopaylatter tiba2 di blokir bukan cuma punya saya semua yg pake gopay latter juga katanya g bisa dipakai padalhal limit masi bnyak kembalikan gopay yg dulu yg lancar jaya,1,2024-01-14 05:15:22,4.81.1,negative,rating_rule,299
Public Bjigur,Supir banyak sekali yg mempermainkan pelanggan dibikin nunggu tapi ternyata cancel padahal kita sedang mengejar waktu,1,2024-01-14 05:31:41,4.81.1,negative,rating_rule,117
Rifky Adriansyah,Jelek Nge bug dan gak berfungsi saat menambahkan kartu,1,2024-01-14 05:33:28,4.81.1,negative,rating_rule,54
Wulan Wijayanti,Gw udah top up banyak mau bayar listrik karena tergiur sama promo cashback nya pas udah bayar malah gabisa gagal terus Klo ga niat kasih promo cashback gausah embel kan jadi harus top up lagi ke app lain Buang duit lu kira gampang cari duit,1,2024-01-15 04:27:35,4.81.1,negative,rating_rule,240
ACO KEDIRMAN,Maaf aku kasi bintang segini soalnya aku sdh kesal sekarang orderan jemputnya jauh jauh kita rugi di minyak manah susah antri bisa sampai 1jam baru dapat minyak jadi tolong di pihak gojek diperbandingkan kin dong sistimnya jangan menyiksa drever,2,2024-01-14 05:41:18,4.81.1,negative,rating_rule,245
Yuni Wagner,Gk bs buka gojek beberp hari pdhl udh updatesisa saldo hilang dh,4,2024-01-14 05:49:51,4.81.1,positive,rating_rule,64
Herry Susanto,Ga bisa dibuka,5,2024-01-15 03:49:06,4.81.1,positive,rating_rule,14
Heartman Manik,Iiitzhhh Hh ni h hhhhhu,1,2024-01-14 04:24:09,4.81.1,negative,rating_rule,23
Lina Hanum,Slmt pagi ka mau tanya ko gopay pinjam saya tidak tertera ya  soalnya saya mau bayar tagihan  Mohon bantuannya kak,5,2024-01-14 03:41:20,4.81.1,positive,rating_rule,114
Rama Hernando,Bagus pelayanannya next update GPSnya jangan bikin ruwet penjemputan kasihan drivernya muter nyari posisi kita,2,2024-01-15 09:58:21,4.81.1,negative,rating_rule,110
Novita Indah Lessontry,Aplikasinya sangat bermanfaat,5,2024-01-15 06:41:06,4.81.1,positive,rating_rule,29
Sugeng Pambudi,Senang pakai aplikasi ini sangat membantu disaat dibutuhkan terus masuk,5,2024-01-14 01:27:15,4.81.1,positive,rating_rule,71
Cger Berkicau,Aplikasi transportasi terbaik,5,2024-01-15 09:36:31,4.81.1,positive,rating_rule,29
An Widosari.,Terimakasih gojek  gopaylater saya sudah aktif semoga ke depan gak ada masalah lagi,5,2024-01-15 09:36:27,4.81.1,positive,rating_rule,83
Kokom Sutarko,saya topup gopay dari tgl 12 sampe sekarang belum masuk,1,2024-01-15 08:33:46,4.81.1,negative,rating_rule,55
Oppo A39,Koneknya agak lama,5,2024-01-15 08:16:34,4.81.1,positive,rating_rule,18
Hendra 043,Mengecewakaneror terus,1,2024-01-15 08:07:19,4.81.1,negative,rating_rule,22
Smart Daily Official,Hapus lah dobel Order gofood nya bikin makanan saya anyep jdi ga mood makan nunggu sejam lgi,1,2024-01-14 03:17:32,4.81.1,negative,rating_rule,92
zian Kalalo,aplikasi ini semuanya bagus cuma aneh aja pas di update masa fitur gotix untuk liat dan pesan tiket bioskop udah gada agak sedikit kecewa karena gada fitur gotix nya lagi,3,2024-01-14 03:24:26,4.81.1,neutral,rating_rule,170
Muhammad Febrianor,Promonya di banyakin lagi ya,4,2024-01-15 06:54:15,4.81.1,positive,rating_rule,28
triana kolila,Bayar paylater nya bisa di indomaretalfa dong min Biar gak ribet,3,2024-01-15 06:51:13,4.81.1,neutral,rating_rule,64
fxjacky widjaja,the best,5,2024-01-14 03:34:54,4.81.1,positive,rating_rule,8
Johan Ady Nugroho,Ini kok gak ada opsi berhenti berlangganan GOFOOD Plusnya ya Waktu itu ada sekarang gak ada,1,2024-01-14 03:41:12,4.81.1,negative,rating_rule,91
Achira Fendra,Terimakasih utk driver gojek Alhamdulillah saya slalu dapat driver yg baik,5,2024-01-15 06:43:37,4.81.1,positive,rating_rule,74
Ahmad Sahlabi,Aplikasinya sering eror pas mau dipake padahal saldo banyak tp ngga bisa terus parah,1,2024-01-15 03:00:42,4.81.1,negative,rating_rule,84
Heriy Yant,Pokok 800rb Bunga telat ny 32rb sehari klo telat pnjm uang di gopay pinjam sadiss jg findaya,2,2024-01-15 02:49:57,4.81.1,negative,rating_rule,92
Sanudin Udin,Okmudahn sukses terussangat membantu saya yg ga pdpecaya dirimakan di tempat,5,2024-01-15 02:23:51,4.81.1,positive,rating_rule,76
Time Is money,Hanya memikirkan tampilan dari aplikasinya saja tanpa memikirkan sistem 100 bikin kesulitan makin aneh,1,2024-01-14 18:32:33,4.81.1,negative,rating_rule,102
Josua Pesta Arivado Hutagalung,Nunggu gofood lama,1,2024-01-14 17:09:18,4.81.1,negative,rating_rule,18
Pengguna Google,Gojek sangat membantu saya dalam beraktifitas Tapi sangat mengecewakan akhirakhir ini Gopay saya sudah 2 kali di debet lebih dr jumlah tertagi dan tidak diganti atau dikreditkan kembali Sangat mengecewakan,4,2024-01-14 17:00:15,4.81.1,positive,rating_rule,205
Bagas Aulia Pratama,Sangat ekonomis harganya,5,2024-01-14 16:42:39,4.81.1,positive,rating_rule,24
Raihan Ahsan,Sistemnya ngaco,1,2024-01-14 14:31:58,4.81.1,negative,rating_rule,15
Safrida Armia,Heneendntrbdfnc tak,3,2024-01-14 11:47:42,4.81.1,neutral,rating_rule,19
Indra AUTO TV,Ada nya Gojek Mengurangi Pengangguran,5,2024-01-14 13:52:54,4.81.1,positive,rating_rule,37
Rayhan Caesarinov10,Uang ilang 100k Nyesel nyimpen di Gojek,1,2024-01-14 12:14:39,4.81.1,negative,rating_rule,39
Satrio “rio-chan” Nugeroho,Udah install sering pake jg masih sering muncul iklanpromo segala bikin eneg,4,2024-01-14 13:42:23,4.81.1,positive,rating_rule,76
Erly Kwok,Untuk gopay latter nya amat sangat buruk Belum telat tanggal udh di hubungi melulu giliran sgr di byr sblm di hubungi malah gopay latter sama sekali ngga bisa di gunakan Payah,1,2024-01-14 12:29:44,4.81.1,negative,rating_rule,175
About Kii,Udah 2x pesan gofood minggu ini tapi driver ga dapat terus Mana ga bisa dicancel Gimana sih Orang udah keburu kelaparan tolol,1,2024-01-14 13:28:47,4.81.1,negative,rating_rule,125
Debby Mahyuni,Driver gocarnya parah Pesan tp driver gk kunjung datang posisi tidak bergerak ditlp gk diangkat dichat gk diread mengabaikan penumpang menunggu terlalu lama,1,2024-01-14 13:23:54,4.81.1,negative,rating_rule,156
Tien Rustini,ga bs buka gojek,3,2024-01-14 09:28:35,4.81.1,neutral,rating_rule,16
Laylul Amaliyuddin,Jek jek,5,2024-01-14 22:02:44,4.81.1,positive,rating_rule,7
Rehan gori,Apk yg sangat bermanfaat,5,2024-01-14 08:53:14,4.81.1,positive,rating_rule,24
Inri Rosaria Beadagara Sihombing,Sekiranya bisa lebih cepat penyelesaian masalahnya,1,2024-01-14 07:55:07,4.81.1,negative,rating_rule,50
Andi Cahyono,semakin praktis tapi koq kebanyakan biaya lain,4,2024-01-14 06:19:31,4.81.1,positive,rating_rule,46
Rizky Amalia,ok trimakasih,5,2024-01-15 02:12:51,4.81.1,positive,rating_rule,13
Santi Santi,Mantulll,5,2024-01-15 01:46:03,4.81.1,positive,rating_rule,8
Dedi Erna,Mantap Sementara saat ini belum saya gunakan,5,2024-01-15 01:40:27,4.81.1,positive,rating_rule,44
Lisma Riyantika,Gopay laternya tolong dibenerin ya Masa Setiap kali mau bayar tagihan selalu perbaikan Selalu lo itu saya harus nyoba 10x setiap waktu mau pembayaran Tolong perbaiki,4,2024-01-15 01:34:24,4.81.1,positive,rating_rule,165
Ipenk Saputra,Aplikasi Transportasi Online Paling Tua,5,2024-01-15 01:08:32,4.81.1,positive,rating_rule,39
Hayang Kawin,Makasih,5,2024-01-15 01:05:59,4.81.1,positive,rating_rule,7
Masruroh Masruroh,Mantul bos,5,2024-01-14 23:07:39,4.81.1,positive,rating_rule,10
Rofa,Ini kenapa deh kok lokasi tidak ketemu terus pdhl itu public bgt dan g mgkn klo g d di maps masa sekelas st ps senen aja g da btw ini udh di update dan udh diizinkan akses lokasi aplikasi sblh aja bisa kok,2,2024-01-14 08:38:41,4.81.1,negative,rating_rule,205
Dika “Jaroet” Kaka79,Kenpa saya tidak bisa upgrade ke gopay plus padahal semua data yang sudah ku masukkan itu data real,1,2024-01-15 00:17:59,4.81.1,negative,rating_rule,99
Zazuli Zaytsev,Terimakasih sangat membantu menggantikan peran saat tidak bisa jemput orang terdekat,4,2024-01-15 00:09:35,4.81.1,positive,rating_rule,84
Âlshad Gentala,Aku pesen gojek dan dia ga mau masuk dan jemput tidak sesuaii titik dia nunggu di pinggir jalan Sedangkan titik nya di dalem lmnyan jauh aku blg sesuai titik Dan dia nyolott ah ribett katany yauda kl ga mau ribet saree di imah ulaaah nge gojeekk dia yg cancell rasa nyaa aku pgn ngmng balik ke si mang nya tuh Cuman sayang dia yg cancel jdi gda tuh riwayat nya di saya  Kalau ada udh di laporin tuh,1,2024-01-15 00:04:00,4.81.1,negative,rating_rule,398
Hani Widiya,Maaf bintang 1skrg paylater ny lucu sekali telat 1 hari denda 50 ribuudh di bayar di blokirmening yg dlu drpd yg skrng,1,2024-01-14 23:59:36,4.81.1,negative,rating_rule,118
TOPAN MULIA,MANTAP ALPIKASI GOJEKNYA TOLONG DONG DI PERBAIKI LAGI ALPIKASI KETIKA HUJAN SAYA NGGK DAPAT DRIVER SAYA BEJALAN KAKI DARI RUMAH SAYA KE KAMPUS SAYA dan tolong dong diperbaiki juga saat server padat merayap lagi banyak orderan,1,2024-01-14 23:58:00,4.81.1,negative,rating_rule,225
Princess kireina,Knpa go med tdk ad lg di apk gojek sya ypdhal kan sya sering pake,3,2024-01-15 09:57:46,4.81.1,neutral,rating_rule,65
aurel halim,DRIVER NYA PADA GAK JUJUR HARGA BERAPA DIEM AJA GAK DIRUBAH  NOTA GAK DIKASIH MALAH DIBUANG KHUSUSNYA WILAYAH NATAR  LAMPUNG,1,2024-01-15 09:59:41,4.81.1,negative,rating_rule,124
Hafizh Rizqi,BURUK SALDOKU DITILEP PADAHAL GAK PAKAI JASA DRIVERNYA DAN ADMINNYA MALAH BILANG SALDONYA SUDAH SESUAI JELAS JELAS SALDONYA BELUM DIKEMBALIKAN GAK PERNAH IKHLAS AKU KALAU ADA BINTANG 0 KU KASI DAH,1,2024-01-16 07:28:27,4.81.1,negative,rating_rule,196
Usman Affan,Sangat Baik,5,2024-01-16 04:06:10,4.81.1,positive,rating_rule,11
Waot Akbar,Tiba tiba Gopayler ku diblockir,1,2024-01-16 03:37:35,4.81.1,negative,rating_rule,31
Friessia Maharani,Sekarang gojek jelek ya Gofood nya juga makin parah driver suka cancel seenaknya udah gitu gak bisa tracking posisi gojek nya pas lg pemesanan makan,1,2024-01-16 03:20:20,4.81.1,negative,rating_rule,148
Ibron Saqo,Aplikasinya parah sekalibesaran denda dengan tagihan gopaylater hampir 50 padahal telat baru beberapa hari,1,2024-01-16 03:16:22,4.81.1,negative,rating_rule,106
Andi Zidane,Aplikasi ini sangat membantu karena disaat kita membutuhkan kendaraan untuk bepergian tinggal klik pesan,5,2024-01-16 02:09:27,4.81.1,positive,rating_rule,104
Iman Santoso,Terima kasih,5,2024-01-16 01:37:19,4.81.1,positive,rating_rule,12
Siti Mulyati,Aplikasi ribet gak bisa masuk,1,2024-01-16 01:21:44,4.81.1,negative,rating_rule,29
Suci Rahayu,MrT  Gojek Membantu bgt Jadinya sekrg males pakai mobil Tq Gojek,5,2024-01-16 00:47:57,4.81.1,positive,rating_rule,64
irfan ardiansyah,powerfull,5,2024-01-16 00:42:54,4.81.1,positive,rating_rule,9
Agi Ratna,Mau dftr go pinjam knpa pas mau dftr datanya mau tak kirimada keterangan oppa ada yg salahpdhl SDH isi dgn benar adanyamhon bntuanya,2,2024-01-16 00:17:33,4.81.1,negative,rating_rule,132
R itz Me,Gopaylater di bekukan secara sepihak Bayar gapernah telat Saya Pengguna existing dan berkualitas loh ya limit juga selalu naik per 2 bulan sekali  Bertahun tahun pakai gojek malah skrg kaya gini Kecewa,1,2024-01-15 23:19:32,4.81.1,negative,rating_rule,201
Auliya Rahman,Bug nya ga pernah di perbaikin gimana sih kalau gini terus mending pindah aj dari gojek,1,2024-01-15 23:10:32,4.81.1,negative,rating_rule,87
Haji Salim,Aplikasi Bagus,5,2024-01-16 03:45:27,4.81.1,positive,rating_rule,14
Rizky Ekasari,Balikin saldo gopay saya yang hilang parah sekelas gojek pelayanannya kaya gini,1,2024-01-16 04:32:31,4.81.1,negative,rating_rule,79
Suyastin Hana,Saya top up data ga bisa Mulu knp ya,4,2024-01-15 10:06:58,4.81.1,positive,rating_rule,36
Irvan Orlando,Sangat membantu di kala butuh untuk transportasi ataupun belanja dengan jasa goshop,5,2024-01-16 07:05:00,4.81.1,positive,rating_rule,83
M.taufiq Hutagalung,Cepat,5,2024-01-16 07:03:18,4.81.1,positive,rating_rule,5
Andy Cun,mantap banget,5,2024-01-16 06:54:37,4.81.1,positive,rating_rule,13
Zarmatini,Mudah dan baik,5,2024-01-16 06:31:57,4.81.1,positive,rating_rule,14
Sincil,Gila aja mesen makanan sampe 2 jam Mana gagal gara2 kaga ada driver Keburu mati bos anak orang Kalo misal masang promo tapi ga ada ojek yang mau ambil yaudahlah gausah sok2an bikin promo Gaada gunanya Kapok dah,1,2024-01-16 06:20:39,4.81.1,negative,rating_rule,210
Albert sayur kol,Tolong kepada pihak gojek tolong drever mobilnya di beri saksi saya pesan gojek mobil hampir 2 jam saya tunggu pengemudi nya tdk kunjung datang dan pas saya pesan lagi saya tidak dapat dapat pengemudi nya padahal saya pengguna gojek udah lama tp kali ke 3 saya kecewa dgn gojekkl ada rating 0 sudah saya berikan kepada gojek,1,2024-01-16 06:11:14,4.81.1,negative,rating_rule,324
Damara Saputra,APK nya bagus banget jadi ak bisa plng dengan aman dan cepat,5,2024-01-16 05:51:30,4.81.1,positive,rating_rule,60
Novan Kurniawan,Ga bisa bayar gopay pinjamsudah email findaya support slow respon dan ribet Padahal besok sudah jatuh tempo,1,2024-01-16 05:22:35,4.81.1,negative,rating_rule,107
Siska_azmd Arizona,Gopayletter knp jd terblokir setelah update,5,2024-01-13 12:54:36,4.81.1,positive,rating_rule,43
SARDONO ROBANI,Lebih mudah dan murah,4,2024-01-16 04:54:15,4.81.1,positive,rating_rule,21
swarna dwipa,Kapan akun saya aktif,3,2024-01-16 04:52:28,4.81.1,neutral,rating_rule,21
PROAPS,masa promo ku ga bisa di gunakan padahal uda beli yang 90hari,1,2024-01-16 04:39:09,4.81.1,negative,rating_rule,61
Risky Art,Gopaylater di blokir dengan alasan tidak jelassangat kecewa sekarang sangat tidak bisa di andalkan,1,2024-01-15 22:13:04,4.81.1,negative,rating_rule,98
Lathifa Tyara,Makin kesini mau order jadi susah  bikin malas  tidak di percepat malah bikin lama  buat apa bayar biaya layanan tapi g bisa kasi layanan,1,2024-01-13 13:47:32,4.81.1,negative,rating_rule,137
dede wibestian,Licik banget sumpah,1,2024-01-15 19:10:06,4.81.1,negative,rating_rule,19
Wulandari Putri,Maaf mlm ini saya ngisi gopay untk melakukan pembayaran tau tau sandi salah trus  ga jelas ni aplikasi,1,2024-01-15 13:11:46,4.81.1,negative,rating_rule,102
fran aris,Bagus bisa untuk bantu para sopir truk yang jauh warung makandan untuk jemput dan antar ke lokasi pabrik,5,2024-01-15 13:02:18,4.81.1,positive,rating_rule,104
Bianca keynara Afiza,Gabisa ngcek tagihan gopaylatter Mw dbyr jg gangguan Tau tau udh denda aj buruk sekalee,1,2024-01-13 17:45:13,4.81.1,negative,rating_rule,87
Rafael Mulyadi,Sangat ramah si abangnya,5,2024-01-15 12:39:16,4.81.1,positive,rating_rule,24
Rafino Syabani,GOTIX KEMANA,3,2024-01-13 18:00:29,4.81.1,neutral,rating_rule,12
Ricky Suryadinata,Mantapsangat baguspraktis,5,2024-01-13 19:11:51,4.81.1,positive,rating_rule,25
Rifki Wibowo,Halo saya mau tanya kok akun saya tidak bisa menggunakan promo diskon 40  dan 35 padahal sebelumnya bisa sekarang pas klik resto di situ yang bagian promonya malah gak ada sudah saya chat cs gojek dua Minggu yang lalu katanya ada kendala sistem tapi akan kembali lagi dalam beberapa hari tapi kok gak balik padahal sudah ada 2 Minggu Mohon bantuannya,1,2024-01-15 12:13:15,4.81.1,negative,rating_rule,350
Rendy Nauli,Saya telah menamatkan game transportasi simulatorgojek aplikasinya sangat mendukung dan grafiknya sangat realistis kaya dunia nyata smooth banget saya sudah mencapai level 50 dan saya mohon bantuannya untuk mendapatkan skin jaket Ireng limited edition yang mau mabar sokin gasin kita seru an,5,2024-01-13 22:19:27,4.81.1,positive,rating_rule,291
Dede Supriatna,Mantap pokok nya,5,2024-01-15 10:44:31,4.81.1,positive,rating_rule,16
Benyo Benuar,Kok skrg gak bisa di buka yah aplikasi nyapadahal sudah di update,1,2024-01-15 10:33:54,4.81.1,negative,rating_rule,65
Nandang Taufik Hidayat,Aplikasi Yang Luar BiasaDan Banyak Di Pakai,5,2024-01-14 00:25:40,4.81.1,positive,rating_rule,43
Hendra Kusumah,Random ngasih driver yg ga jelas tarif mahal bgt fasilitas nol,1,2024-01-15 13:32:58,4.81.1,negative,rating_rule,62
Nainggolan Lumbanraja,Apk ada masalah apa Taransfer antar bank gk bisa Kenadalanya apa ini,4,2024-01-13 17:37:02,4.81.1,positive,rating_rule,68
Raffa Adipradana,Benerin akun gopay saya dong padahal saya baru beli malah di blokir gopay ny,3,2024-01-13 14:33:26,4.81.1,neutral,rating_rule,76
Mekar Joyo,Sangat cepat sekali tespon,5,2024-01-13 14:36:05,4.81.1,positive,rating_rule,26
Adhell Ironman,Maaf saya kasih bintang 2 soalnya kalo udah malam kenapa susah ya dpt driver untuk goodfood perasaan bisa bisa aja kenapa skrg jadi susah ya sampai malas jdinya pesan di gojek lagi  masuk pesanan ke resto tapi stlah itu ada bacaan telat krna ga dapat driver padahal ga ada problem mslah driver goodfood sblmnya kenapa skrg jadi susah ya tolong di perbaiki lagi soalnya saya jadi sulit kalo pesan goodfood di gojek kendalanya gtu trus terima kasih di daerah Kalimantan Selatan,2,2024-01-15 17:46:40,4.81.1,negative,rating_rule,475
wahyudi wahyu,Waktu pesan makan lama ongkir mahal driver susah untuk nitip pesan klo mmng ongkir mahal buat pelayanan kok sampai sekarang msh sering gangguan dan tambah parah lebih baik kembali ke dulu pertama kali ada gojek,1,2024-01-13 14:42:41,4.81.1,negative,rating_rule,210
Destian Mbatono,Aplikasinya susah untuk saya pahami,1,2024-01-15 17:07:37,4.81.1,negative,rating_rule,35
Hidayat Hidayat,Gojek selalu di hati,5,2024-01-15 16:31:31,4.81.1,positive,rating_rule,20
Nadya Winanda,Menu gopay pinjam saya kok hilang ya,3,2024-01-15 15:47:56,4.81.1,neutral,rating_rule,36
Arul Julian,Aman dalam mengemudi,5,2024-01-13 17:29:55,4.81.1,positive,rating_rule,20
Wiyan Project,Memudahkan pengiriman cepat,5,2024-01-15 15:04:22,4.81.1,positive,rating_rule,27
Viky Bayu Aji,Uninstall gojek krn paling mahal promonya gimick semua By gojek,1,2024-01-15 14:43:41,4.81.1,negative,rating_rule,63
Yudi Yusmawan,Gojek okelah apalagi skrng ada paylater nya sangat membantu saya dalam segala aktifitas,5,2024-01-15 14:24:53,4.81.1,positive,rating_rule,87
Lusy Zhiie,Mantull sangat,5,2024-01-15 13:55:54,4.81.1,positive,rating_rule,14
Fa Jar,Tolong ya gojeg GPSnya tolong lebih akurat masa kalah sama Grab udah mahal tapi masih Tidak profesional Bertahun tahun jadi customer saya gak pernah dapat promo saya gak komplain Tapi ini saya bicara beneran Pengelola nya dan dirutnya jgn Piceeeek,1,2024-01-17 05:45:40,4.81.1,negative,rating_rule,247
jauhara jadid talib,Mudah kemana aja,5,2024-01-12 19:21:44,4.81.1,positive,rating_rule,16
idris apandi,Untuk go tiket ga ada lagi ya,3,2024-01-19 00:16:31,4.81.1,neutral,rating_rule,29
Nancy Tjahaja,Sy ikutan gofood plus biar ongkir gratis tp diskon makanan jd max 15rb padahal sebelumnya bisa 30rbrugi donk mending ga ikutan jd tetep bisa dpt diskonnya lebih gede,3,2024-01-18 09:39:51,4.81.1,neutral,rating_rule,165
Robby Yusandra,Kenapa yaaa kalau pesan gocar kondisi cuaca hujan driver nya pada gak mau ngambil orderan,1,2024-01-18 08:53:42,4.81.1,negative,rating_rule,89
Waluyo Waluyo (Yoyo),Sebetulnya aplikasi yg sangat membantu tetapi kenapa ya kalo pesan jarak pendek selalu dicancel terus oleh drivernya padahal pas lagi butuh nya semoga bisa ada perbaikan utk kedepannya,3,2024-01-18 08:38:02,4.81.1,neutral,rating_rule,184
Okki Pratama,Kasi voucher tu gofood ajah gak usah yg lain gilirian akun baru banyak voucher gofood nya giliran akun lama hampir gak adaaneh ini malahan ngasi vucher goridema gocar ngapain udah tau sy sangat jrang pakai nya setahun palingan sekalali,5,2024-01-18 08:32:46,4.81.1,positive,rating_rule,235
Erlangga Zafri arifin,nomr saya ganti ktp sama saldo saya malah hilang kenapa gojek sekarang kek gini ya  padahal uabg buat berobat pula,1,2024-01-18 08:14:49,4.81.1,negative,rating_rule,114
Asep Saputra,Makin ribet aj skrng harus hubungin gopatner sma gojek castomer Bukan makin bagus makin ribet lu,1,2024-01-18 08:04:04,4.81.1,negative,rating_rule,96
Puskeswan Jatinom,Alhamdulillah trimksh,5,2024-01-18 07:32:32,4.81.1,positive,rating_rule,21
cecep aprianto,Heran gojek terlalu banyak ambil untung beli food resto kena 20 driver kena 20 tambah lg uang jasa aplikasi sampai 5k ini buat gojek makin cepat kaya driver melarat,1,2024-01-18 07:20:02,4.81.1,negative,rating_rule,164
hikmawati hikmawati,Knpa akun gojekku susah ke buka ci,5,2024-01-18 07:18:34,4.81.1,positive,rating_rule,34
Dwi mei Mustikawati,Ini aplikasi ngebantu banget asli setiap kali saya gak ada yang jemput waktu sekolah aplikasi ini yang bantu saya buat pulang mantaap,5,2024-01-18 07:13:51,4.81.1,positive,rating_rule,133
Donny Manuhutu,Saya suka karena tiap pesan gocart selalu tepat waktu dan tempat yang dituju,5,2024-01-18 07:13:40,4.81.1,positive,rating_rule,76
Deka Firmansyah,Setelah diupdate langsung tidak bisa dibuka aplikasinya,1,2024-01-18 06:59:09,4.81.1,negative,rating_rule,55
Mu Herno,Ngga bsa d buka,1,2024-01-18 06:59:07,4.81.1,negative,rating_rule,15
Kardji Kardji,Pelayanan cepat,5,2024-01-18 06:56:27,4.81.1,positive,rating_rule,15
Harri Agustiadi,BUAT DRIVER GOJEK KAB BANDUNG KHUSUSNYA YANG TADI DARI PERUMAHAN TAMAN KOPO INDAH 2 MOTOR VARIO HITAM 150CC SUDAH TAHU SALAH JALAN MALAH MELUDAH KEMUKA SAYA SAYA MAU DRIVER DI TINDAK LANJUT DAN SAYA MINTA GANTI RUGI,1,2024-01-18 06:46:56,4.81.1,negative,rating_rule,215
Ardi,Kenapa sekarang kalo melakukan pesanan menggunakan gopay later tidak bisa di lakukan baik di gojek atau tokpedpadahal saldo limit nya masih banyakpemabayaran tagihan juga tidak pernah telat,3,2024-01-18 09:28:41,4.81.1,neutral,rating_rule,189
Afif Ramadhan,Aplikasi taeeeeeeekkkkkkkkk gak berguna  selalu ngeblank aplikasi jancuk,1,2024-01-18 09:40:29,4.81.1,negative,rating_rule,72
Nafisa Anindya,ongkir gofood makin mahal sekarang jadi jarang pakai gojek karena ada compare yg lebih murah gass lah,3,2024-01-18 11:15:54,4.81.1,neutral,rating_rule,101
Sutisna 1976,Mantap tenan,5,2024-01-18 09:42:30,4.81.1,positive,rating_rule,12
jumranalik nadia,Alhamdulillah sdh bisa dipakai aplikasinyamudahan makin banyak promonya,5,2024-01-18 11:06:29,4.81.1,positive,rating_rule,71
Ahyana Ahyana,Alhamdulillah selama sy gunakan gojek baiksemangat terus dan harus ramah terhadap penumpang itu harus sukses terus gojek dan gocard promo nya di sering kan,5,2024-01-18 11:02:02,4.81.1,positive,rating_rule,155
mulyadi aldi,Gacorin dong bos qyu,5,2024-01-18 10:50:19,4.81.1,positive,rating_rule,20
finka alia,paaa sii keluarr sendiri truss,1,2024-01-18 10:49:32,4.81.1,negative,rating_rule,30
rubet caniago,Di update malah makin parah,1,2024-01-18 10:39:44,4.81.1,negative,rating_rule,27
Daniel Grade 5,Enak selama ini ada gojek sangat membantu keperluan sehari hari engga harus keluar sendiri juga pelayanannya ramah trima kasih gojek,5,2024-01-18 10:36:57,4.81.1,positive,rating_rule,132
alphacino galteere,Mengapa apk tidak bisa di buka versi android 51 Oppo f1s,1,2024-01-18 10:16:49,4.81.1,negative,rating_rule,56
Papa Enal,Ok btg,5,2024-01-18 10:11:37,4.81.1,positive,rating_rule,6
Miftachul Anam,Ayo kumpulkan orderan yg banyak untuk meningkatkan kebutuhan hidup orang2 driver jgn pernah putus asa dan tetap bersabar serta ikhlas menjalani kerjaan tersebut terimakasih,5,2024-01-18 10:01:48,4.81.1,positive,rating_rule,172
Ahmad Apandi,bagus sangat membantu,4,2024-01-18 09:46:32,4.81.1,positive,rating_rule,21
Sudar yanto,Gopay later nggak bisa dipakai lagi walaupun sudah lunas,5,2024-01-18 09:45:40,4.81.1,positive,rating_rule,56
Nedi Ammar,Mau kasi bintang lima tapi saya tidak bisa ditelpon sama driver karena option tanda telpon tidak muncul di hpku,4,2024-01-18 06:42:04,4.81.1,positive,rating_rule,111
Heru Marta,Kalau untuk gofood banyak promonya tp klau untuk motor atau mobil mahal gojek skrg semenjak ada maxim sll pakai maxim lebih murah meriah tp klau gofood top markotop,5,2024-01-18 06:41:38,4.81.1,positive,rating_rule,164
Rina Ayu,Saya kasih rating satu soalnya tadi beli pulsa tapi pulsanya ga masuk jadi saya kasih satu,1,2024-01-18 06:39:47,4.81.1,negative,rating_rule,90
Tery Faiha,Saya tak pake lagi ganti yang lain tadinya sih mudah untuk belanja pake gopay tinggal tarik dari aplikasi driver bisa buat beli bensin buat belanja dll sekarang dah gga bisa jadi saya ganti yg lain kalo ada yg mudah ngapain cari yg ribet,1,2024-01-18 04:58:36,4.81.1,negative,rating_rule,237
desi rinika,Seneng banyak promo pembayaran pake gopay,5,2024-01-18 04:58:17,4.81.1,positive,rating_rule,41
epen soependy,Telatsuka loading,5,2024-01-18 04:47:01,4.81.1,positive,rating_rule,17
Faujan Farhan,Mntap pkoke,5,2024-01-18 04:37:56,4.81.1,positive,rating_rule,11
Riva Wardina,Gopay later gak bisa dipakai dah 2 bulan pembayaran selalu tetap waktulapor ke MAB bilang nya tagihan belum lunas,1,2024-01-18 04:36:26,4.81.1,negative,rating_rule,113
Achmad Ekosaputro,Ko akun Gopay Customer dan yang warna Hijau dan Gopay warna biru Gopay Bank Jago tidak sinkron  Padahal Nomor tlp dan Email semua sama Coba jelaskan,1,2024-01-18 04:35:59,4.81.1,negative,rating_rule,148
Radifa Fadilah Putra,Di upgrade malah engga bisa di buka apknya aneh banget,1,2024-01-18 04:25:02,4.81.1,negative,rating_rule,54
Imam Budiono,sangqt membantu keluarga saya,5,2024-01-18 04:23:29,4.81.1,positive,rating_rule,29
Imron Roesyadi,Ok dah,5,2024-01-18 04:19:32,4.81.1,positive,rating_rule,6
elly Rozana,terkadang mapnya suka kacau tdk tepat di titik lokasi penjemputan pdhal hp ngga kmana2,3,2024-01-18 04:14:35,4.81.1,neutral,rating_rule,86
Santos Yulianto,Tambah buruk,2,2024-01-18 04:06:38,4.81.1,negative,rating_rule,12
VINY MORA,Dulu cepat  akurat klo order via app ini Tp kok skrg susah  posisinya jauh x dapat pengemudinya ya Tolong dongKlo pelanggan order mohon diberikan pengemudi yg paling terdekat ya Thx,3,2024-01-18 05:03:38,4.81.1,neutral,rating_rule,181
Duf Erlith,siipp,5,2024-01-18 05:05:50,4.81.1,positive,rating_rule,5
Gede Arma,Mantap lah,5,2024-01-18 05:09:22,4.81.1,positive,rating_rule,10
Henry Siagian,KALAU KASIH TIP chating ke drivernya yaaa Suka telat masuknya,3,2024-01-18 06:18:08,4.81.1,neutral,rating_rule,61
Suseko,Diskon makin dikit Sekali nya diskon pake pay later Udh coba pake pay later tp gagal Disuruh nunggu seminggu hadeh Masa mau makan disuruh tunggu seminggu awokawokawokawok,1,2024-01-18 06:13:23,4.81.1,negative,rating_rule,170
Bin Toro,Apk tipu tf ke jago sj kena atmin brengsek,1,2024-01-18 06:07:21,4.81.1,negative,rating_rule,42
Putu_syeh_ Subakir,Masuk bagus,5,2024-01-12 08:04:19,4.81.1,positive,rating_rule,11
BLOG ZONE,ajib,5,2024-01-18 05:54:39,4.81.1,positive,rating_rule,4
Nizam Hanaya,Gojek knp sih spam iklan mulu di berbagai aplikasi sosmed the 1000000x sehari GANGGU TAU Iklannya NIPU lgkatanya hemat diskon sampe 70 prett mana ada diskonan segitu Kalo ampe berlanjut spam iklan mulu gue UNINSTALL,1,2024-01-18 05:48:00,4.81.1,negative,rating_rule,215
Angga Ferdian,Oke mantaaapp,5,2024-01-18 05:32:09,4.81.1,positive,rating_rule,13
Agus Setiawan,gila mau pesen gojek mau pesen gofood kaga busa parah caur kenapa ini coba mau pergi mau makan susah,2,2024-01-18 05:09:56,4.81.1,negative,rating_rule,100
edi purwanto,Kenapa sekarang susah lama dapat driver tolong dong di benahi kami mau cepat tp gojek sekarang malah lambat dapat driver,1,2024-01-18 05:25:43,4.81.1,negative,rating_rule,120
Siti,Dengan adanyh gojek sangat membntu saya yng mals keluar rumah  terimakasih gojek,5,2024-01-18 05:21:09,4.81.1,positive,rating_rule,80
Endang Sukma,cepat sampek pesanannya,5,2024-01-18 05:21:03,4.81.1,positive,rating_rule,23
Nurul Tamelia,Memuaskn sekali,5,2024-01-18 05:10:03,4.81.1,positive,rating_rule,15
Pepi Wuryaningsih,Goodjob kka pdhl ujan2 gda yg mau ambil,5,2024-01-18 11:18:13,4.81.1,positive,rating_rule,39
Dino Dino,Gojek selalu jadi pilihan pertama,5,2024-01-18 02:57:02,4.81.1,positive,rating_rule,33
Septian Maulana akbar,Bnyakin promo lah,1,2024-01-18 17:58:16,4.81.1,negative,rating_rule,17
Nirina Zia Shabara Murya,banyak promo,5,2024-01-18 17:34:11,4.81.1,positive,rating_rule,12
Ima Rahimawati,Apa GoTix sudah tdk ada,4,2024-01-18 17:28:01,4.81.1,positive,rating_rule,23
Revin Putra,Masa saya baru donglot ga ada promo,1,2024-01-18 16:30:17,4.81.1,negative,rating_rule,35
Anna MaNuel Limbong,Makin oke,5,2024-01-18 16:15:03,4.81.1,positive,rating_rule,9
Rudi Mpi10,Ok is the best,5,2024-01-18 15:37:09,4.81.1,positive,rating_rule,14
Salim Muhammad,Tambah lamatambah lama pelit discount nya,3,2024-01-18 15:26:56,4.81.1,neutral,rating_rule,41
Ian T-Lay,Nice tambah rusak biar sepi,1,2024-01-18 15:26:29,4.81.1,negative,rating_rule,27
Apon Salpon,Baguuuus,5,2024-01-18 15:20:55,4.81.1,positive,rating_rule,8
Chelsea Bunga,makasi gojek berkat fitur kamu yg bisa chattan aku hampir aja asing sm seseorang sayang gojek banyak banyak,5,2024-01-18 15:16:11,4.81.1,positive,rating_rule,107
Adenur Yati,Abs d upgrade mlh ga jelas aplikasi ny Pas d buka balik lgi sprti pmula,4,2024-01-18 15:12:58,4.81.1,positive,rating_rule,71
Uyang Amin,Ok sangat membantu,5,2024-01-18 15:10:00,4.81.1,positive,rating_rule,18
Dede Aji Septiandi,Mantap banyak promo gocar terus tinggal go foodnya banyakin promo,5,2024-01-18 15:04:15,4.81.1,positive,rating_rule,65
Sanam,Fitur go transit tidak seperti versi sebelumnya bisa melihat rute kereta ataupun waktu dan jalurnya bahkan pilihan alternatif perjalanan pun tidak ada,2,2024-01-18 15:02:15,4.81.1,negative,rating_rule,150
Muh Idin,Udah update ke gopay plus malah disuruh update lagi,1,2024-01-18 15:00:25,4.81.1,negative,rating_rule,51
TRILOGI ANCER SIDABUTAR,Mayan byk promo nya,5,2024-01-18 14:59:20,4.81.1,positive,rating_rule,19
Ahmad Warizki,Memuaskan selalu,5,2024-01-18 17:39:59,4.81.1,positive,rating_rule,16
Anis Rohmah,Mudah fan cepat,5,2024-01-18 11:41:57,4.81.1,positive,rating_rule,15
Bunga zakia Zamzami,Buruk,1,2024-01-18 18:44:28,4.81.1,negative,rating_rule,5
Abdullah Outsider,Sering eror terlalu memaksakan Pesen ga bisa di batalin Tapi waktu terus nambah Dari 45 menit sampai 1 jam lebih Mengecewakan,1,2024-01-11 23:10:53,4.81.1,negative,rating_rule,125
Indra,Apk tolol masa pesan aja nunggu 1 jam,1,2024-01-18 23:55:47,4.81.1,negative,rating_rule,37
Dralarx Zag,Selalu gak dapet kalo lagi ujan padahal yang di persen gocar,1,2024-01-18 23:47:55,4.81.1,negative,rating_rule,60
Khalil Gibran,Driver lu pada ganiat kerja capek gua nunggu lu bermenitmenit kaga ada yang pasti Padahal gua tinggal di kota pesen GoJek kaya ditengah2 pulau aja kaga dapet2 jelekk Percuma nunggu yang tidak pasti,1,2024-01-18 23:47:21,4.81.1,negative,rating_rule,197
Khaesa omar Ramadhan,Bagus sih iya tapi nih klo masalah gerimis atau hujan kecil doang knp ga keterima Pdhl cuman rintikan hujan doang ga gede Bisa make jas ujan juga kan tuh kelemahan gojek sih,3,2024-01-18 23:30:37,4.81.1,neutral,rating_rule,173
Jony Soff123,Terima kasih atas pelayanan nya sangat bagus,5,2024-01-18 23:29:13,4.81.1,positive,rating_rule,44
Syaiful Amini,Mohon maaf ya kalo saya kasih nilai yang jelek buat aplikasi GoJek karena kualitas aplikasi GoJeknya malah makin tidak bagusjelek kualitasnya yang menyebabkan orang ingin order driver Gojek malah dilemparkan ke yang jauh tolong pengertiannya orang pengen pesan yang deket malah dilemparkan ke yang jauh jadinya kasian kan driver sama yang ngambil orderannya saya kecewa dengan aplikasi ini tolong jangan cari untungnya saja tapi mikirin orang lain dong kasihan driver dan orangnya,1,2024-01-18 23:16:39,4.81.1,negative,rating_rule,480
Sri Heryani,Apk sangat mudah digunakantdk ribet dan byk promo,5,2024-01-18 23:04:52,4.81.1,positive,rating_rule,49
Nanda Setyawan,Saya top up 10K  3x yg masuk saldo cuman 10K doang  gmn ini saldo saya  duit ilang  saldo cmn ke isi 1x,5,2024-01-18 22:54:44,4.81.1,positive,rating_rule,103
Mujaddid Tajuddin,Memudahkan dalam banyak hal,5,2024-01-18 22:43:39,4.81.1,positive,rating_rule,27
Venus Alfatah,Sangat membantu dalam kehidupan seharihari sukses selalu Gojek,5,2024-01-18 22:03:25,4.81.1,positive,rating_rule,62
Radikun S,Sangat membatu,5,2024-01-18 19:11:50,4.81.1,positive,rating_rule,14
Icham Misam,Ini aplk gak bisa dipake ya dihp oppo f1s kok tidak bisa masuk keluar terus,1,2024-01-18 19:08:06,4.81.1,negative,rating_rule,75
Farah Sari Shafa Salsabil,Karna saya sblmnya pernah di oprasi di bagian kepala dan saat ini tinggal masa pemulihan mata yg sebelahnya saja tlng bgt buat driver yg lainnya terutama driver plat nomor E 5758 OI pada tanggal 18 Januari 2024 pukul 0848 WIB klo lgi di ksh tau sma penumpang yg msh baru menggunakan apk GOJEK dan blm mengerti bnyk melalui cht secara baik tlng blsnya jngn asal fitnah disini saya sebagai penumpang yg dimna saya ini mau ngsh rezeki buat kalian jdi tlng bgt buat gojek tlng diperbaiki lgi,1,2024-01-18 18:54:01,4.81.1,negative,rating_rule,487
Xayes 777,Untuk semua tampilan aplikasi sudah bagus apalagi sedang ada Beta untuk mode gelap untuk setiap transaksi aman dan terjaga privasi nya dan untuk jasa lain nya seperti gojekgocargofood sudah debest makanya saya betah pake aplikasi gojek sampai sekarang good job gojek,5,2024-01-18 14:54:39,4.81.1,positive,rating_rule,266
Bayu Sadewa,Sangat bagus dan membantu,5,2024-01-18 14:50:12,4.81.1,positive,rating_rule,25
Antonio Stevanus,Mau tf saldo k rek sndiri gk bisa malah d mnta foto KTP uang dan data anda tidak aman d aplikasi ini,1,2024-01-18 14:42:36,4.81.1,negative,rating_rule,100
Chan Ch,Saya bayar go pay later baik dan benar kenapa saya di stop tdk bisa belanja lagi kalau tdk bisa ya di stop limit saya dan cabut pay laternya karena kredivo saya gak bisa dipakai di tokopedia,1,2024-01-18 14:36:40,4.81.1,negative,rating_rule,190
Susan Liandsky,Aplikasi eror putih semua berandanya,2,2024-01-18 12:46:52,4.81.1,negative,rating_rule,36
Ahmad Isyhar,Ancol lemot,1,2024-01-18 12:45:59,4.81.1,negative,rating_rule,11
D_nuga 05,Setelah up mlah makin banyak bag nya mlah tidak ada koneksi internet terus padahal buka aplikasi lain aman aman ajah,1,2024-01-18 12:45:58,4.81.1,negative,rating_rule,116
Rodhy Bagaskara,Kenapa setelah update dikasih rute ya dijauhin sii kan jadinya mahal ongkos jalan ya mana harus dijauhin segala rute ya padahal deket rute ya malah dibuat jauh jadi mahal banget ongkos jalan yaa,2,2024-01-18 12:45:27,4.81.1,negative,rating_rule,194
Egi anjay,jaringan ku pdhl bgus buat buka gofudd lama bet dan ada tulisan internet matii,1,2024-01-18 12:44:58,4.81.1,negative,rating_rule,78
Doraemon,Diupdate makin jelek tiba2 error Padahal saya lagi pesan Gofood,1,2024-01-18 12:40:20,4.81.1,negative,rating_rule,63
Daniyal Abrar,Servernya tolong di benerin,1,2024-01-18 12:38:39,4.81.1,negative,rating_rule,27
Risca Fbrynti,setelah diperbarui malah gabisa kebuka samasekali giliran ga diperbarui juga gabis dibuka makin gajelas,1,2024-01-18 12:37:08,4.81.1,negative,rating_rule,103
Pratama Alvaro9,senang pakae layanan ini,5,2024-01-18 12:36:47,4.81.1,positive,rating_rule,24
Toriq Ramadhan,Diupdate malah tambah lemot,1,2024-01-18 12:34:46,4.81.1,negative,rating_rule,27
Ade Fajar Sari,Gampang praktis  sangat membantu,5,2024-01-18 12:33:47,4.81.1,positive,rating_rule,32
Ahmad Maulana,Gooodd,5,2024-01-18 12:32:15,4.81.1,positive,rating_rule,6
Eka Dw,Ok saat ini aplikasi ojek saya kok trabel ya,5,2024-01-18 12:07:15,4.81.1,positive,rating_rule,44
Neneng Fujiati,nyaman dan ramah,5,2024-01-18 12:06:32,4.81.1,positive,rating_rule,16
Rizki Fauzan,Sangat tidak membantu padahal nambah 2 ribu tiap pesen,1,2024-01-18 12:00:57,4.81.1,negative,rating_rule,54
Irfan Rizaldi,Lelet,1,2024-01-18 12:48:31,4.81.1,negative,rating_rule,5
Devienaaa,Aplikasi lemot,1,2024-01-18 12:50:43,4.81.1,negative,rating_rule,14
Iis Susanty,Astaghfirullah sudah d update lemot nya minta ampun padahal saya lagi psen gosen jdi gak tau masih di mana Driver nya,1,2024-01-18 12:51:34,4.81.1,negative,rating_rule,117
Aqit Malinzda,Mau batalin pesanan susah bgt padahal ga dapat driver Kl kaya gini bisa pingsan kelaperan,1,2024-01-18 14:22:52,4.81.1,negative,rating_rule,89
Ella Laelasari,memudahkanmoda aplikasi ol terpercaya,5,2024-01-18 14:17:58,4.81.1,positive,rating_rule,37
Yellow Poco M3,Mantap  selalu ada promo,5,2024-01-18 14:15:23,4.81.1,positive,rating_rule,24
kintull legend,Aplikasi sulit di buka buffering terus akhirnya saya pindah grab,1,2024-01-18 14:03:07,4.81.1,negative,rating_rule,64
Eno Widi,Good applicatio,5,2024-01-18 13:49:32,4.81.1,positive,rating_rule,15
Puji Taryanto,Josss,5,2024-01-18 13:48:19,4.81.1,positive,rating_rule,5
maulana iqbal,Tidak bisa memasang pinsemacam bug gitubanyak bug nya anj,1,2024-01-18 13:47:32,4.81.1,negative,rating_rule,57
Odilia Eva Renata,gajelas tiap mau dipake server sedang sibuk mulu aneh,2,2024-01-18 12:59:18,4.81.1,negative,rating_rule,53
edy surya,Sangat sopan dan cepat jemputanya,4,2024-01-18 13:24:14,4.81.1,positive,rating_rule,33
angga dpdp,hbis update malah ga bisa buat TF,1,2024-01-18 13:17:04,4.81.1,negative,rating_rule,33
Indah Amandari,Aplikasi gak jelas Buka lemot Promo ilang,1,2024-01-18 13:12:37,4.81.1,negative,rating_rule,41
Rani Chainurahmi,Sulit dibuka,4,2024-01-18 13:01:06,4.81.1,positive,rating_rule,12
Anik Dwi,Selama menggunakan aplikasi ini segala sesuatunya ok dan tidak ada komplain,5,2024-01-18 12:59:36,4.81.1,positive,rating_rule,75
Antin Fitriani,Kalo mau bayar sering dibilang gaada internet padahal internet full aneh bamget,3,2024-01-18 02:52:42,4.81.1,neutral,rating_rule,79
Cindy Aulya,Aplikasinyaa bguss,5,2024-01-17 06:18:05,4.81.1,positive,rating_rule,18
Heru Adriansyah,Kok timer nya berhenti di 6 menit Padahal pesanan tidak di kerjakan,1,2024-01-17 10:55:11,4.81.1,negative,rating_rule,67
Khalid Ali,Susah mengoperasikan nya,3,2024-01-17 10:42:03,4.81.1,neutral,rating_rule,24
Wildan Fith,Mohon pencerahannya Untuk update maps bagaimana Karena jalan akses ke rumah saya menurut aplikasi merupakan rute terdekat sedangkan jalan tersebut hanya bisa dilalui sepeda motor Untuk mobilgocar harus memutar kurang lebih 1 kilometer mayoritas driver gocar mengeluh akan hal itu,5,2024-01-17 10:42:02,4.81.1,positive,rating_rule,279
Dona V3,Error terooss,1,2024-01-17 10:40:06,4.81.1,negative,rating_rule,13
Kaka Dinta,Kenapa ga bisa di download sih,1,2024-01-17 10:33:18,4.81.1,negative,rating_rule,30
Susanti SMAN BANUA KALSEL,Bingung,3,2024-01-17 10:24:12,4.81.1,neutral,rating_rule,7
Ayam Ny.sunarti,membantu sekali terima kasih,5,2024-01-17 10:21:46,4.81.1,positive,rating_rule,28
Asep Bakhrudin,Gojek dah lama ngebantu saya makasih gojek bbang gojek dan seller,5,2024-01-17 10:20:33,4.81.1,positive,rating_rule,65
Diahyono Channel,Walau hujan besar orderan tetap disampaikan,5,2024-01-17 10:20:01,4.81.1,positive,rating_rule,43
Gugun Bae,Gojek gak bisa dibuka,1,2024-01-17 10:07:31,4.81.1,negative,rating_rule,21
rahmatdun hariadi,Semangat terus berkarya produk Indonesia makin terdepan,5,2024-01-17 10:06:50,4.81.1,positive,rating_rule,55
z.channel,Hallo saya barubaru ini mesan Gofood dan mendapat pesanan yang tidak sesuai ada minuman yang seharusnya saya dapat sesuai yang saya pesan tapi tidak saya dapat bukti foto dan Struknya masih saya simpan Saya mencoba hubungi Driver tidak di jawab dan saya juga mencoba hubungi Costumer ServiceCs bilangnya tolong hubungi Driver jadi ya mau gimana lagi saya tidak bisa mendapatkan Hak yang seharusnya saya dapat Mohon di perbaiki lagi walaupun hanya Satu minuman saja tapi membuat saya kecewa,3,2024-01-17 10:05:21,4.81.1,neutral,rating_rule,489
Ade Afi,Kenapa saya tidak bisa ferifikasai sandi,5,2024-01-17 09:45:21,4.81.1,positive,rating_rule,40
Lili Hu,Terbaikk di kala repot,5,2024-01-17 09:41:30,4.81.1,positive,rating_rule,22
Mohamad Rifaldi,Mesen gofood selalu lama bgt Dibandingkan dengan Shopee dan grab Si GOJEK lebih lama No rekomended,1,2024-01-17 09:26:03,4.81.1,negative,rating_rule,98
Amanda Nurhandayani,semoga makin bnyk promonyabya min ehehhe,5,2024-01-17 09:21:54,4.81.1,positive,rating_rule,40
Wahyu Yudi,Hadeh malah hilang tarik gopay,5,2024-01-17 10:58:10,4.81.1,positive,rating_rule,30
Muhamad Topik,topbgt,5,2024-01-17 12:49:49,4.81.1,positive,rating_rule,6
Alfin Sebastian,Sangat bagus aplikasi nya saya harap untuk kedepan nya makin membaik ya buat aplikasi good job buat devoloper nya mantapp,5,2024-01-17 12:49:42,4.81.1,positive,rating_rule,121
Rahmah Kurnia,Aplikasi sekarang susah banget tunggu pesan datang lama banget harus juga konsumen chat ke driver baru pesanan konsumen diantar,3,2024-01-17 12:43:11,4.81.1,neutral,rating_rule,127
Senja Putri Wahyuni,Bapakny ramah,5,2024-01-17 12:38:42,4.81.1,positive,rating_rule,13
Usen Nauval,ga semua orang bisa bahasa inggris harusnya pake bahasa indonesia sy berulangx instal donlot lg tetap bahasa inggris udh di klik ke indonesia jg tetap inggis lg jadi malas,1,2024-01-17 12:34:36,4.81.1,negative,rating_rule,171
Apotek kota batu 2,Partner antar obat untuk gosend yang keren,5,2024-01-12 12:55:59,4.81.1,positive,rating_rule,42
Juli Ana,butuh bgt gojek Ampe wilayah bandar batang tapi kok gabisa,4,2024-01-17 12:27:51,4.81.1,positive,rating_rule,58
Yan Ferinos,Jadi susah sekarang kalau pesan gojek Sekali dapat posisi driver jauh terus waktu nunggu sampai 11 menit Drivernya gak bergerak Dipesan ulang gak dapatdapat juga Padahal sudah di upgrade,1,2024-01-17 12:25:25,4.81.1,negative,rating_rule,186
Imam Subekti,masih belum bisa dibuka,5,2024-01-17 12:07:19,4.81.1,positive,rating_rule,23
Des Des,Percumaa pake gopaylater sekarang dulu bisa buat byr alfa gift skrg gak bisa Buat byr di klik indomaret juga ga bisaa Udh komplen suruh tunggu 30 hari tetep GAK BISA bilangnya ada tunggakan lah pemakaian tidak wajar lahh tiap komplen yg jawab BOT Ga jelaass,1,2024-01-17 11:55:57,4.81.1,negative,rating_rule,257
Sutrisno Etiez,bertahun2 pake aplikasi ininotif gopaypinjam berkali2 pas daftar kgk pernah lolos taiii,1,2024-01-17 11:52:49,4.81.1,negative,rating_rule,87
Nurul Huda,Maaf saya kurangin bintangnya sekarang kalau mau pesan gofood sllu lambat dapat drivernya bisa sampai setengah jam baru dapat drivernya Tolong di perbaikin dong mau mesan kan jadi malas kalau responnya lambat seperti itu,3,2024-01-17 11:40:38,4.81.1,neutral,rating_rule,220
Nur baeti,Memudahkan transportasi,5,2024-01-17 11:33:00,4.81.1,positive,rating_rule,23
Frengky N,Makin jelek,1,2024-01-17 11:22:39,4.81.1,negative,rating_rule,11
al dan alisha,Buka applikasi ga bs kebuka,1,2024-01-17 11:21:20,4.81.1,negative,rating_rule,27
Nurrahman,Makin ga jelas aplikasinya Loading menu sering gagal padahal internet lancar Metode Pembayaran Gopay Later tidak muncul dalam aplikasi ataupun redirect payment Generate Nomor VA buat Pembayaran selalu gagal Bug everywhere Waduh biaya layanan bunga paylater bunya gopaypinjam makin besar aja ya Padahal ga pernah telat ga pernah kena denda Sip dah lunas gopaylater bulan ini otw uninstall,1,2024-01-17 11:21:02,4.81.1,negative,rating_rule,387
Ramadhana Aza,Kok tiap kali habis hujan titik d map kok sering berubah ubah,1,2024-01-17 09:10:20,4.81.1,negative,rating_rule,61
Indah Lestari,sejauh ini masih bagus,4,2024-01-17 09:06:34,4.81.1,positive,rating_rule,22
Novie Upiel,Gopaylater sya ke blokir knp yaa hrs pengaduan kmn,1,2024-01-17 09:02:00,4.81.1,negative,rating_rule,50
Nenk Yanti,ramah pengemudi ny,4,2024-01-17 07:02:23,4.81.1,positive,rating_rule,18
Diana Dwi Rahayu,Posisi driver tidak update terkadang di sistem sudah di pick up tapi realnya belum dateng sama sekali itu driver,3,2024-01-17 06:53:57,4.81.1,neutral,rating_rule,112
Kholifatul Jannah,Suka sekali pakai gojek karna bisa mngatasi masalah tanpa masalah perjalanan g ribet,5,2024-01-17 06:52:45,4.81.1,positive,rating_rule,84
Percobaaan aja,Gacor,5,2024-01-17 06:52:30,4.81.1,positive,rating_rule,5
Maulida Maulida,Mantap apl nya,5,2024-01-17 06:50:00,4.81.1,positive,rating_rule,14
Alwi Muhayat,PROMONYA MAKIN PELIT,1,2024-01-12 17:35:51,4.81.1,negative,rating_rule,20
Sholawat Blues,mantap nih si abang malam malam dihajar terus,5,2024-01-17 06:34:27,4.81.1,positive,rating_rule,45
Chandra Priadi,Terimakasih atas kemudahan yang diberikan,5,2024-01-17 06:34:22,4.81.1,positive,rating_rule,41
Fitrii Febriyani,Ngapain kasih voucher kalo gk bisa dipake Makin kesini semua voucher diperuntukkan untuk bank2 Gopay later DBS Permata CIMB Bahkan sampe jenius jg ada Lain x kalo gk niat bagi2 Voucher potongan harga gk usah  Makin kesini makin gk nyaman pake nih layanan,3,2024-01-17 06:32:01,4.81.1,neutral,rating_rule,254
Akbar Muh Akbar,Saya isi gopey 100ribu pas ku cek eh keptong dari 100 jadi 43 ribu padahal saya tidak punya hutang dan tidak cuma sekali tapi sering,2,2024-01-17 06:31:34,4.81.1,negative,rating_rule,132
Ani Maharani,Gojek saya aktif tapi gak bisa ajukan go paylater Gak tau dmn kesalahannya Aneh gak jelas,1,2024-01-17 06:30:12,4.81.1,negative,rating_rule,89
nike puspitasari,Aku sih slalu pake gojek So far so good,4,2024-01-17 06:25:11,4.81.1,positive,rating_rule,39
Nemi Anggraeni,Pilihin driver nya yang terdekat dong Jangan sangkutin ke driver yang jauhksian yang dekatnya gigit jari,1,2024-01-17 06:24:59,4.81.1,negative,rating_rule,104
Clara Putri,aplikasi ini setelah di update malah tidak bisa terbuka sama sekali jika masalah jaringan tidak mungkin streaming dan main game lancar saja,1,2024-01-17 06:23:46,4.81.1,negative,rating_rule,139
Oemar Al - Yahya,Top susah komennya,5,2024-01-17 06:19:58,4.81.1,positive,rating_rule,18
Silmi Rizkiyana,similikitiw,5,2024-01-17 07:08:03,4.81.1,positive,rating_rule,11
Sobari Kamil,Sekarang makin baik performa gojek order makin meningkat,5,2024-01-17 07:09:30,4.81.1,positive,rating_rule,56
Agib Subardi,Keren banget cihuy,5,2024-01-17 08:25:44,4.81.1,positive,rating_rule,18
Anton S bing,Kok aplikasi kayak sampah yapemberitahuan minta di updatesetelah di update malah ngak bisa terbuka lagimohon penjelasannya admin,2,2024-01-17 08:42:11,4.81.1,negative,rating_rule,128
awidra seprianto,saya ingin melaporkan saldo gopay saya terblokir sampe sekarang uangnya gak lembali,1,2024-01-17 08:37:24,4.81.1,negative,rating_rule,83
dokter vera,Mau kirim makanan  gosend SDH tidak bisa lagi Jika di luar kota Jadi lebih rumit Soalnya gofood tidak ada yg sesuai jadi cari di tempat lain dan menggunakan gosend tapi lokasi tidak di temukan Harus pakai MP Masalahnya kita tidak tahu letaknya yg pasti,2,2024-01-17 08:34:11,4.81.1,negative,rating_rule,252
David Rizki,Udah ga asik aplikasinya Ga ada diskon menarik,3,2024-01-17 08:33:29,4.81.1,neutral,rating_rule,46
sarah__,mantap bet jir sering kasi diskon yaa,5,2024-01-17 08:31:00,4.81.1,positive,rating_rule,37
Veety Stella,Kecewa kemarin ada penawaran gopaylater udh bisa digunain pas mau coba eh malah gabisa dan diblokir juga hadeuh uninstall lagi ahhh males ga sesuai notif nya ga konsisten cuma spaylater yang setia ngasih,1,2024-01-17 08:26:11,4.81.1,negative,rating_rule,203
Rakha Tri Putra,aplikasi nya bagus banget,5,2024-01-17 08:07:17,4.81.1,positive,rating_rule,25
Setiadi Chu,hemat,5,2024-01-17 07:18:57,4.81.1,positive,rating_rule,5
Eli Mulyadi,Drivernya cepat sampai,5,2024-01-17 07:53:43,4.81.1,positive,rating_rule,22
DK Surya,setelah bertahun tahun pake layanan gojek terutama gofood saya baru menyadari betapa jauh nya harga makanan yg dikenakan gojek kepada konsumen dari harga asli nyanyaris Up 50dr harga penjual jika offlinebelum ada tambahan biaya dg keterangan untuk parkir dan biaya pemeliharaanyg ketika saya tanya hampir sebagian driver biaya parkir itu tidak ada masuk ke drivermakanya mreka memilih untuk parkir dipinggir jalan agar tdk kena biaya parkiryg arti nya menyumbang ketidak tertiban umum,3,2024-01-17 07:52:51,4.81.1,neutral,rating_rule,484
Mustopa Badrun,Aplikasi bagusarmadanya manja banyak tingkah pada belagumain ambil order hbs tu alasan gak bisa antar orderan dgn berbagai alasan minta kita yg cancel orderanhuff,2,2024-01-17 07:51:22,4.81.1,negative,rating_rule,162
Yosia Ressa,Meskipun ada kendala di aplikasi dan driver tapi GoJek masih lebih baik Semoga kekurangan yang masih ada seperti yang diungkapkan dalam ulasanulasan sebelumnya bisa secepatnya ditanggapi dan diperbaiki,5,2024-01-17 07:35:02,4.81.1,positive,rating_rule,201
irfan Maulana,Nunggu di masak 30 menit Salahnya dapat driver Driver nyampe makanan Blum di buat Nunggu lagi Wkwkwk Skrg ada double order di aplikasi customer tdk ada informasi klo double order Kata driver setiap double order Orderan ke 2 driver cuman dapat ongkir 3 k Niatnya mau makan cepet Nunggu sejam Gojek ini gmn Halloooo,1,2024-01-17 07:27:10,4.81.1,negative,rating_rule,313
Salman Ardi,Aplikasi ini sangat membantu Good,5,2024-01-17 07:25:47,4.81.1,positive,rating_rule,33
wawan juanda,Mantapppp,5,2024-01-17 13:01:48,4.81.1,positive,rating_rule,9
Syafiq FA,Belum pernah kecewa,5,2024-01-17 13:14:00,4.81.1,positive,rating_rule,19
Agas tiyo Dimas prayoga,Palikasi kocak,1,2024-01-18 00:08:31,4.81.1,negative,rating_rule,14
Akbar Dhaninsyah,Pelayanan buruk sekali tunggu lama susah tukang gojek,1,2024-01-18 00:00:40,4.81.1,negative,rating_rule,53
Rachmad Moi,Sekarang promonya cumak sedikit gak kayak dulu sampai promo 70 tanpa minim order dan gak pakai bank2 atau paylater segala  bisa tunai,1,2024-01-17 23:54:58,4.81.1,negative,rating_rule,133
Widy Agustinus,Terbaikkk,5,2024-01-17 23:49:28,4.81.1,positive,rating_rule,9
Sumar jiyah,Adanya gojeg sangat membantu,4,2024-01-17 23:46:24,4.81.1,positive,rating_rule,28
Christmanto Sidabutar,Tagihan gopaylater saya jatuh tempo setial tgl 15 dan di tgl 15 Januari 2023 saya sdh melakukan pembayaran tgl 17 Januari 2023 pagi saya bisa menggunakan gopay later saya dgn gojek tetapi di hari yang sama malam harinya saya mencoba membeli kebutuhan pokok menggunakan gopaylater melalui aplikasi tokopedia saat hendak melakukan pembyrn dgn gopay later tiba2 di blokir kembali dan hal tsb tiap bln terjadi pada gopaylater saya bkn hanya kali ini saja seolah pihak PT MAB mempermainkan saya,1,2024-01-17 23:41:24,4.81.1,negative,rating_rule,489
erni yogi,Knpa setelh update gk bisadi buka pasti kembli ke layr utama,1,2024-01-17 23:32:46,4.81.1,negative,rating_rule,60
Hajrian sambang,Tidak bisa mengubah Toko GoMart dari Alfamidi ke Alfamart kalau sudah bisa baru saya kasih bintang 5 Sampai sekarang Alfamidi,1,2024-01-17 23:25:59,4.81.1,negative,rating_rule,125
Dian I.,Mantaplah pokoknya,5,2024-01-17 23:23:10,4.81.1,positive,rating_rule,18
Akhmad Rijani,Gojek  gofood stabil sampai sekarang,5,2024-01-17 23:03:26,4.81.1,positive,rating_rule,36
Vita Nur,knp gk bisa apk nya anehh,2,2024-01-17 21:38:46,4.81.1,negative,rating_rule,25
ranggaanom prayogo,Sekarang aga lama yaa dapet drivernyaga kaya dulu,4,2024-01-17 21:36:36,4.81.1,positive,rating_rule,49
Hasril Darmawan,Buat saya pribadi gojek adalah apk terbaik Dari beberapa tahun lalu saya pakai apk ini sampai sekarang ga mau ganti meskipun banyak apk lain yg lbih murah bagi saya meski beda sedikit harga tapi tdk masalah karana sesua respon drivernya yg baik gojek tetap yg terbaik,5,2024-01-17 20:53:22,4.81.1,positive,rating_rule,267
Ferdy AS,Sejauh pemakaian ini oke aja,4,2024-01-18 00:30:35,4.81.1,positive,rating_rule,28
Muhammad. llham (Muhammad),Oki,5,2024-01-18 00:34:27,4.81.1,positive,rating_rule,3
Lisoy Pol,Apaan kok dah lama pemakaian paylater nya malah di batas2in Ach lama2 di cabut juga nih aplikasi Orang kita rutin bye malah di kecewain,1,2024-01-12 12:41:01,4.81.1,negative,rating_rule,135
chiter bangsiland solo,Aplikasi gajelas sekarangdriver jauh ditlpn gk bisa,1,2024-01-18 02:44:11,4.81.1,negative,rating_rule,51
"YUDI ASRA,ST",Sampai saai ini masih memuaskan pertahankandan tingkatan,5,2024-01-12 10:10:23,4.81.1,positive,rating_rule,56
Kang Mus,Good app,4,2024-01-18 02:25:40,4.81.1,positive,rating_rule,8
Agussahri Agussahri,mantap luar biasa,5,2024-01-18 02:13:18,4.81.1,positive,rating_rule,17
Hidayat Dayat,Sering nemuin kastamor ngoder ny pake tunay udah setenga perjalan ganti pake gopay tampa komformasi lagi sama driver kastamor ny tolong di perbaikin lagi,5,2024-01-18 02:08:19,4.81.1,positive,rating_rule,153
Febri,Kalau mau daftar jadi driver lewat mana,5,2024-01-18 02:02:16,4.81.1,positive,rating_rule,39
Mi Sugik,Mantap TOP,5,2024-01-18 01:58:40,4.81.1,positive,rating_rule,10
Agus TriSetiawan,Mantapp sangat membantu dan recommended,5,2024-01-18 01:57:58,4.81.1,positive,rating_rule,39
Azam Roziqin,Sudah berjalan dgn baik cuma pas pesan makanan gk sesuai harga terlalu mahal,3,2024-01-18 01:49:54,4.81.1,neutral,rating_rule,76
Atep Nuryaman,Ok lah,5,2024-01-18 01:39:30,4.81.1,positive,rating_rule,6
Ilham Qulyuber's,ACC nya susah Padahal dulu sering pake paylater,1,2024-01-18 01:31:12,4.81.1,negative,rating_rule,47
Cndy Oen,Ga suka sama driver yang suka main potong dadakan dia yang nabrak dia yang marah dijalan maki maki penggunaan jalan lain perbaiki pemilihan driver gada sopannya memangnya jalan hak milik driver gojek kah yang lain ngontrak gitu seenaknya diajak ke kantor gojek kabur filter lagi jangan bisanya bikin orang lain celaka giliran diminta ganti ciut gada tanggung jawabnya kejadian barusan dijalan terusan cibaduyut depan perum kopo permai pahami GOJEK filter lagi calon driver nya,1,2024-01-18 01:22:11,4.81.1,negative,rating_rule,476
Delfi Arslan,Kenapa yaaaa gojek saat pembayaran tagihan PLN dan BPJS saat pakai credit card luarr negri selalu gagal padahal awalnya saya bisa membeli token PLN metode pembayaran yang sama,1,2024-01-18 01:05:06,4.81.1,negative,rating_rule,175
Richard Pasaribu,Akun ku kena bobol,1,2024-01-18 01:00:57,4.81.1,negative,rating_rule,18
Mei Hatnyonowati,Banyak driver yg nakal Biaya tidak sesuai dengan aplikasi Setelah selesai pengantaran tibatiba ada tagihan di aplikasinya,1,2024-01-17 19:07:02,4.81.1,negative,rating_rule,121
Adhicitto,Aplikasi oke bagus,5,2024-01-17 14:42:19,4.81.1,positive,rating_rule,18
Rudiver Manurung,Recomended banget,5,2024-01-17 14:34:54,4.81.1,positive,rating_rule,17
Riski Sullivan,Kenapa saya ga bisa pesen makanan kucing,1,2024-01-17 14:16:47,4.81.1,negative,rating_rule,40
nata kagawa,PARAH EMAIL GUA ADA YG DAFTARIN GOJEK  BERHASILPADAHAL GUA GAK DAFTAR SAMA SEKALI TIBA2 ADA NOTIF PEMBELIAN LISTRIKGILA EMANG GAK PROFESIONAL MINTA BANTUAN KE CS RIBETNYA KAYAK TAIII TAMBAH SERVER SIBUK TERUSSS,1,2024-01-17 14:08:20,4.81.1,negative,rating_rule,210
Yogi Marlo,Gimana sih mau payment pas ganti metode pake debit utk promo jenius malah muncul notif wifi mati atau quota habis Ngaco banget,1,2024-01-17 14:04:58,4.81.1,negative,rating_rule,126
Rahma Salamah,Rating diturunin aja kesel banget Cuman grgr telat bayar paylatter sehari doang dendanya sampe 50 rb Udh dibayar baru dipake sekali eh tiba2 diblokir gabisa dipake lagi sampe sekarang Gajelas banget,2,2024-01-17 14:03:21,4.81.1,negative,rating_rule,198
gusig haryanto,Kenapa sekarang promo gratis ongkir jarang adajadinya saya GO nya ke vendor lain terutama Gofood,2,2024-01-17 13:57:55,4.81.1,negative,rating_rule,96
Al Faruq Laundry,Kacau pelayanan pinjaman padahal pengguna setia dari aplikasi ini bertahun tahun,1,2024-01-17 13:36:28,4.81.1,negative,rating_rule,80
muhammad irham hidayat,Please Allow faster time between pickups to make users more comfortable,1,2024-01-17 13:31:39,4.81.1,negative,rating_rule,71
Rya Agustina,Setelah update dari tgl 15 januari 2024 promo atau voucer gofood tidak ada jadi malas pesan pake gojek,2,2024-01-17 13:31:27,4.81.1,negative,rating_rule,102
Ardi Ansyah,sudah banyak transaksi tapi blm bisa daftar gopay pinjam,2,2024-01-17 13:26:05,4.81.1,negative,rating_rule,56
Marjan Koto,Memudahkan kita,5,2024-01-17 13:25:47,4.81.1,positive,rating_rule,15
Sofi Afi,Alhamdulillah,5,2024-01-17 13:23:21,4.81.1,positive,rating_rule,13
Nor hikmah Sari,Alhamdulillah tepat waktu,5,2024-01-17 13:21:47,4.81.1,positive,rating_rule,25
Sulviana hartini,Profesional dan mantaaapsss,5,2024-01-17 14:57:29,4.81.1,positive,rating_rule,27
Ragil Fadilah17,penempatan titik kadang tidak sesuai mendapat driver yang jarak 2x perjalanan yg mana driver ada di titik antar dan customer ada di titik yg sebaliknyakasian drivernya,4,2024-01-17 15:00:11,4.81.1,positive,rating_rule,167
Komarul Haq,Top deh,4,2024-01-17 15:23:41,4.81.1,positive,rating_rule,7
Isal Isal,Saran aja Cukup gunakan pin aja gak perlu otp ribet tau Kaya apk dana dong mudah selagi tanpa otp kita bisa masuk Cukup masukan pin saja,1,2024-01-17 16:54:27,4.81.1,negative,rating_rule,136
Choirul Ummi,berubahhh masa bunga paylater dari yg 2 naek ke 295 mantaapp mau cepet naek hajii keknya,2,2024-01-17 17:57:20,4.81.1,negative,rating_rule,88
Nanda Meilinda,Driver ga ramah,1,2024-01-17 17:38:37,4.81.1,negative,rating_rule,15
muhammad sangkar,Saya tidak suka dengan driver yang se enaknya menyelesesaikan pengantaran padahal belum sampe tujuan saya ada nama drivernya,2,2024-01-17 17:35:34,4.81.1,negative,rating_rule,124
Irwan Syahputra,Cuma di aplikaai ini saya gk pernah dapat kepercayaanaplikasi lain malah percaya padahal saya termasuk drivernya,1,2024-01-17 17:30:01,4.81.1,negative,rating_rule,112
Hana Eka Putri,Membantu sekali setiap kali kelaperan d waktu malam haha mantul,5,2024-01-17 17:06:20,4.81.1,positive,rating_rule,63
N B,Kalau misal tidak ada driver di dekat resto ya udah dibatalkan saja otomatis saya nunggu 1 jam tapi ga bisa dibatalkan dengan alasan driver lagi dijalan sedangkan tidak ada info dapet driver Jangan dibawa ribet customer mau nya cepat,2,2024-01-17 16:51:31,4.81.1,negative,rating_rule,233
febri alam sakti,Tambah ancur beda nomor di akun cust sama gopartner gak bisa narik giliran mau hapus akun cust selesaikan gopaylater sedangkan gopaylater gak ada tagihan bagaimana ini coba,1,2024-01-17 15:31:52,4.81.1,negative,rating_rule,172
Buang Sanimah,Pendaftaran cepat mudah dan legal,5,2024-01-17 16:26:16,4.81.1,positive,rating_rule,33
Raymon Lewaherilla,Makin jaya goto j,5,2024-01-17 16:24:39,4.81.1,positive,rating_rule,17
Cilis Hamim,terbaik,5,2024-01-17 16:19:57,4.81.1,positive,rating_rule,7
Dadang Mulyana,Aplikasi bagus yang dulu bisa lihat posisi drever dimana dan cepet banget pesannya Sekarang resto deket aja 02 lama banget pesennya sampai 30 menitan Dan tidak bisa lihat posisi drever dimana Aplikasi makin hari makin bobrok,1,2024-01-17 16:10:29,4.81.1,negative,rating_rule,224
M Yusup Palil,Terus tingkatkan,4,2024-01-17 15:46:33,4.81.1,positive,rating_rule,16
Jahrotun Nurrohmah,Makin hari makin ga jelas makin mahal makin susah dpet driver  Driver nya pada mogok narik kali karna potongan nya kegedean,1,2024-01-24 06:00:42,4.81.1,negative,rating_rule,123
Kampoeng Story,Ada masalah susah Teratasi dan Ribet untuk memulihkan harus mandiri untuk mengerjakan sendiricontohnya seperti Gopay Plus Yang Non aktif,2,2024-01-24 05:03:58,4.81.1,negative,rating_rule,136
Asep Mulyana,Ongkir gofood naik semua ya Biasanya 3000 jadi 5000 Jangan pada naik Nanti pada kabur semua ke aplikasi yang lain,1,2024-01-24 06:16:53,4.81.1,negative,rating_rule,113
Tar No,mantap saya belum pernah kecewa dengan gojek,4,2024-01-30 08:01:59,4.81.1,positive,rating_rule,44
OTANG BREGEZ,Mohon maaf sebelumnya untuk sekarang sangat membingungkan promo makannya harus pake Debitjenius sedangkan biasanya promo seperti enakan yg dulu,5,2024-01-24 06:34:19,4.81.1,positive,rating_rule,143
Ahmada Fulana,Mayan,3,2024-01-30 07:50:09,4.81.1,neutral,rating_rule,5
Siti Sarah,Semoga bisa pake dana hahaha Sekian,4,2024-01-30 06:47:23,4.81.1,positive,rating_rule,35
agus taufik,Saya mau pesan order gobox namun tidak ada mobil terus bagaimana ini,2,2024-01-24 07:20:13,4.81.1,negative,rating_rule,68
Bambang Lukito,aplikasi ini sangat membantu untuk saya pakai mengambil paket saya,5,2024-01-30 06:32:02,4.81.1,positive,rating_rule,66
De Prihandika,Sangat membantu saya,5,2024-01-30 06:14:53,4.81.1,positive,rating_rule,20
Sri Suhartati,Asalamualaikumsy orang yg selalu menggunakan jasa GoJekberangkat dan pulang kerja selalu menggunakan jasa GoJekterimakasih untuk manajemen GoJek yg telah memberikan driver yg smartdriver yg ramahbaikdan sopan maju terus GoJek indonesia,5,2024-01-30 05:44:34,4.81.1,positive,rating_rule,235
Erlin C,Memudahkan urusan ga bikin ribet,5,2024-01-30 05:40:40,4.81.1,positive,rating_rule,32
Joko Budi Santosa,Menu kok pake bahasa inggris,4,2024-01-24 08:03:46,4.81.1,positive,rating_rule,28
Erik Padang,GoJek memang mantap,5,2024-01-24 05:10:36,4.81.1,positive,rating_rule,19
Anda sinaga,Emang bole wong kono kuh lurr,5,2024-01-30 09:05:08,4.81.1,positive,rating_rule,29
Azka Adi,Aplikasi ini sangat bagus untuk memesan makanan atau pun untuk bepergian,5,2024-01-24 08:30:13,4.81.1,positive,rating_rule,72
Umsiyah,Kenapa sekarang di gojek gada gotik Padahal memudahkan banget buat nonton bioskop yg gamau antri beli tiket  Tolong dong gojek Adain lagi gotix nya,4,2024-01-24 03:49:17,4.81.1,positive,rating_rule,147
Yuli Sartika Rambe,Aplikasi mengecewakan tiba tarif naik lg kesemula  Padahal udah nyaman  mau cari yg low budget Ywdah saya ga jd langganan Thanks,2,2024-01-23 23:52:23,4.81.1,negative,rating_rule,128
Nur Wati,Sangat membantu banget klau lgi telat,5,2024-01-24 00:02:32,4.81.1,positive,rating_rule,37
Idhoful Khofi,Tambah simple dan enak,5,2024-01-30 12:02:44,4.81.1,positive,rating_rule,22
Wulan,iklan,4,2024-01-24 00:20:28,4.81.1,positive,rating_rule,5
hary maryanto Chanel,Pelit ongkir mahal aplikasi tak ramah kantong,1,2024-01-30 11:55:08,4.81.1,negative,rating_rule,45
Hendra Prasetya,Susah sekali upgrade ke gopay padahal udah ada ada undangan utk upgrade,3,2024-01-30 11:40:00,4.81.1,neutral,rating_rule,71
Rayanza Alfarizky,Dari dulu pake gojek,5,2024-01-24 00:56:03,4.81.1,positive,rating_rule,20
Galuh Amilia P,Alhamdulillah selama Makai aplikasi ini baik saja dalam gojek atau gofood,4,2024-01-24 03:04:18,4.81.1,positive,rating_rule,73
Lisa yulisma,Senang dengan promonya,5,2024-01-24 03:15:02,4.81.1,positive,rating_rule,22
Rasono Rasono,Bagus Alhamdulillah nyaman,5,2024-01-24 03:42:17,4.81.1,positive,rating_rule,26
Egi Lukmayanti,Bgusan apk yg dlu gpaylater nya jga makin mhl bunga nya dan ribet bnyk ke blokir nya gak kaya dlu,1,2024-01-24 03:47:12,4.81.1,negative,rating_rule,97
Gek Widia,Langganan go food  kirain semua resto gratis ongkirdapat potongan ongkir kaya grab ternyata zonk beberapa resto ga bisa,1,2024-01-24 08:27:17,4.81.1,negative,rating_rule,119
Arta,Makasih atas playananya yang baik,5,2024-01-24 08:44:26,4.81.1,positive,rating_rule,33
21_Muhammad Ilhan Aji Widhianto,lokasi udah bener tapi algorithm mapsnya ga tepat bli nya kurang bisa nangkep lokasi persis nya karena cuma ngikutin maps dari gojeknya Hehehe meski deket tapi actual jalan masuk lokasi ga lewat jalan terdekat,4,2024-01-23 04:47:35,4.81.1,positive,rating_rule,209
Yanda Aldoko,Cukup Baik,5,2024-01-30 01:01:19,4.81.1,positive,rating_rule,10
Fidi Saputra,Apk ajg susah amat dapet driver udah 40 menit ga dapet2 deiver mau dibatalin gabisa mending pake grab,1,2024-01-24 16:53:27,4.81.1,negative,rating_rule,101
Hariyanto Arie,Payah Gojeksemakin hari semakin payah untuk pembelian pulsa ataupun tokenSaldo sudah kepotong pulsa ataupun tokennya belum masuk,1,2024-01-30 00:24:52,4.81.1,negative,rating_rule,128
egit sukmawan,Sangat byk membant,5,2024-01-25 00:52:14,4.81.1,positive,rating_rule,18
Asyraf Fahmi,Fitur lengkap Murah pula,5,2024-01-29 22:53:00,4.81.1,positive,rating_rule,24
agungrai humberta,Sangat puas pelayanan cepat,5,2024-01-25 02:10:05,4.81.1,positive,rating_rule,27
Naditya Muninggar arum,Kanapa gofood sekarang estimasi waktu nya jadi lama ya Keburu kelaparan,4,2024-01-25 03:00:32,4.81.1,positive,rating_rule,71
endang lusiana,saasssd,2,2024-01-25 03:21:29,4.81.1,negative,rating_rule,7
putri ratnasari,Selama 2 tahun pakai gojek selalu aman kalo ada komplain juga langsung diatasi Cepat dan nyaman,5,2024-01-25 04:02:25,4.81.1,positive,rating_rule,95
azies surya,Tagihan sudah di bayar tp gopaylater masih di blokir Macam mana 2 bulan msh ngga jelas,1,2024-01-29 18:01:58,4.81.1,negative,rating_rule,86
Brain Power,Ok banget ramah dikantong,5,2024-01-25 04:18:49,4.81.1,positive,rating_rule,25
Purnama Yana,Suka sekali,5,2024-01-25 04:22:50,4.81.1,positive,rating_rule,11
Subur Jaya terang,Mantap ada gojek,5,2024-01-25 04:36:19,4.81.1,positive,rating_rule,16
Khairana A.R,masa saya pesen di semarang dikasih rekomendasi restorannya yg di jakarta tolong dong adain lagi option cancelnya biar gk ribet kasian drivernya juga,1,2024-01-24 16:39:10,4.81.1,negative,rating_rule,149
ALS,Gofoodnya makin hari makin mahal masak pesen 1 bayarnya 2 kali lipat harga makanan tersebut,1,2024-01-24 15:13:03,4.81.1,negative,rating_rule,91
Ubi Rasa Nangka,Aplikasi ini sudah saya gunakan sejak 2019tidak ada kendala sama sekali mengenai driverpembayaran dan lain  lain,5,2024-01-24 15:08:10,4.81.1,positive,rating_rule,112
rendy chees,ribet nggak ada solusi uang saya di ambil,1,2024-01-24 09:48:26,4.81.1,negative,rating_rule,41
Bagus Rangin,Yang barusan saya alami tertib  tenang,5,2024-01-24 10:01:45,4.81.1,positive,rating_rule,38
Ghaniyy Cell,Mau tanya kenapa koneksi internet mati Mulu padahal kuota masih banyak itu karena apa nya ya jadi susah kalo mau Pesen atau mau buka menu lain nya,2,2024-01-24 10:07:13,4.81.1,negative,rating_rule,146
Alfinsyaputra Alfinsyaputra,Sagat baik,5,2024-01-24 10:55:37,4.81.1,positive,rating_rule,10
Gomongoii Gomong,Derma ganteng mirip jungkok,5,2024-01-24 11:48:03,4.81.1,positive,rating_rule,27
Wanny Trisula,Susah beri titik lokasi nya,5,2024-01-24 11:59:51,4.81.1,positive,rating_rule,27
Herry ken,Mantap dan bermanfaat,5,2024-01-24 12:01:01,4.81.1,positive,rating_rule,21
Bobby Demey,Nyaman dan aman,5,2024-01-24 12:02:04,4.81.1,positive,rating_rule,15
Achmad Sayid,Sekarang udah mahal goride dan gofood,3,2024-01-30 02:18:49,4.81.1,neutral,rating_rule,37
Akbar Mahesa,sekarang sistim lama  gajadi makan gegara lama prosesnya,1,2024-01-24 12:44:09,4.81.1,negative,rating_rule,56
Randy Randy,Gojek tidak mau rugi ongkir TDK masuk di akal tutup saja aplikasi mu,1,2024-01-24 12:52:43,4.81.1,negative,rating_rule,68
Aini Nuraini,Paylater ga bisa digunain padahal selalu bayar tepat waktu,2,2024-01-24 13:05:52,4.81.1,negative,rating_rule,58
gito laksono,Sangatsangat membantu sekalitks,5,2024-01-23 23:50:51,4.81.1,positive,rating_rule,31
Jahira Hanan Channel,Driver tidak bermutu,1,2024-01-23 23:44:16,4.81.1,negative,rating_rule,20
Intan Alehsa,MashaAllah,4,2024-01-30 13:01:57,4.81.1,positive,rating_rule,10
Achmad Kafi,Update bukanya makin bagus malah makin parah coba kebijakan kantor itu yg menguntungkan driver jangan malah merugikan driver nnty driver pada ilang gulung tikar baru tau rasa,1,2024-01-23 07:53:03,4.81.1,negative,rating_rule,174
Rida Heryawati,Bnr membantu,5,2024-01-23 08:21:34,4.81.1,positive,rating_rule,12
Rahila Nada,Aplikasi yang sangat membantu aktivitas terimakasih cuma saran aja jangan terlalu mahallainnya oke,5,2024-01-31 06:02:34,4.81.1,positive,rating_rule,98
Puput Puput,Knp update trs padahal baru update 6hr lalu masi d suru updete lg  Kocak dikit gk ngaru kah  Makasi,3,2024-01-23 09:08:25,4.81.1,neutral,rating_rule,99
jesika tita malinda,abis di update malah ga bisa dibuka,1,2024-01-23 09:27:44,4.81.1,negative,rating_rule,35
Novi Maulida Maulida,senang aplikasi ini buat promo diskon 50 persen ya,4,2024-01-31 05:48:37,4.81.1,positive,rating_rule,50
Jufa chanel,Mantullbanyak promnya,5,2024-01-31 05:26:27,4.81.1,positive,rating_rule,21
Ssandhi Kendra,Trauma pakek aplikasi ini ngasih pin salah saya yang harus ribet ini itu padahal pesenan di depan mata mending aplikasi sebelah tinggal gesek,1,2024-01-23 09:40:06,4.81.1,negative,rating_rule,141
Tasya Namira Sardi,Beli paket GAK BISA DIPAKAI udah kepotong saldo gopay gak bs dprcaya,5,2024-01-23 09:45:32,4.81.1,positive,rating_rule,68
Setyo Rini,Pokok nya goodbuat semuanya Kurirnya Tokonya Kecepatannya,5,2024-01-23 22:32:49,4.81.1,positive,rating_rule,57
Rafly Ramadhan,Abang abang gojek semangat ya dlu alm abang saya juga jdi pada semangat narik nya biarr bisa pergi haji,5,2024-01-23 07:29:56,4.81.1,positive,rating_rule,103
Nur Izzaty Hanieza,Banyakin lagi promonya ehehe,4,2024-01-23 04:56:20,4.81.1,positive,rating_rule,28
Wida Sriwidayati,Service memuaskan,5,2024-01-23 04:58:26,4.81.1,positive,rating_rule,17
Agus Firdaus,Mumer pertahankan pelayanan yang baik  tentunya ekonomis,5,2024-01-23 05:02:45,4.81.1,positive,rating_rule,56
Surya Stewart,ini gimana sih penanganan gopay masalah verifikasi akun saya udah seminggu lebih loh gabisa bisa ini dikasi respon solusi semua solusi nya gagal saldo saya ada loh didalam KOK KAYAK GA BERTANGGUNG JAWAB GINI APA MAU LEPAS TANGAN INI APLIKASI BESAR SISTEM NYA SEMBRONO GINI TOLONG KASI SOLUSI ITU YANG JELAS SAYA SUDAH SEMINGGU LOH,1,2024-01-23 05:31:58,4.81.1,negative,rating_rule,330
Bertha sianipar,lama gojek ga jelas,1,2024-01-23 05:49:07,4.81.1,negative,rating_rule,19
Chatarine Villy Arifin,Ok semua,5,2024-01-23 06:48:18,4.81.1,positive,rating_rule,8
Romi Setiawan,cakepdriver bawa kendaraan nya nyaman sikap nya bersahabat dan sopan,5,2024-01-31 10:09:36,4.81.1,positive,rating_rule,68
Suga Anayus,Simple to use,5,2024-01-31 10:04:18,4.81.1,positive,rating_rule,13
Erwin Syah,Tambah promo nya lagi,4,2024-01-23 07:00:03,4.81.1,positive,rating_rule,21
rama siswanto,Sangat terbantu jasa gojek Terimakasih,5,2024-01-31 08:58:29,4.81.1,positive,rating_rule,38
Caesar Akbar,Kode otpnya ngga muncul saat sadang pasang pin padahal no wanya sudah benar mengisinya tapi malahan kurang satu nomor sudah berkali kali saya coba tetap saja begitu,1,2024-01-23 07:22:58,4.81.1,negative,rating_rule,164
Muhammad tamrin,Sangat membantu untuk kirim barang dalam kota ataupun sarana transportasi,4,2024-01-23 07:24:50,4.81.1,positive,rating_rule,73
Brengsek goblok Goblog,Semakin mantaap gojek eren,5,2024-01-23 10:42:31,4.81.1,positive,rating_rule,26
verseeul jeon,Tolong gojek bikin kebijakan mengenai ini Kenapa ya gofood gak bisa anterin sampai lantai misal apartemenkost padahal udah diinstruksiin gitu Kalau emang penjagaannya ketat its okay itu berarti emang gak bisa dianter sampai lantai tujuan Tapi kalau penjagaannya gak ketat gimana Gimana kalau misal ada orang yang tinggal di lantai lima terus gofoodnya cuma bisa di gerbang Gak profesional gak sih Wah parah banget Maaf tapi layanan gofoodnya masih jadi terburuk kata aku,1,2024-01-23 10:57:41,4.81.1,negative,rating_rule,470
findra alfazar,saya selaku pengguna sangat kecewa udah 2 kali mengalami saldo topup gak masuk padahal saldo rekening sudah terpotong apk gak guna mending makai apk dana linkaja ovo gak recommended apk yg ini layanannya sangat buruk,1,2024-01-23 15:25:45,4.81.1,negative,rating_rule,216
Yossy Suharto,Baik cepat bagus,5,2024-01-30 16:05:04,4.81.1,positive,rating_rule,16
ica nabilla,Baguuuussss,5,2024-01-30 15:19:39,4.81.1,positive,rating_rule,11
Herawati Harahap,Bagus aplikasi nya benar2 membantu,5,2024-01-23 15:50:53,4.81.1,positive,rating_rule,34
Dewi Puspita,Bintang 1 aja kocak udh 5thn pake pay latter tiba2 limit hilang Lapor cs langsung jg ga ada solusi gmn lapor via email,1,2024-01-23 16:10:15,4.81.1,negative,rating_rule,118
Live music Channel,Semenjak di update pasen goofod pake mode hemat gilaaaa nunggu smpe 1 jam baru dapet drive  Tolonggg bangettt jangan seperti iniii bikin malesss pake gojekk,1,2024-01-30 14:51:13,4.81.1,negative,rating_rule,156
hanifa afifah,masyaa Allah alhamdulillah Aplikasi Gojek sangatt bisa diandalkan kapanpun dimanapun  semoga sukses selaluu dan semakin amanah dan berkahh aamiinn,5,2024-01-23 16:11:37,4.81.1,positive,rating_rule,146
Junx Head,Tolong Sampaikan ke driver2 nya kalo ga mau ngambil go food lngsung lah di cancel jgn udah lama baru di cancel lama banget jadinya pesan jam setengah 11 ganti2 terus driver sampe jam set12,2,2024-01-23 16:29:44,4.81.1,negative,rating_rule,188
Bimo nugroho aryo ehwani putro,Untuk gofood mungkin bisa adain lebih sering promo Entah gratis ongkir atau potongan harga pada menu yg akan di pesan,2,2024-01-30 14:25:55,4.81.1,negative,rating_rule,117
Un Tari,Gak bs ganti metode pembayaran pas udah terlanjur pesen Ini yg bikin aplikasi gak bs ngubah setingan ap gmn,5,2024-01-30 14:07:59,4.81.1,positive,rating_rule,107
Akun Fbeprp,HY MIN TOLONG DI BANTU DONG KENAPA SAYA SAAT MELAKUKAN PEMBAYARAN SELALU BATAL YHA PADAHAL SAYA TIDAK PERNAH MELAKUKAN PEMBATALAN,1,2024-01-23 17:22:56,4.81.1,negative,rating_rule,129
Aditya Setiawan,Mau transfer malah error trus suruh update pas udh di up aplikasi nya malah kepotong gk ada riwayatnya lagi,1,2024-01-23 17:24:32,4.81.1,negative,rating_rule,107
Rahmat Ramadhan,Driver ramah,5,2024-01-23 17:46:48,4.81.1,positive,rating_rule,12
Rofia Siti,Awal awal iya harga tarif murah banget kenapa sekarang jadi mahal banget,1,2024-01-30 13:28:19,4.81.1,negative,rating_rule,72
Rafa Nur Firdaus,mohon harganya di turunkan,5,2024-01-23 21:46:27,4.81.1,positive,rating_rule,26
Achmad Fauzie,Tidak melayani pelanggan dengan baik saya komplain makanan tidak sesuai langsung di tutup laporan sepihakhanya menguntungkan gojek dan resto,1,2024-01-23 14:27:54,4.81.1,negative,rating_rule,140
Fitri Sulastri09,Baru pinjam gopay pinjam saldo ilang 550000 bisa balikinn dana saya gak klw gak dibalikin saya juga gak akan bayar,1,2024-01-31 02:31:41,4.81.1,negative,rating_rule,114
criestyan ruslan,apk tidak amansaya kemarin top up 2x yang 1 masukyang 1 lgi nya tidak masukdi telpon cs nya tidak ada responmalah abis pulsahati apk ini jang simpan saldo terlalu banyak nanti di ambil,1,2024-01-23 11:44:34,4.81.1,negative,rating_rule,184
Fatih Muhamad,Banyak diskon di gojeg,5,2024-01-23 12:16:27,4.81.1,positive,rating_rule,22
Hadi Gunawan,kesian yaa driver nya gak ada bonusintensif hanya tipu tipukomisi lebih dari 30 aplikasi zholimrakusjangan lupa masa jabatan jokowi sudah mau habispresiden baru semoga gojek juga tutupdi gantikan aplikator barugojek bangkrutrakus  mampus kau,1,2024-01-23 12:20:11,4.81.1,negative,rating_rule,241
Afrezha Syahrani,Kenapa aplikasinya keluar masuk mulu,2,2024-01-23 12:23:19,4.81.1,negative,rating_rule,36
Deka Agus,Attitude NOOLLL,1,2024-01-23 12:30:59,4.81.1,negative,rating_rule,15
Cipta Asa Literasi,Permasalahan aplikasi tidak bisa tarik tunai komplain Email dan datang langsung ke kantor Gojek tidak ada solusi dari Desember 2023 hingga 23 Januari 2024 kantor Gojek TIDAK MEMILIKI CS ditemui para SEKURITI PT GOJEK masih kah kalian bertahan customer gimana mau dekat dekat masyarakat yang membalas itu robot dengan jawaban yang sama,1,2024-01-23 12:33:13,4.81.1,negative,rating_rule,334
Memei Fidelia,Gojek oke banget Susah buat pindah ke lain hati,5,2024-01-23 12:38:57,4.81.1,positive,rating_rule,47
Heri Mulyadi,Sippp,4,2024-01-31 01:04:59,4.81.1,positive,rating_rule,5
YUNIARTO Prihatin,Okmantap,5,2024-01-23 12:48:48,4.81.1,positive,rating_rule,8
Ratna Sitanggang,Tarifnya lebih murah dan cepat reapon pak drivernya Trmksh Gojek,5,2024-01-30 23:23:47,4.81.1,positive,rating_rule,64
Garskin Gadget Store,Yoopppp,5,2024-01-23 13:02:18,4.81.1,positive,rating_rule,7
Darmawan Aldi Prakoso,Ntaps,5,2024-01-23 13:04:52,4.81.1,positive,rating_rule,5
Ilham Nur Amoksan,mantap banyaj pocer,5,2024-01-23 13:09:03,4.81.1,positive,rating_rule,19
Zulfahmi L,Cepat sampai mengemudi hati hati sopan,5,2024-01-23 13:39:45,4.81.1,positive,rating_rule,38
IRhaz Braga Perwira,Bagus banget tapi mahal ongkir nya,5,2024-01-29 16:33:06,4.81.1,positive,rating_rule,34
Ahmad Banyak,Dapet driver goride nya lama padahal di kota depok mau berangkat kerja jadi telat ngga kaya aplikasi sebelah dapat drivernya cepat sekalinya dapet jauh driver jemputnya,1,2024-01-25 04:55:47,4.81.1,negative,rating_rule,168
Pencari Ilmu.,Semoga Aplikasi Gojek makin sukses dalam memudahkan pelayanan Aamiin,4,2024-01-25 05:00:13,4.81.1,positive,rating_rule,68
Tiwi Kurniawati,Makin kesini makin gajelas aplikasi nya Sering minta di update tp sering eror juga,1,2024-01-27 02:29:00,4.81.1,negative,rating_rule,82
Abhizar Ali,Oke dan mantap,5,2024-01-28 17:09:56,4.81.1,positive,rating_rule,14
Bang Jamal,Nyaman dan sopan,5,2024-01-27 02:37:42,4.81.1,positive,rating_rule,16
Najwa Nurfadilah,aplikasi terpercaya dari jaman sd,5,2024-01-27 02:50:01,4.81.1,positive,rating_rule,33
Dennn31 “DEN NEY”,Ez to use,5,2024-01-27 02:53:13,4.81.1,positive,rating_rule,9
Kikisukajalan2,Ntaps guns,5,2024-01-28 13:24:18,4.81.1,positive,rating_rule,10
Sukma Yanti,Pagi paknapa gopay liter sy diblokir ya,4,2024-01-27 05:40:01,4.81.1,positive,rating_rule,39
Sri Dewi Nansarunai,paylater bisa digunakan buat apa saja sekarang udah gak bisa beli pulsa pakai paylater,3,2024-01-27 05:45:25,4.81.1,neutral,rating_rule,86
hilda alvionita,Banyakin lagi promo dan diskon nya yaa,4,2024-01-27 05:45:30,4.81.1,positive,rating_rule,38
Novita Mahrita,Tidak bisa transaksi pake Gopay Later kalau tidak tersambung k wifi,3,2024-01-27 05:47:37,4.81.1,neutral,rating_rule,67
Muhammad Fadhlan M,Puass sihhhh cuma kurang 1 penambahan alamat tambahin foto dongg biar makin akurat kasian drivernya jasi nyari nyari yah yah yah,5,2024-01-27 05:52:44,4.81.1,positive,rating_rule,128
enyoy santuy,gofood skarang nambah mahal ada ongkir Ada jasa aplikasi naiknya ngga kira jadi males pesen gofoodlagi skrang juga jarangdptvocer diskon makin bt,1,2024-01-27 06:07:47,4.81.1,negative,rating_rule,145
Jimi Saputra,Gilaaaa Pas ujan tiap order diliat permenit naik terus ongkosnya Parah ini aplikasi benar benar dah,1,2024-01-27 06:31:18,4.81.1,negative,rating_rule,99
Raihan Akmal,Sangat membantu keseharian,5,2024-01-27 01:10:53,4.81.1,positive,rating_rule,26
Robby Zidni,Cepat tidak ini itu enakkk,5,2024-01-26 10:31:24,4.81.1,positive,rating_rule,26
Rendra Wijaya,Aplikasi ini ga jelas suka banget yang namanya blokir blokir itu maksudnya apa ya padahal penggunaan normal aja tapi aneh terus paylater sudah lunas semua lihat statusnya masih ada tagihan ore jelas,1,2024-01-29 02:20:39,4.81.1,negative,rating_rule,198
Tetinurjanah Janah,pelayanannya baik dan sangat memuaskan,5,2024-01-26 13:25:52,4.81.1,positive,rating_rule,38
Ipah Saripah,Yang bener aja rugi dong Bayar gopaylater lancar tiba diblokir yang bener aja rugi dong,1,2024-01-26 13:39:31,4.81.1,negative,rating_rule,87
Kadari Praptawiyadi,Drivernya sopan dan baik,5,2024-01-29 01:15:53,4.81.1,positive,rating_rule,24
Fernando Edwardo,Aneh,1,2024-01-26 14:55:03,4.81.1,negative,rating_rule,4
Hassan,Sangat berguna,5,2024-01-26 14:55:46,4.81.1,positive,rating_rule,14
Julianti Siska,Komplain minta bukti penyalahgunaan berkali2 cm bisa bilang ditolak tanpa memberikan bukti Masih bgs selama ini msh pake gojekmaaf kl gitu saya gk usah perlu pake lagi aplikasinya kl jawaban nya banding ditolak terus,1,2024-01-26 15:51:52,4.81.1,negative,rating_rule,216
Risqi,gajelas ni lama lama apknya map driver kadang suka pindah manah pindahnya makin jauh lagi gr gr gojek saya jadi terlambat,1,2024-01-28 23:32:36,4.81.1,negative,rating_rule,121
Halomoan Tambunan,Saya dapat selalu lebih praktis dan cepat,5,2024-01-27 00:18:58,4.81.1,positive,rating_rule,41
Visca krwn,harga mahal tidak sesuai fasilitas beda jauh dengan gojek yang dulu sekarang sering kecewa,2,2024-01-27 06:46:14,4.81.1,negative,rating_rule,90
Desiana Parura,Verry good,5,2024-01-28 11:46:20,4.81.1,positive,rating_rule,10
App DalL L`,Apk tolol,1,2024-01-27 06:51:31,4.81.1,negative,rating_rule,9
Ade Irma,Gooddddd,5,2024-01-27 15:16:02,4.81.1,positive,rating_rule,8
asta p,Woylah yg bener aja tolong perbaikin mapsnya dong udah kesekian kalinya titik alamat ga sesuai padahal di google maps sudah sesuai sampe ribet mau ngirim makannan,3,2024-01-28 06:19:10,4.81.1,neutral,rating_rule,162
Satnd Bay Bay,Ya masih harus di kembangkan lagi karena beberapa fitur nya udah bagus tapi masih ada yang kurang,3,2024-01-27 17:05:08,4.81.1,neutral,rating_rule,97
dadang sulaeman,selama ini bagus pelayanan nya good job lah pertahan kan,5,2024-01-28 06:01:29,4.81.1,positive,rating_rule,56
GunsarManuhari Sihombing,Cukup jelas dan mudah digunakan tapi memang temporer saja,5,2024-01-27 20:36:42,4.81.1,positive,rating_rule,57
Gisel Ajahhh,Bagus untuk di pakai,5,2024-01-28 00:10:28,4.81.1,positive,rating_rule,20
Ira Prasetyo,Tinggal update saja kok butuh banyak memori  Terlalu sering juga minta diupdate Merepotkan,2,2024-01-28 01:09:03,4.81.1,negative,rating_rule,90
Agung dwi Irawan,Mantap gojek,5,2024-01-28 01:53:10,4.81.1,positive,rating_rule,12
Nengsoy R,Termantappp,5,2024-01-28 03:23:45,4.81.1,positive,rating_rule,11
DM ALJAELAMI,bagus untuk pengiriman barang same day,5,2024-01-28 03:40:30,4.81.1,positive,rating_rule,38
Andra Syahreza,Tepat waktu dan driver nya juga ramah,5,2024-01-28 04:24:19,4.81.1,positive,rating_rule,37
GANDRA IRAWATI,Oke sekali sangat memuaskan layanan cepat sekali sesuai yang diminta,5,2024-01-28 06:50:02,4.81.1,positive,rating_rule,68
Meta Amelia,Sat set pokoke,5,2024-01-28 07:46:45,4.81.1,positive,rating_rule,14
Firdausi Nuzula,Akhir ini apk nya suka gk jelas pdhal dari dulu lebih suka pake Gojek Order mobil yg XL gk mau ambil padahal cuma 2 orang dan 2 koper kecil aja Harga udh menggunakan voucher tpi pas bayar sama driver nya disuruh bayar penuh tanpa potongan voucher Terus ada lagi driver yang minta pindah titik tiba Tapi waktu saya komplain dan kasih bintang dibawa 5 selalu ditolak maksudnya apa,2,2024-01-27 09:25:00,4.81.1,negative,rating_rule,378
Febry Hassan,Selama banyak promo mau bintang 9 tetepsaya kasih,5,2024-01-27 06:51:59,4.81.1,positive,rating_rule,49
Dani Ivan,MAKIN BURUK SEJAK GAK BISA NGELACAK POSISI DRIVER GO food,1,2024-01-27 07:09:14,4.81.1,negative,rating_rule,57
Riana Wulansari,Kenapa yah setiap saya buka aplikasi gojek nya selalu kembali lagi sedangkan saya disuruh update ulang Setelah saya update sama aja gak bisa kebuka udah mana ada gopay saya masih nyangkut diaplikasi gojek nya Tolong perbaiki aplikasi nya biar saya bisa buka,1,2024-01-27 08:25:58,4.81.1,negative,rating_rule,257
Teguh Santoso Istidjab,Mantap sampai tujuan,5,2024-01-27 08:37:32,4.81.1,positive,rating_rule,20
rauss,Saya kecewa dengan pihak gopay selama ini saya selalu transaksi menggunakan gopay lather namun tibatiba gopay lather saya di blokir padahal saya tidak melakukan transaksi aneh,1,2024-01-28 11:16:56,4.81.1,negative,rating_rule,175
grijs 15,sekarang untuk order gojeg ada biaya tambahan jasa aplikasitambah mahal aja biaya transportasihadeeh,2,2024-01-27 09:04:13,4.81.1,negative,rating_rule,100
Adityo Nugroho,Sering banyakin promo,5,2024-01-27 09:22:53,4.81.1,positive,rating_rule,21
ajat sudar,Banyak update,1,2024-01-28 11:09:38,4.81.1,negative,rating_rule,13
Reyvandkk Pane,Mantappp bangett,5,2024-01-27 09:48:26,4.81.1,positive,rating_rule,16
Dani Ramdani,TOP BGT,5,2024-01-27 09:51:38,4.81.1,positive,rating_rule,7
Uking Damsuki,Responnya SAT SET,5,2024-01-27 10:52:55,4.81.1,positive,rating_rule,17
arhiez andreyanto,Makin nggak jelasmakin mahal,1,2024-01-27 12:16:39,4.81.1,negative,rating_rule,28
Theta Elba,aku mau upgrade tapi lama jadi aku copot aja sekalian,5,2024-01-27 12:31:02,4.81.1,positive,rating_rule,53
Nia Astri,Go tixnya sekarang di mana,2,2024-01-27 13:08:39,4.81.1,negative,rating_rule,26
suci wulandari,hidup jadi lebih mudah thanks gojek,5,2024-01-26 11:00:01,4.81.1,positive,rating_rule,35
Arief Prasetyo,Awal awal promo akhir akhir bongko,3,2024-01-29 03:13:16,4.81.1,neutral,rating_rule,34
Verli Alriansyah,Tambahkan filter rating terbaru di setiap restonya,3,2024-01-25 08:05:58,4.81.1,neutral,rating_rule,50
Radewa,Tetap yg terbaik GOJEK,5,2024-01-29 13:54:22,4.81.1,positive,rating_rule,22
b. daryan,Pak ini saya mau bayar gopay later gimana caranya Antar muka nya bikin pusing tolong di bikin simple ini saya mau bayar udah ada duitnya tp caranya ga nemu,1,2024-01-25 08:17:32,4.81.1,negative,rating_rule,155
Fadhly Abdurrahman,Mesen gofood tuh biar ga ngantri Eh sama aja udh nunggu lama lama malah ganti driver Tolol kalau drivernya ga mau ambil napa ga d ganti segera,2,2024-01-25 08:48:08,4.81.1,negative,rating_rule,142
rachmat septian,oke lah,5,2024-01-25 08:52:10,4.81.1,positive,rating_rule,7
Krisna Rahayu,Sangat membantu banget buat aku new mom  yg super sibuk bisa makan sehat simple terus bisa pergi kamana2 ga perlu ribet,5,2024-01-29 13:30:02,4.81.1,positive,rating_rule,119
Arifsam Sam,Sangat membantu ketika saudara sibuk gak bas jemput,5,2024-01-29 12:40:23,4.81.1,positive,rating_rule,51
toro purwa,emang benerpake gojeksllu ada jalan,5,2024-01-25 09:30:08,4.81.1,positive,rating_rule,35
Babay Damhuri,Sangat membantu terutama di voucher  cuma saya tidak bisa GopayLater tp voucher yg banyak itu yg sistem pembayaran nya GopayLater,4,2024-01-25 09:51:36,4.81.1,positive,rating_rule,129
A Arc,Kenapa biaya ongkirnya naik terus Per Januari 2024 ongkir Gofood naik dari Rp 11000 jadi Rp 14000 biaya adm nya juga naik ratarata Rp 10002000 hampir disetiap tempat makan sedangkan promonya makin kecil aja,1,2024-01-25 10:14:38,4.81.1,negative,rating_rule,206
Nina Aryati,Cara penyelesaia dr CS cuma sepihak tanpa konfirm by tlp untuk penjelasan dgn detail Penyelesaian kendala terlalu general Ga ada cs langsung yg gercep nanggapin,1,2024-01-29 12:24:49,4.81.1,negative,rating_rule,160
Wahyu Budi,Makin di update makin hilang promonya cuihh,1,2024-01-25 11:24:11,4.81.1,negative,rating_rule,43
Joko Haryono,Paling enak,5,2024-01-29 11:51:48,4.81.1,positive,rating_rule,11
Desi Sari,Sangat baik pelayanannya,5,2024-01-25 11:44:38,4.81.1,positive,rating_rule,24
Yusup Supriyadi,Ok mantap,5,2024-01-25 12:03:57,4.81.1,positive,rating_rule,9
juan pratama,Okeee dan sangat membantu,5,2024-01-29 13:54:57,4.81.1,positive,rating_rule,25
Conk Brayen,Ok baik,5,2024-01-25 07:56:26,4.81.1,positive,rating_rule,7
Bakmi jawa Mas ben,Jarak 40 km tidak bisa akses lokasi tolong di perbaiki,1,2024-01-25 05:12:19,4.81.1,negative,rating_rule,54
pitu print,Saya buka wa ada iklan gojek Buka galeri ada iklan gojek Mengganggu iklannya sampe berkali kali lho belum sampe 5 menit udah nongol lagi iklannya,1,2024-01-25 05:21:04,4.81.1,negative,rating_rule,145
Dhoni,GoFood mahal ongkir mahal diskon pelit disuruh make paylater mulu kalo mau dapet diskon yang lumayan ogah gw make paylater duit gw banyak ngapain bayarnya nanti kalo bisa langsung lunas aneh adaada saja scam jaman now,1,2024-01-25 05:29:12,4.81.1,negative,rating_rule,217
ceacilia hutabarat,MAKIN LAMA PAKAI APLIKASI INI MAKIN DIPERSULIT BANYAK PROMO TAPI BANYAK SYARATNYA,1,2024-01-25 05:45:55,4.81.1,negative,rating_rule,81
Felipe Christora,bagus banget sii ini aps nya l,5,2024-01-25 05:46:44,4.81.1,positive,rating_rule,30
Fitra Ramadhan,Kek keren aja,5,2024-01-29 15:22:20,4.81.1,positive,rating_rule,13
Azis Afandi,Perusahaan cow,5,2024-01-25 05:57:04,4.81.1,positive,rating_rule,14
Jhjh Jhjh,Bagusmembantu saat perlu,5,2024-01-25 06:29:24,4.81.1,positive,rating_rule,24
Shandi Permana,Aneh sebulan di blokir fitur gopaylater baru kemarin di buka perhari ini udah di blokir lagi Belum di apa apain padahal kadang kadang ya gojek heran,1,2024-01-25 06:33:00,4.81.1,negative,rating_rule,148
Deden Dermawan,php aja,1,2024-01-25 06:46:21,4.81.1,negative,rating_rule,7
Syahroni Fagho,Murah dan Bnyk diskon,5,2024-01-25 07:07:14,4.81.1,positive,rating_rule,21
Ahmad Farid,Driver jau dptna,1,2024-01-25 07:11:26,4.81.1,negative,rating_rule,16
Denis Aris Setiaji,GoKill,5,2024-01-25 07:35:03,4.81.1,positive,rating_rule,6
Dini Lestari,Bintang 3 dulu ya soalnya ganti no rekening susah tiketnya prosesnya lama,3,2024-01-25 07:40:49,4.81.1,neutral,rating_rule,73
ONIX GAMING,Sangat buruk jaringan setelah update,1,2024-01-25 07:41:53,4.81.1,negative,rating_rule,36
Yosisanip Sp,ga bisa afgret,2,2024-01-25 07:44:12,4.81.1,negative,rating_rule,14
Ahmad Erlangga,Okeh mantap,5,2024-01-29 10:58:10,4.81.1,positive,rating_rule,11
DZIKRI mania (express),Yg menang aplikator kita cuma hanya cuma bagian on an aj,1,2024-01-25 14:46:51,4.81.1,negative,rating_rule,56
Faizal Helmi,Good service,5,2024-01-26 04:10:05,4.81.1,positive,rating_rule,12
Michael Sitohang,Saya heran lihat aplikasi ini  dipaksa harus update  jika tidak aplikasi tidak dibuka,1,2024-01-26 04:20:17,4.81.1,negative,rating_rule,85
Kumbang Bertanduk,Setiap mau update goplus selalu muncul jaringan tidak ada hubungkan ke wifipadahal jaringan sdah 4g,2,2024-01-26 04:52:26,4.81.1,negative,rating_rule,99
Legend Agario,Cepat sampainya,5,2024-01-26 05:09:06,4.81.1,positive,rating_rule,15
Lestari Ekawati,Seneng bisa lancar sampai rumah,4,2024-01-26 05:26:58,4.81.1,positive,rating_rule,31
zein kuro,gopaylater saya tiba2 di blokir tanpa sebab padahal pembayaran selalu tepat waktu dan jumlah selalu sesuai tidak ada penjelasan dari cs terkait alasan kenapa aku saya di blokir,4,2024-01-29 04:50:09,4.81.1,positive,rating_rule,176
Shavely,Sering dapet ojol yg jaraknya jauh bgt,1,2024-01-26 07:58:33,4.81.1,negative,rating_rule,38
Putri Safia,kendala jaringan yang parah padahal di aplikasi lain gak ngelag tapi di gojek malah lag parah,1,2024-01-22 00:39:30,4.81.1,negative,rating_rule,93
pa goda,Saya driver gojek dan juga pengguna gojekkerja begadang seharian hampir 20 jam cuma dapat 1bahkan yg lebih parahnya lagi 2 hari ngak di beri order sama sekali Padahal saya sudah berpindah2 di sport dan resto yg ramei mana GPS tinggi dan saldo cukupgojek parah2 sangat menyiksa driverbagaimana menurut temen2 seminggu penghasilan cuma 40 sampai 50rb tokjauh di bawah UMR,5,2024-01-26 09:10:49,4.81.1,positive,rating_rule,369
Aditarifa Rizki Pratigina,Fitur chatnya sering lelet bangeet Chat dikirim kapan nyampenya kapan Jadi sering salah paham sama driver Fitur call juga sering nggak ada suaranya  Aplikasi juga suka tibatiba ngebug harus ditutup dan dibuka ulang Fitur real time juga lamban titik jemput sering nyasar jauh Ribet deh jadinya,4,2024-01-26 09:22:47,4.81.1,positive,rating_rule,292
Pengguna Google,Sekarang gofood biaya penanganannya yg bikin mahal Apalagi diskonnya juga kebanyakan syarat Padahal pesaingnya pada murah pantesan aja sekarang pada pindah ke aplikasi lain Ditinggal customer bukannya introspeksi malah naikin harga,1,2024-01-26 09:24:40,4.81.1,negative,rating_rule,231
MOHAMMAD DIPONEGORO,Gimana Ya Caranya Untuk MELAPORKAN driver yang Membatalkan pesanan SeENAKNYA SENDIRI,1,2024-01-29 06:00:11,4.81.1,negative,rating_rule,84
Rahmy,Pihak gojek sangat2 rakus terlalu bnyak biaya nggk jelas semoga kmu bangkrut,1,2024-01-26 03:11:36,4.81.1,negative,rating_rule,76
Nidya Tsania,sering eror buat titik penjemputannya udah ada opsinya dsh di klik tp tetep gabisa kepilih itu,4,2024-01-26 00:20:40,4.81.1,positive,rating_rule,94
irfan taufik hidayat,tingkatkan kualitas layanan,5,2024-01-29 09:57:15,4.81.1,positive,rating_rule,27
dolay libra,Tagihan gopaylater udh bisa bayar bebas cuma masih ribet kenapa hrs tertulis tagihan berikutnya trs hrs ketik nominal mau bayar untuk bln apa jg ga adahrs nya ketika di klik untuk 2 bln ke depan langsung nominal jumlah muncul sama buat bln berapa sama berapa masih hrs nunggu muncul tagih nya tetep klo gini kecuali klo mau di lunasin mngkn bisa,4,2024-01-29 09:46:00,4.81.1,positive,rating_rule,345
Lisa Rafa,Ini kenapa bisa saldo gopay saya tiba tiba ke potong tip Padahal saya tidak memberi tip apa apa,1,2024-01-25 22:51:00,4.81.1,negative,rating_rule,95
Dita Risyanti,Bagus murah terbantu,5,2024-01-29 09:27:48,4.81.1,positive,rating_rule,20
Ahmad Nafis,Perbaiki yang maps nya kadang abang gojek waktu jemput saya dilewatin jalan buntu,4,2024-01-25 23:51:12,4.81.1,positive,rating_rule,81
Enver,Kadang kok sering error yaa Ganggu bgt,4,2024-01-29 09:02:47,4.81.1,positive,rating_rule,38
Holipah Purwanti,Makin kesini abang2 gosend makin lama gak sesuai jadwal pickup dan delivery sampai saya sudh beberapa kali cancel tolong lebih disiplin lagi dan tingkatkan kinerjanya kami jg butuh barang2 yg kita kirim segera ini malah abang2nya suka nyepelein,2,2024-01-29 08:30:31,4.81.1,negative,rating_rule,244
Dwi Rizky Rahmawati,Banyak Promo,5,2024-01-26 02:21:54,4.81.1,positive,rating_rule,12
Zahrowi,Mudah dan murah,5,2024-01-26 00:37:07,4.81.1,positive,rating_rule,15
Ranti Miranti,Bnyk vocer yah,5,2024-01-29 08:09:56,4.81.1,positive,rating_rule,14
Delvit,Ini gopaylaternya gak bisa dipake buat belanja di tokped udh dari bulan2 akhir tahun kemarin gak bisa sampe sekarang Solusinya gimana,1,2024-01-29 08:06:55,4.81.1,negative,rating_rule,133
Meisya Salsabillah,Pesan gofood dan drivernya lamaaaaaaaaaa bgt mengantarnya saya buru2 mau ke RS dan kerja Tapi pesanan tidak bisa dibatalkan saya menunggu lebih dari 1 jam,1,2024-01-26 00:57:43,4.81.1,negative,rating_rule,154
Fachry Ai,Dulu sering pakai gofood sekarang gak dehharganya jauh di sini dari di tetangga sebelahdulu banyak promo sekarang gak jelas,2,2024-01-26 01:06:55,4.81.1,negative,rating_rule,123
Andi Arisma,Best,5,2024-01-26 01:54:25,4.81.1,positive,rating_rule,4
Wawan Satriawan,Sangat membatu buat perjalanan,5,2024-01-23 04:48:44,4.81.1,positive,rating_rule,30
Pengguna Google,Promonya sedikit,4,2024-01-24 03:37:41,4.81.1,positive,rating_rule,16
Fifi Mbuilima,kenapaaa setelah mendaftar akunnya lngsung eror bgtu buka untuk dipke nggk bisa lgi,1,2024-01-22 03:30:37,4.81.1,negative,rating_rule,83
Karin Nizia,Semenjak diupdate buat masuk aja susah banget,1,2024-01-22 11:59:13,4.81.1,negative,rating_rule,45
Ghandul,Bikin ribet doang gopay tabungan isi saldo gopay dipindahkan dulu ke gopay tabungan eh nyangkut pula saldo bank udah kepotong udah masuk ke gopay tapi nyangkut di pemindahan ke gopay tabungan,1,2024-01-22 20:28:27,4.81.1,negative,rating_rule,191
Ratih Serkantina,Cukup membantu sekali,5,2024-02-02 05:02:21,4.81.1,positive,rating_rule,21
herry sulistiyo,Mulai hari ini kecewa dengan gopay sudah top up dengan nomer yg benar tp belum juga diproses Alhasil blm jg terkirim Saya kecewa dan uang itu hilang Tidak bisa dipercaya sudah terjadi ke 3 X nya uang lenyap,1,2024-01-22 18:59:23,4.81.1,negative,rating_rule,206
Yandi Supiandi,Semoga sukses selalu goojek,5,2024-01-22 04:21:40,4.81.1,positive,rating_rule,27
Marie Avril,Kembalikan tampilan gofood seperti sedia kala Tampilan yg terbaru alias skrg sangat2 MENIPU tau ga Udah terpasang diskon ongkir 11k tp tulisannya biaya penanganan  ongkir masih aja 16k maksudnya gimanaa Biasanya segitu harga ongkir tanpa diskon Lah ini udh kena voc diskon tetap segitu Mau ngibulin cust pinter2 lah cust juga lebih PINTAR,1,2024-01-22 04:30:44,4.81.1,negative,rating_rule,338
Ayup Aceh,sepertinya semua keluhan pelanggan respon sama semua jawaban nya jaringannyalah dll apa tak ada bahan atau tak bisa menjawap,1,2024-01-22 17:43:59,4.81.1,negative,rating_rule,124
Iky Pemalang,Mhall harganya 2 lipat lbih mahal Blm ongkirnya,1,2024-01-22 07:58:34,4.81.1,negative,rating_rule,47
Jonatan Kristonius,oi gw beli paket internet sampai sekarang kgk masuk paketnya gimana ini gw juga udah buat laporan sampai sekarang kgk di tanggapi,1,2024-01-22 04:46:03,4.81.1,negative,rating_rule,129
Hisom Mera,Mgc mantab,5,2024-01-22 17:02:45,4.81.1,positive,rating_rule,10
Helzron Lobo,Aplikasi ok,5,2024-01-22 12:06:40,4.81.1,positive,rating_rule,11
Intan Purnama,Banyak kemudahan dalam menggunakan aplikasi ini,5,2024-01-22 12:07:56,4.81.1,positive,rating_rule,47
Mas Omat,Praktis cepat,5,2024-01-22 04:52:33,4.81.1,positive,rating_rule,13
yongky,Aplikasi bagus yang sangat membantu,5,2024-01-22 16:52:59,4.81.1,positive,rating_rule,35
Torikul Fauzi,Nice service for daily needs,5,2024-01-22 12:18:05,4.81.1,positive,rating_rule,28
Ary Jaka,Sangat membantu Menjadikan labih mudah,5,2024-02-01 15:49:37,4.81.1,positive,rating_rule,38
Soleh Soleh,Saya gg mao bisa upget gopay plus,1,2024-01-22 20:32:02,4.81.1,negative,rating_rule,33
Tomo Sandira,aplikasi kurang bagus sering ngebatalin sendiri g jelas,1,2024-01-22 03:39:52,4.81.1,negative,rating_rule,55
Biey Vlog,GoodApps,4,2024-01-22 08:53:01,4.81.1,positive,rating_rule,8
Asih Budiyanti,Sangat membantu mobilitas,5,2024-01-22 08:44:48,4.81.1,positive,rating_rule,25
Dewi Roslianani,Keren aman saat di jalan nyaman dan selamat sampai di tujuan terima kasih go car sukses selalu buat Anda,5,2024-01-22 08:44:01,4.81.1,positive,rating_rule,104
Culture az (Cultra),Makin kesini harga makin mahal bahkan dihari Minggu saja tambah mahal okelah mahal asalkan pelayanan juga baik dan benar sudah lemot lama ugal ugalan driver dan pihak gojek sama sama lebih mengutamakan penghasilan pendapatan ketimbang kenyamanan dan keselamatan kalau begini terus saya Uninstal dan berhenti Makai gojekDriver yang menolak order di pecat saja malas kerja Saya sering di tolak bahkan sampe di tlp minta Batalkan,2,2024-01-22 23:27:54,4.81.1,negative,rating_rule,426
Anya Syah,Makin di update makin kurang memuaskan malah makin terbatas aksesnya Tolong balikin seperti awal,2,2024-01-22 08:42:45,4.81.1,negative,rating_rule,96
saiful bahri,Kemudahan dalam mendapatkan driver,5,2024-01-22 03:40:36,4.81.1,positive,rating_rule,34
maulida mawarni,Kenapa habis diupgrade mlh gk bisa brfungsi min Sy mau tf k rek dh 3 hari coba sllu ket gak dpt sinyal pdhl apk lain brjalan sangat lancar,3,2024-01-22 23:18:38,4.81.1,neutral,rating_rule,138
Lisa Citra,Mlm pakbuk mf mengganggu kenapa ya skrg di gojek mapsnya ngk benar Padahal dulu gojek mapsnya paling okesama persis di aplikasi maps aslinyatq,5,2024-01-22 22:47:15,4.81.1,positive,rating_rule,142
Mulyana Oden,kenapa gopay later saya tidak bisa di pakaipake di blokir segala,1,2024-02-01 10:50:48,4.81.1,negative,rating_rule,64
Khaisar Masrul,apakah ada biaya tambahan ketika telah memesan GO BOX  saya diminta biaya tambahan untuk biaya angkat barang apakah memang begitu,1,2024-02-01 15:03:38,4.81.1,negative,rating_rule,129
Wuri Ami,Kenapa aplikasi gojek saya terus minta aktifkan lokasi padahal google mapnya udah aktif Menu gofoodnya ga bisa di buka,4,2024-01-22 21:39:46,4.81.1,positive,rating_rule,118
Totok Totok,Saat saya daftar kok tiba keluar sendiri ya,1,2024-01-22 21:35:35,4.81.1,negative,rating_rule,43
Nabila N Khasana,Makin kesini kok gojek makin ngga adaa diskonnya ya,1,2024-02-01 10:37:37,4.81.1,negative,rating_rule,51
Masboy Boy,Be nttGyt,3,2024-01-22 04:00:33,4.81.1,neutral,rating_rule,9
Hubert Tatu,Kapok pesan eceng lama sekali datang nasinyasampe digin nasi sayadan sudah tidak enak di makantolong di perbaiki sistemnyakalau bisa jangan sampe 1 jam baru dapat driverkaya ijo sebelah begitu di pesan langsung dpt driver yang terdekatsatu lagi hilangkan onkos 6000 kasian drivernyapada initinya lanyani kami cs mu dengan sepenuh hatiterimakasih banyak,1,2024-01-22 08:20:16,4.81.1,negative,rating_rule,352
Hayang Kawin,Sanat bagus,5,2024-02-02 05:07:17,4.81.1,positive,rating_rule,11
Misnan Nan,Mohon bantuannya cara ubah data gopay pake kt pribadi soalnya gopay nya atas nma istri sya,4,2024-01-22 12:23:24,4.81.1,positive,rating_rule,90
Anisa miraarsa,Gojek kurir nya thebest,5,2024-01-22 16:24:03,4.81.1,positive,rating_rule,23
Ernawati Suryani,Yeeee senengnya naik Go jek pasti tepat waktu dan dapat promo,5,2024-01-22 06:40:12,4.81.1,positive,rating_rule,61
Bang Billy,Fitur gopay di go patner ga muncul padahal no sudah terhubung,1,2024-01-22 14:22:33,4.81.1,negative,rating_rule,61
miftah ramadhan,Mudah,5,2024-01-22 13:56:18,4.81.1,positive,rating_rule,5
Muhammad Muqtashid,Banyakin promo auto bintang 5,4,2024-01-22 13:43:31,4.81.1,positive,rating_rule,29
aAdiYoga,Gak ada promo nya cuihh,1,2024-01-22 07:17:08,4.81.1,negative,rating_rule,23
Tom Yam,Pesanan cepat tepat semoga kedepannya lebih okey,5,2024-01-22 13:33:10,4.81.1,positive,rating_rule,48
suryaningsih Hartono,Lebih mudah bepergian,5,2024-01-22 13:22:05,4.81.1,positive,rating_rule,21
Zain Arifin,Gojek sangat membantu banyakin lagi promo promonya,5,2024-01-22 06:27:31,4.81.1,positive,rating_rule,50
Nararya Alvaro,Mengapa saya tidak menerima kode otp,5,2024-01-22 12:46:07,4.81.1,positive,rating_rule,36
Adelia,Aplikasi ini sangat membantu sekali,5,2024-01-22 06:06:04,4.81.1,positive,rating_rule,35
M Syahrul Fajar S,kerennn,5,2024-02-01 07:07:07,4.81.1,positive,rating_rule,7
Hadi abdul Rosid,Sangat berbahaya bagi pemilik resto dari ulasan yg sangat ngasal pencitraan nama baik resto,1,2024-01-22 06:47:49,4.81.1,negative,rating_rule,91
yetty octavia,Udah si suruh update mulu Tapi makin kesini Makin g sinkron sama posisi driver Mana nge bug mulu Suka balik lg ke awal,3,2024-01-22 06:57:42,4.81.1,neutral,rating_rule,118
Rann Demenn,MIN KOK GOPAY TF KE ALLPAY GABISA SI GUA PEN ISIAN EPEP INI,2,2024-01-22 07:00:55,4.81.1,negative,rating_rule,59
SOK PATEENN,Sangat tidakmembantucs sangat lambat kecewa,1,2024-02-02 00:03:28,4.81.1,negative,rating_rule,43
galang fariz,Sangat ok sering dapat potongan harga dan gratis ongkir,5,2024-01-22 13:02:48,4.81.1,positive,rating_rule,55
Jenytha Dlm,Makin parah suka ngebug topup gopay kadang lama masuk nya kadang kalau chat sma driver chat masuknya gk kliatan parahhh,1,2024-01-22 12:54:54,4.81.1,negative,rating_rule,119
Elly Wibowo,sangat membantu di waktu malas keluar,5,2024-01-22 12:52:36,4.81.1,positive,rating_rule,37
PRESIDENT GAMING 89,Sudah pakai Gojek Hampir 3 taun,5,2024-02-01 07:10:47,4.81.1,positive,rating_rule,31
lidya himawari,semua makanan harga berubah jauh sudah banyak makan komisi ongkir melunjak khusus untuk dibali jangan pake ini,2,2024-01-22 12:42:01,4.81.1,negative,rating_rule,110
Annansyah Firdaus,Saya melakukan pembayaran dengan gopay gopay terpotong tetapi pembayaran dinyatakan belum ada transaksi Dan saya coba hubungi cs responnya sangat lama,1,2024-01-22 06:04:25,4.81.1,negative,rating_rule,150
Eka Yanawati,Sangat bisa di percaya,3,2024-01-22 05:17:54,4.81.1,neutral,rating_rule,22
khay& key channel,Sip banget aplikasinya,5,2024-02-01 05:08:03,4.81.1,positive,rating_rule,22
Hidayat S,Upgrade gopay plus gagal mulu Ktp nope sama Tolong dong,2,2024-01-22 15:02:55,4.81.1,negative,rating_rule,55
Paino Paino,Woipikirin driverkita modal semua tapi sistem udah kaya penjajahmusnahkan sistem 5k,1,2024-02-01 19:49:19,4.81.1,negative,rating_rule,83
Susi Rizqi,Baru bebrapa hari di updatetp setelah di update ko aneh ysetiap masuk ke aplikasi dan ingin memesan kendaraaan tiba2 aplikasi terhentidan begitu terus setiap masuk ke aplikasiselalu notif aplikasi terhentimohon solusi supaya saya bisa menggunakan gojek lagi,3,2024-02-02 02:16:20,4.81.1,neutral,rating_rule,257
Setan Kota,Sungguh luar biasa Aku mau semua driver yg seperti ini ramah senyumselalu menyapa apalagi selalu mengingatkan penumpang tuk menjaga kesehatankeselamatan,5,2024-01-22 15:02:41,4.81.1,positive,rating_rule,152
Supriyatin Supriyatin,Kenapa kalau saya lg ngetik alamat pejemputan terus alamat tujuan terus ilang semua alamatnya hdh,2,2024-01-22 12:31:35,4.81.1,negative,rating_rule,97
Arifineghe Arifin,matap,5,2024-01-22 14:29:58,4.81.1,positive,rating_rule,5
TEGUH ARYA,kenapa saya susah masuk padahal nohp sudah sinkron,1,2024-01-22 14:46:50,4.81.1,negative,rating_rule,50
Nuyawira Nusantari,ga ada,5,2024-01-22 05:33:38,4.81.1,positive,rating_rule,6
Fajar Ri,Lemot,1,2024-01-22 05:51:55,4.81.1,negative,rating_rule,5
Budi Waryanto,Baguuus,5,2024-01-22 05:58:33,4.81.1,positive,rating_rule,7
randu baya,sangat ramah,5,2024-01-22 12:34:36,4.81.1,positive,rating_rule,12
Alifahindah Nugroho,kata nya bayar paket goplus gratis ongkir tp sama aja gak gratis ongkirpercuma cuma bisa gratis ongkir di awal bayar paket langganan selama seminggu aja apa nya yang salah coba,2,2024-01-22 06:03:06,4.81.1,negative,rating_rule,176
DE Sagita04,Aneh saldo hilang gak jelasini ginanacoba Kirim berapa ya kepotong berapatrusyang keontong gak tau kemana hilangnya gak ada riwayat kirimnya lagianeh,1,2024-01-22 12:34:59,4.81.1,negative,rating_rule,149
Sultan Laelah,Tingkatan orderan untuk luar kota apk anak bangsa jgn kalah dengan apk asing,5,2024-01-22 14:37:22,4.81.1,positive,rating_rule,76
Irma Suryani,Game nya bagussss,5,2024-01-22 14:34:48,4.81.1,positive,rating_rule,17
Khairul Naim,bagus pelayanan nya,5,2024-01-22 06:03:54,4.81.1,positive,rating_rule,19
Budi Haryanto,Bagus dan cepet,5,2024-01-22 23:45:08,4.81.1,positive,rating_rule,15
Andri Angkawijaya,Membuat hidup lebih mudah Jadi gak ada tujuan hidup,5,2024-01-22 21:58:41,4.81.1,positive,rating_rule,51
faqih rifqi,Sudah keren tambah keren lgi klo bnyak promo,5,2024-01-23 02:33:33,4.81.1,positive,rating_rule,44
Fadilah Saharani,Sejauh ini pake gojek memang tdk ada kendala sama sekali sih setelah di update makin bagus kok mungkin tergantung orang nya yang make kali ya,5,2024-01-22 01:42:54,4.81.1,positive,rating_rule,141
Derman tarigan Tarigan,Ini kenapa gojek gua g bisa di buka,1,2024-01-23 03:21:48,4.81.1,negative,rating_rule,35
Faris0617,1tekan alamat random 2nantikan uda tercantum biaya GoJek nya lalu tekan panah destinasi yg berwarna oranye 3 Lalu pilih destinasi kemana kamu mau,5,2024-02-01 13:59:32,4.81.1,positive,rating_rule,145
Ali Akbar,Pelayanan buruk orderan selalu di batalkan,1,2024-02-01 12:47:28,4.81.1,negative,rating_rule,42
Andriansyah Andri,Gopay ribet isi top up saldo gopartner,3,2024-01-23 02:50:20,4.81.1,neutral,rating_rule,38
Mudi Yanto,oke banget,5,2024-01-23 02:43:36,4.81.1,positive,rating_rule,10
Dina TARORE,Asik asik aja kok ok,5,2024-01-22 02:14:51,4.81.1,positive,rating_rule,20
Arvi Sankara,Sangat membantu  sedikit pertanyaan kenapa ya bisnis saya sudh saya pindah di google map tapi di gojek belum pindah alamatnya mohon atensinya,5,2024-01-23 02:36:11,4.81.1,positive,rating_rule,141
Arian Salenra official,2024 sukses amin,5,2024-01-22 02:36:02,4.81.1,positive,rating_rule,16
Rian Pratama,Ongkir food nya gk ngotak harga 6k ongkir 20k,2,2024-01-31 14:32:04,4.81.1,negative,rating_rule,45
Casa Nova,Aplikasi Suka log out sendiri,1,2024-02-01 11:48:55,4.81.1,negative,rating_rule,29
rafli muhamad,keren pool,5,2024-01-22 10:13:32,4.81.1,positive,rating_rule,10
letare official,Makin kesini makin bnyak diskon nya,5,2024-01-23 02:01:58,4.81.1,positive,rating_rule,35
Dilan Delon,Kenapa gopay pinjam gx bisa lagi Bulan depan trus,2,2024-01-22 02:37:23,4.81.1,negative,rating_rule,49
Sadottt,Mau upgrade gopay plus susah minta ampun chat sma cs malah d bales sma bot Tolol tolol,1,2024-01-22 09:31:15,4.81.1,negative,rating_rule,86
Rizky Pratama,Suka banget,5,2024-01-31 15:17:06,4.81.1,positive,rating_rule,11
Rizky Maulana,Aplikasi burik drivernya jauh bener,1,2024-01-31 16:05:51,4.81.1,negative,rating_rule,35
Rizky Akbar Rmdhn,masih sering eror ni aplikasi,4,2024-01-22 10:23:11,4.81.1,positive,rating_rule,29
Ahmad Tsani,saya sudah membayar gopay later saya tepat waktu dan ketika pembayaran lancar lancar saja namun tiba tiba diblokir Edited  Customer service yang diberikan hanya bot terus menerus sampai lelah saya chatnya,1,2024-01-22 10:03:56,4.81.1,negative,rating_rule,204
Andro Wibowo,Keamanan di jalan,5,2024-01-22 10:00:01,4.81.1,positive,rating_rule,17
Natasya A,yaudah,5,2024-01-22 09:49:36,4.81.1,positive,rating_rule,6
Ujang Suganda,Semakin baik lagi,5,2024-01-23 04:25:38,4.81.1,positive,rating_rule,17
Arlia Dhanan,Bagus sangat membantu tapi kalau mau bayar barcode suka agak lama loadingnya,5,2024-01-23 04:17:22,4.81.1,positive,rating_rule,76
Fachri Ilham,Akun saya mau diaktifkan kembali gak bisaada tulisan lagi ada kendala sangat mengecewakan,1,2024-01-22 09:44:38,4.81.1,negative,rating_rule,89
Joan Rizky A,Teruntuk Developer mohon untuk para drivers lebih diperhatikan lagi mungkin bisa kembalikan program Pencapaian bonus setelah beberapa trip Karena mereka berusaha mencari nafkah demi keluarganya Sukses GOTO,4,2024-02-02 08:46:23,4.81.1,positive,rating_rule,205
ochy surya,Sangat berguna dan membantu di sela kemacetan jakarta,5,2024-01-22 09:45:30,4.81.1,positive,rating_rule,53
Tapsir Tapsir,Untuk mempermudah transaksi,5,2024-01-23 04:12:10,4.81.1,positive,rating_rule,27
WAHYU SETIAWAN,Mantap joss,5,2024-01-23 04:07:56,4.81.1,positive,rating_rule,11
IMA DC,Gojek kenapa hari ini mau ngisi pulsa tidak bisa tolong saya urgen ini,1,2024-01-22 01:04:35,4.81.1,negative,rating_rule,70
Achmad Surya,Kenapa saya tidak bisa mengubah nama profil gopay saya,4,2024-01-22 01:18:07,4.81.1,positive,rating_rule,54
Mita Renaldie,Bingung kadang kadang untuk pemesanan gofood ada beberapa kedai yang tutup di aplikasi gofood padahal asli nya buka bisa tolong jelaskan,5,2024-01-22 09:51:01,4.81.1,positive,rating_rule,136
MARWANDHY NGENRE,Just use it,4,2024-01-22 09:33:16,4.81.1,positive,rating_rule,11
rudi harmoko,Mantaff aplikasinya,5,2024-01-22 01:08:43,4.81.1,positive,rating_rule,19
Heri Yanto,Suka banget pake gojek sipp pokoknya,5,2024-01-22 01:11:15,4.81.1,positive,rating_rule,36
puji jossanyoto,Bnyak promo,5,2024-01-23 03:37:13,4.81.1,positive,rating_rule,11
JAYA KERTA,Apk anak bangsa,5,2024-01-22 01:16:39,4.81.1,positive,rating_rule,15
ifa sifah,Sekarang gofood nya drivernya gjls makanan jdi lama dianter,1,2024-02-02 07:09:23,4.81.1,negative,rating_rule,59
edwin eka saputra,Satset gak ribet,5,2024-01-22 12:53:58,4.81.1,positive,rating_rule,16
Wartono Tono,Ok terimakasih,5,2024-02-02 06:50:46,4.81.1,positive,rating_rule,14
Bagja Gumilar,Alamat tetep harga ongkos nggak tetep payah sih,1,2024-01-22 23:53:04,4.81.1,negative,rating_rule,47
Hendra Kurniawan,Mantab betul,5,2024-01-22 02:56:51,4.81.1,positive,rating_rule,12
Sugiri Arowi,Trima kasih GO JEK atas pelayanannya,5,2024-01-22 03:03:29,4.81.1,positive,rating_rule,36
ariep cs,Aplikasi fiktif,1,2024-01-31 17:55:38,4.81.1,negative,rating_rule,15
riko fardiansyah,Tidak pernah mengecewakan Terimakasih para member gojek,5,2024-01-22 10:32:51,4.81.1,positive,rating_rule,55
Yin,Susah dpt driver,1,2024-02-01 12:13:02,4.81.1,negative,rating_rule,16
paiman 88,Okey,5,2024-01-23 00:30:47,4.81.1,positive,rating_rule,4
rezza febrry,Oke lah,5,2024-01-22 03:12:53,4.81.1,positive,rating_rule,7
Eternity Wintry,Tolong dong gojek ada aturan driver hanya boleh gak nerima orderan berapa kali aja Masak iya pesen gocar padahal bukan gocar hemat gak ada yang angkut Padahal di peta banyak driver di dekat lokasi,1,2024-01-23 00:33:50,4.81.1,negative,rating_rule,196
Widi Yanto,Fitur chat dan call suka eror gda suaranya,2,2024-01-31 17:27:03,4.81.1,negative,rating_rule,42
Mamora AR,hanya karena lupa 1harian  gopaylater kena denda 50rb 1hari Bagaimana ini Ini namanya memeras Pemakaian hanya 52rb  kena denda 50rb jd 102rb Bagaimana kalau 1bulan saya lupa bayar,1,2024-02-02 05:53:04,4.81.1,negative,rating_rule,179
Lisa hariyanti,ramah cpt pengiriman,5,2024-01-23 04:34:57,4.81.1,positive,rating_rule,20
Khuzaimah Ramadini,Permisi Tolong untuk driver goride di tambahkan ya ini penting banget apalagi ketika jam sibuk beroperasi untuk beberapa konsumen Saya mau pesan tapi sudah sebanyak 6x belum mendapatkan goride Kalo kayak gini bukan rating tentang driver nya melainkan tentang seberapa banyak aplikasi menyediakan driver untuk konsumen Jadi mohon untuk di pertimbangkan kembali ya Terimakasih,3,2024-01-22 23:48:07,4.81.1,neutral,rating_rule,374
Ubay 064,Pindah ke gopay tabungan Isi saldo gopay jadi lama Telat gw gawe Sue,1,2024-01-23 00:47:54,4.81.1,negative,rating_rule,68
Cafe D'tumpeng,ada beberapa driver motor yg sikapnya kurang ajar dan memaki maki pelanggan trus langsung mindahin ke driver lain sebelum kita komplain hanya karena kami telat jawab chatnya semoga kedepan gojek lebih selektif dalam memilih anggota nya,3,2024-01-23 00:48:41,4.81.1,neutral,rating_rule,235
Okta Elvionita,Kenapa sekarang klo pesan gofood gk bsa liat posisi driverjdi gk bsa liat driver yg malas2an sma yg rajin,1,2024-01-22 09:07:42,4.81.1,negative,rating_rule,105
Al Firdaus,Banyak sekali membantu dalam kegiatan saya hari hari,5,2024-01-22 10:53:13,4.81.1,positive,rating_rule,52
Dadang Priatna,Okelah tambahin lagi promo promo nya,5,2024-01-22 10:32:06,4.81.1,positive,rating_rule,36
Moh haji Rahawarat,Bagussss pol,5,2024-01-01 20:59:17,4.80.4,positive,rating_rule,12
Ayah Farisa15,siip,5,2024-01-06 03:04:22,4.80.4,positive,rating_rule,4
hotroha sihotang,Harga semakin lama semakin tinggi hanya utk memperkaya yg kaya,1,2024-01-01 23:53:17,4.80.4,negative,rating_rule,62
Dewi Firdaus,Gopay later ga bs d pk lbh dr sebulan Pdhl ga pernah telat byr,1,2024-01-06 04:51:43,4.80.4,negative,rating_rule,62
muhammad ali yanwar,Aplikasi transportasi terbaik karya anak bangsa,5,2024-01-07 07:14:25,4.80.4,positive,rating_rule,47
Yulia Saputri,Lama cari driver susah,1,2023-12-22 12:12:18,4.80.4,negative,rating_rule,22
Fadhilah Fikriyah,Setelah diperbarui malah ngeblank Cuman tampil halaman awal selebihnya g bisa masuk aplikasi langsung out dengan sendirinya Udah pake versi tebaru loh ini sinyal baik pula,1,2024-01-01 21:34:38,4.80.4,negative,rating_rule,171
Rian Ramli,Terimakasih gojek selalu membantu di saat butuh transportasi cepat,5,2024-01-01 23:40:01,4.80.4,positive,rating_rule,66
Tri Purwaningsih,Alhamdulillah dgn adanya gojek sangat membantu dlm tiap perjalanan kamitransportasi yg terjangkau dan nyamandan mudah diaksessemoga kedepannya makin baik,5,2024-01-01 22:09:21,4.80.4,positive,rating_rule,153
Cahyo Susillo,Keluar dr aplikasi dan ga bisa masuk aplikasi nya,2,2024-01-01 23:55:47,4.80.4,negative,rating_rule,49
Harrison Sitohang,Aplikasi payah mau up grade saja susah pake KTP asli ditolak mampuslah kalian,1,2024-01-06 04:32:05,4.80.4,negative,rating_rule,77
Elang Satrio,Aplikasi jelek masa mau pesen gocar gpsnya harus terbaca dlu kan gak semua hp yg gpsnya bagus adain manual lagi lah bobrok aplikssi,1,2024-01-06 02:58:06,4.80.4,negative,rating_rule,131
Indra Gunawan,Beri fitur agar bisa hapus riwayat transaksi dong Min,5,2023-12-21 11:03:18,4.80.4,positive,rating_rule,53
Enrico Alvaro,Transfer cepat dan aman,5,2024-01-06 05:07:05,4.80.4,positive,rating_rule,23
Novi Andrianto,Saran sederhana buat developer utk penjemputan lihat jarak drivernya juga terutama waktu pagi hari pastikan mapsnya sesuai bukan fake jangan sampai terlambat kerja karena aplikasi milihin yang jaraknya jauh Padahal ada yg dekat drivernya Thanks,1,2024-01-01 23:21:00,4.80.4,negative,rating_rule,244
Farhan Ari,Go tix mana,1,2024-01-06 02:57:47,4.80.4,negative,rating_rule,11
Mohammed Luthfi,Update sekarang tidak ada lagi bug ngehank sendiri lancar dan juga nyaman,5,2023-12-21 11:01:00,4.80.4,positive,rating_rule,73
Rahma Widya,Gojek makin kesini malah makin ke sana Jarak dekat mahalnya berlipat lipat Makin parah,1,2024-01-01 05:43:34,4.80.4,negative,rating_rule,86
nur fadhilah,Siiipppp,5,2023-12-22 13:02:08,4.80.4,positive,rating_rule,8
Azhar Fahmi,Transportasi terbaik anda pelayanan yang maksimal,5,2024-01-06 05:05:40,4.80.4,positive,rating_rule,49
Eko Wahyu,Aplikasi tolol setelah dipegang goto gak mau masuk menu lama uninstall sorry,1,2024-01-07 07:18:16,4.80.4,negative,rating_rule,76
Aldy Bihaqqil Pramudita,Mantap sangat membantu tapi sekarang kurang diskon nya,5,2024-01-06 04:58:13,4.80.4,positive,rating_rule,54
muhammad majid,Aplikasi bermasalah,1,2023-12-22 12:57:20,4.80.4,negative,rating_rule,19
egga egga,Tolong ditambah fitur Tarik Tunai donk,5,2024-01-02 01:15:11,4.80.4,positive,rating_rule,38
aulia,Haduhh driver nya gapernah sesuai titik berhenti nya,3,2024-01-06 04:52:07,4.80.4,neutral,rating_rule,52
SUBARKAH BARKAH,Sangat membantu bagi para lansia dengan driver yg menyenangkan,5,2024-01-06 02:55:21,4.80.4,positive,rating_rule,62
pokoe losss,Udahh bisa,5,2024-01-02 01:12:51,4.80.4,positive,rating_rule,10
Deniss Bulee,jelek bintang 1 ga dapet driver sama sekali padahal baru ng cancel sekali cuma gara lokasi drivernya trllau jauh g kaya grab,1,2024-01-02 00:25:22,4.80.4,negative,rating_rule,124
Fitri Anjelly,Walaupun banyak promo dan harga lebih murah tpi driver nya tidak jelas menunggu lama sekali tidak sampai Bahkan tidak bergerak saya langsung pesan grab cepat datang dan tidak ada masalah,1,2024-01-02 01:08:12,4.80.4,negative,rating_rule,186
Suni,Semoga selalu banyak promo nya lagi Makasih,5,2024-01-02 00:48:43,4.80.4,positive,rating_rule,43
Christopherus Septian,Semakin turun kualitasnya,1,2023-12-22 12:34:19,4.80.4,negative,rating_rule,25
mama Latif,Terimakasih Gojek Indonesia aplikasinya mudah di pahami dan punya banyak promo  adain undian untuk yang aktif transaksi dong biar seru hehehegood job Gojek,5,2024-01-01 22:28:36,4.80.4,positive,rating_rule,155
Ro Jikin,Tepat waktu dan bagus,5,2024-01-06 04:27:15,4.80.4,positive,rating_rule,21
ERINKA Almahyra,Knp stiap pngen cari makananminuman slalu error ya,1,2023-12-22 12:20:15,4.80.4,negative,rating_rule,50
Ardiansyah Putra,Apl sudah lumaya Cuma kenadala pada driver nya sekarang pada songong2 banget Entar ada orderan banyak milih2 kalau tak ada orderan mengeluh Entah apa mau driver sekarang Ngomong juga kasar lagi huhhhhh,4,2024-01-07 07:02:03,4.80.4,positive,rating_rule,201
Ridwan Budi,Biar bintang yg bicara,5,2024-01-01 04:59:38,4.80.4,positive,rating_rule,22
Laras _,Apk lemot promo dikit,1,2023-12-21 11:04:40,4.80.4,negative,rating_rule,21
Erwin Suganda,TIAP ADA KENDALA TIDAK PERNAH DI TANGGAPI DENGAN BENAR DAN TIDAK PERNAH SELESAI MASALAH NYA,1,2024-01-06 05:15:58,4.80.4,negative,rating_rule,91
Detha Nipu,Terima kasih aplikasi gojek sangat membantu saya,5,2024-01-01 05:30:21,4.80.4,positive,rating_rule,48
Bayu Bagas,Aplikasi sangat membantu perjalanan kami,5,2024-01-06 03:34:22,4.80.4,positive,rating_rule,40
Muh.maulana.m,Mohon aplikasinya di perbaiki saat saya menggunakankan gofood malah sering error  API ERROR,1,2024-01-06 03:46:53,4.80.4,negative,rating_rule,91
Tri Sifa Fauziah,senenggg bgttt pake gojekaku tiap hari di anter sma mamang mamang gojek soalemana rata rata baikhehe ga semuaa si tapi gppbanyak diskonnya jgaa luvvvv sering sering yaa gojekk kasih diskon yaa,5,2024-01-07 07:15:15,4.80.4,positive,rating_rule,192
Kasraf Kasraf,Semoga makin ok,3,2024-01-01 23:04:53,4.80.4,neutral,rating_rule,15
chodijah dijah,Sdh bk aplikasi trs blablablaehh keluar sndrihadehhhhhh,1,2024-01-06 05:08:48,4.80.4,negative,rating_rule,55
Dewi Destiani,Tolong dong di ringankan lagi masa gopaylater dendanya gede banget 50 rebu sehari bukannya memperingan malah memperberat kostumer,1,2024-01-01 05:35:39,4.80.4,negative,rating_rule,129
TV Masjid RAYA Sumbar,Trims,5,2024-01-01 04:44:06,4.80.4,positive,rating_rule,5
Nia Kurniasih,Gopay later PARAHHHHHHHHH masa telat sehari denda 50000 ITU MAH PEMERASAN NAJISSSSS nyeselllll gw pake gopay later orang kan suka lupa tolong di perbaiki lagi woyyyyyy,1,2024-01-01 23:14:56,4.80.4,negative,rating_rule,167
Roni Firmansyah,Saya kelupaan bayar golater 1 hari masa denda sampai 50 ribu,1,2024-01-06 05:13:16,4.80.4,negative,rating_rule,60
Fir Man Fariz,Klau musim hujan susah driver nya,2,2024-01-07 07:12:22,4.80.4,negative,rating_rule,33
Hariyanto Sheheh,metode pembayarannya sekarang berkurangsekarang gak bisa bayar di alfaindodkk,1,2024-01-01 04:47:22,4.80.4,negative,rating_rule,77
Atira Husna,Aplikasi GOJEK kenapa skrg buruk parah,1,2023-12-22 12:45:42,4.80.4,negative,rating_rule,38
Sumirah Samsung,Waktu mau berangkat sekolah sepeda rusak dijalan alhamdulilah ada gojeg sangat membantu sekali,5,2024-01-02 00:11:15,4.80.4,positive,rating_rule,94
Ester Lingawati,Sekarang gojek mahal biaya aplikasinya dan ongkirnya,4,2024-01-06 03:11:37,4.80.4,positive,rating_rule,52
Wayan Parwata,Susah driver 2024 di balimau pake gojek yg ada drivernya ambil offline semuaakhirnya ga dpt,1,2024-01-06 04:03:00,4.80.4,negative,rating_rule,91
Ruri Siska,Denda keterlambatan pembayaran gopaylater udah kayak rentenir ajaa 50rb sehari Tagihan cuma 49rb tapi karena lupa bayar telat 1 hari kagett banget jadi 99rb,1,2024-01-01 22:14:11,4.80.4,negative,rating_rule,156
Febriana Azhari,Sangat membantu apalagi kalo dapet driver yang baik dan Ramah,5,2024-01-06 03:53:18,4.80.4,positive,rating_rule,61
Anime special chanel11,masa denda satu hari 50rbu kan ga msuk akalgara gara aplikasi yg sering ellor ga bsa kebuka jdi kena denda,1,2024-01-02 00:21:43,4.80.4,negative,rating_rule,106
Yesa Kiriweno,Aplikasi yang sangat bagus,5,2024-01-06 05:23:31,4.80.4,positive,rating_rule,26
Budi Cauw,Makin KAMUKO,5,2024-01-01 04:21:00,4.80.4,positive,rating_rule,12
mai ali,Sangat mudah digunakan dan harga yang terjangkau,5,2024-01-01 05:03:18,4.80.4,positive,rating_rule,48
afgast mustain,perjalanan yg menyenangkan,5,2024-01-01 05:40:35,4.80.4,positive,rating_rule,26
muhamad akbar,Sumpah aplikasi kaga jelas gw beli pulsa malah kaga masuk2  udh di tunggu 24 jam tetep aja ga masuk aplikasi kaga guna gw sumpahin biar bangkruy,1,2024-01-01 23:59:32,4.80.4,negative,rating_rule,144
feby setiawan,cepat dan terpercaya,5,2024-01-06 03:12:32,4.80.4,positive,rating_rule,20
hmm hmm,Biaya administrasibiaya lain gofoodnya brutal 5000 sendiri Ongkir 11 rb mahalll,1,2024-01-06 03:19:29,4.80.4,negative,rating_rule,79
satria Banyumas,Sekarang sering banget eror map nya di hp saya sm di hp driver kenapa bisa beda apa lg klo driver nya ga baca chat saya pengantaran go food jarak 500 meter di anter 1 jam lebih sampe makanan nya dingin padahal bukan pake pengantaran hemat trus pake goride titik penjemputan di hp saya RT 0409 kenapa di driver RT 0711 kan jadi lama nunggu nya,2,2023-12-23 00:00:08,4.80.4,negative,rating_rule,342
Danish Rifzkqyabiputra,Kenapa nga bisa kirim pls,1,2024-01-01 04:43:50,4.80.4,negative,rating_rule,25
Tri Wahyuningrum,Murahcepatramah,5,2024-01-06 03:29:43,4.80.4,positive,rating_rule,15
MIZUKI 05,Mohon bantuannya saya mau upgrade plus malah gabisa katanya data eKTP tidak sesuai di dukcapil padahal saya baru saja bikin KTP sementara di platform lain KTP saya terbaca dan berhasil upgrade,1,2024-01-07 07:17:07,4.80.4,negative,rating_rule,192
Rena dilta Dilta,Bagus dan keren,4,2024-01-01 23:49:33,4.80.4,positive,rating_rule,15
Guns Comenk,Apakah layanan GoTix sudah tidak ada di Gojeg,3,2024-01-02 02:16:23,4.80.4,neutral,rating_rule,45
Desiderius Narsihanto,Cukup membantu dan praktis dalam penggunaanny,5,2024-01-02 01:34:00,4.80.4,positive,rating_rule,45
Ferry Gautama,Aku cintaaaa gopay,5,2024-01-05 15:22:52,4.80.4,positive,rating_rule,18
Vania Santoso,Saya mencantumkan no hp saya tetapi berkali2 tidak bisa mendapatkan verifikasi kodebagaimana iniii,5,2024-01-01 02:54:17,4.80.4,positive,rating_rule,98
Heni Mawar,banyakin iya promonya biar tokcer,5,2024-01-05 15:31:21,4.80.4,positive,rating_rule,33
jack ciwhat,Gopay isi banyak tidak bisa login notif tidak ada jaringan padahal sinyal full gk jelas,1,2024-01-02 04:15:56,4.80.4,negative,rating_rule,87
Ronald Christian,Sering nge lag paylater gabisa no reason Jeklin jga gabisa di chat,1,2024-01-02 04:17:04,4.80.4,negative,rating_rule,66
silfia kohrin,Tdnya sy ksh 5 tp skg Aplikasinya error mulu makin ksini bukannya makin GOOD  Layarbsering ngeBlank loading mulu ud coba reinstall tp tetep aja Percuma update2 tp bukannya makin bagus dan cepatefisien,1,2024-01-05 15:29:46,4.80.4,negative,rating_rule,200
Maulana Fachrudin,Kenapa paylater saya di blokir pembayaran lancar udah lah langsung hapus akun dan aplikasi sumpah gak guna,1,2024-01-05 15:23:51,4.80.4,negative,rating_rule,106
rosaulina napitupulu,semoga lebih banyak diskon,5,2024-01-02 04:18:18,4.80.4,positive,rating_rule,26
Raka Nidang,Gopaylater susah,2,2024-01-05 15:59:18,4.80.4,negative,rating_rule,16
Adi Kiswanto,Kecewa paylater saya hilang padahal selalu bayar terus,1,2024-01-05 14:54:16,4.80.4,negative,rating_rule,54
Riva Alimah,Cepat dan bisa diandalkan,5,2024-01-02 04:22:29,4.80.4,positive,rating_rule,25
Idasiti Farida,Memudahkan perjalanan,5,2024-01-02 04:25:45,4.80.4,positive,rating_rule,21
RAHMADHAN ADJI,Burukk nihhh aplikasiii parah sekali parahhhhhhhhhh,1,2023-12-21 11:28:45,4.80.4,negative,rating_rule,51
budhi riyadhi,Pakai gopaylater jatuh tempo tanggal 1 Januari dan lupa bayar karna lagi diluar kota menyambut tahun baru skrg tanggal 2 Januari dan kena denda keterlambatan 50000 MENJIJIKAN,1,2024-01-02 04:05:01,4.80.4,negative,rating_rule,174
saropudin,Maaf comment customernya kok skrg gk ada tanggalnya ya jadi keterangan nya DIPESAN HARI INI semua,5,2023-12-21 11:41:42,4.80.4,positive,rating_rule,97
Arif Billah,KECEWA BERATAPA GOJEK MAU BANGKRUT  APLIKASI GAK BISA DIPAKAIDAN YANG KOMENTAR PADA KECEWA,1,2024-01-02 03:50:34,4.80.4,negative,rating_rule,90
Imam Teguh,Kiw,5,2024-01-05 17:07:39,4.80.4,positive,rating_rule,3
purnawarman fighter,Tagihan sudah terlunasi semua Tetapi kenapa limit gopay paylater saya malah berkurang dan tidak bisa di pakai sudah berkirim email beberapa kali untuk mencari solusi tapi tidak ada respon sedikitpun,3,2024-01-05 16:46:35,4.80.4,neutral,rating_rule,198
indah ps,Tolong infokan ke kurir ny kalo brg gosend sudh d terima pihak yg bersangkutan di infokan ke yang mengirim kejadian brg sudh diterima buktinyatp yg menerima org lain bukan yg bersangkutanmohon agar tidak ada kekeliruantruss tolong perbaharui info lokasi karena pdhl lokasi rame ojektp yg jmput jauh 10 menitan Dan menurut sy semakin waktu ke waktu biaya gojeknya lebih mahaldan diskon ny kecil terimakasih,2,2023-12-22 11:40:11,4.80.4,negative,rating_rule,405
Bibah Kuy,Gjls bgt mau login malah internet mati mulu kata nyapdhal mah internet lancar mohon di perbaiki lagi,2,2024-01-02 03:36:19,4.80.4,negative,rating_rule,100
Eko Herdiamin,Error Saldo Gopay gak nampil Gak bisa bayar pakai Gopay,1,2023-12-21 11:26:28,4.80.4,negative,rating_rule,55
Handy Eka,Good gojek,5,2024-01-05 16:29:27,4.80.4,positive,rating_rule,10
Alfons Ronga,Like this,5,2024-01-05 16:09:07,4.80.4,positive,rating_rule,9
Farrel Adie Setiawan,Makin hari makin naik harganya,1,2024-01-02 03:58:05,4.80.4,negative,rating_rule,30
Tarmuji S,simple and fast,5,2024-01-01 03:31:40,4.80.4,positive,rating_rule,15
shaip aja,Langsung aq ksh bintang 5 semoga bisa membantu dn lbh baik lgi ke depannya,5,2024-01-05 16:22:59,4.80.4,positive,rating_rule,74
Dafa mZaki,kali ini sangat mengecewakan mau order makan aja muter terus,1,2023-12-21 11:27:50,4.80.4,negative,rating_rule,60
fawza karima,Kereeen,5,2024-01-05 16:09:25,4.80.4,positive,rating_rule,7
Yuliana Dita,Bagus tapi saya tidak tau kesalahan saya Karena tibatiba gopay later saya terblokir,5,2024-01-01 03:15:55,4.80.4,positive,rating_rule,83
Asep Muhamad,Saya kecewa dengan pelayanan aplikasi ini dari Ubertos mau ke Cikadut Sampai 10 kalo pesan tidak dapat satu pun driver,2,2024-01-07 08:14:06,4.80.4,negative,rating_rule,118
diska alya,gojek sekarang sering bgt susah dapet driver harus nunggu hampir 2 jam keburu dingin makanannya,2,2024-01-02 03:30:21,4.80.4,negative,rating_rule,95
Geyonk Yuli Setiawan,Ada voucher tapi ga bisa dipakai yg bs dipakai cm voucher paylater Order lama banget ga bisa cancel anyink deh,1,2024-01-05 13:30:31,4.80.4,negative,rating_rule,110
Nisa Annisa,Banyak diskon di grab food cocok untuk anak kos yang mager cari makan,5,2023-12-23 01:30:49,4.80.4,positive,rating_rule,69
Sari Rahmawati,cepat sampai,5,2024-01-05 13:57:13,4.80.4,positive,rating_rule,12
Circle 9,Aplikasi tidak bagusnot recommended,1,2024-01-02 04:59:52,4.80.4,negative,rating_rule,35
loi,Lemot banget loading terus mau pesen makanan juga loading ke loading ke loading terus Ditungguin berjamjam malah gagal force close ga jelas Udah sampe uninstall  terus di install ulang proses masuk juga loading lagi Tolong diperbaiki saya pengguna lama malah ketemu kendala ga jelas kaya gini terus PERBAIKI,1,2024-01-02 05:06:11,4.80.4,negative,rating_rule,307
riska riss,Bisa ga saat pesan GOFOOD ongkirnya di murahin aja,5,2024-01-05 13:29:31,4.80.4,positive,rating_rule,50
gssmrn,Sekarang Paylater cuman PHP doang limit besar tapi tidak bisa di gunakan ada apa dengan mu gojek,1,2024-01-02 04:58:17,4.80.4,negative,rating_rule,96
Maxwell Limbong,Ini goto ga ngasih pengembangnya gaji yang sesuai atau gimana sih Ngawur aplikasinya,1,2024-01-05 13:27:15,4.80.4,negative,rating_rule,84
abdul qodir,maaf kak go transit nya kok ga bisa yaa,4,2024-01-02 05:10:01,4.80.4,positive,rating_rule,39
isbinarsih adnan,Sdh beberapa hari ini susah buka aplikasi gojek baik pakai wifi maupun pulsa data hampir 10 kali panggil mental terus karena buru2 jadi naik angkot pulang k rumahnya,5,2024-01-02 05:18:37,4.80.4,positive,rating_rule,165
Deri Murpi,Driver go car pada gak jelas orang sekarat butuh untuk ke rumah sakit ngorder Gocar gak ada yg ambil semoga makin susah kalian semua,1,2024-01-05 13:22:48,4.80.4,negative,rating_rule,132
Tri Suhartomo,lihat youtube sinyal lancat wkt mau pesan makanan lemot bgt jingan,1,2024-01-02 05:20:40,4.80.4,negative,rating_rule,66
CRiZoNe Family,top markotop,5,2024-01-07 08:19:42,4.80.4,positive,rating_rule,12
Udi Tafrikan,Pengiriman on time,5,2024-01-05 14:01:59,4.80.4,positive,rating_rule,18
Reza prasetia,Susah buka apk Gojek selalu keluar sendiri,1,2024-01-05 14:18:02,4.80.4,negative,rating_rule,42
L.syuhada34,Nggak bisa masukin email coba bikin kesel,1,2023-12-22 11:33:34,4.80.4,negative,rating_rule,41
karyanto,kebanyakan menu mo bayar pake qris gopaynya error payah jaringan udah bagus dan sudah update terbaru,1,2024-01-01 02:52:26,4.80.4,negative,rating_rule,100
yusak setiawan,Maunya harus diperbaiki lagi,4,2024-01-02 04:41:37,4.80.4,positive,rating_rule,28
San Andre'as,apa itu pke biaya jasa aplikasi smpe 9000blm lagi biaya dr restonyablm lagi 3000 ongkos parkirnyamakan sebijiongkosnya dan kesemuanya uda dpt 5bijikemaruk nyari untung,2,2024-01-05 14:17:37,4.80.4,negative,rating_rule,167
firmansyah menggala,Pelayanannya belum dan tidak mengecewakan,5,2024-01-07 08:17:29,4.80.4,positive,rating_rule,41
Mila cintya,Gopaylater sy knp di blokir sy kn byar ny selalu tepat waktu,1,2024-01-02 04:55:12,4.80.4,negative,rating_rule,60
Seraphine Jasmine,Bener2 keterlaluan Beli pulsa di tokped 45 rebuu Truss bayar paake paylater Aku bener2 lupa bayar Due date 01 Jan 2024 Aku bayar tgl 2 Jan Denda keterlambatannyaa 50 rebu seharrrii Kapokkk  Gak mauu pake2 lagii Auto uninstall,1,2024-01-02 04:44:24,4.80.4,negative,rating_rule,225
Fauzan Resa,Dari awal gojek ada selalu pake ini engga pernah pakai aplikasi ojol yg lain,5,2024-01-07 08:18:54,4.80.4,positive,rating_rule,76
Nengrum Rumaisya,Mantaaappp,5,2024-01-05 14:14:13,4.80.4,positive,rating_rule,10
Daviid Putra,Ketika kepepet sangat dibutuhkan,5,2024-01-02 04:52:41,4.80.4,positive,rating_rule,32
Desi Ririn,Fungsi chat gak bisa,1,2024-01-05 14:10:05,4.80.4,negative,rating_rule,20
DSA Exzequit21,Kapan nih akun ku bisa daftar gopay Paylater,2,2024-01-01 02:26:59,4.80.4,negative,rating_rule,44
Noval Aditya,Drivernya pada sok jual mahalbangsatt bangsatt5x dibatalin pesanan telatga on timepesan jam berapadapet drivernya dateng jam brpjdi ga napsu makanga lagi2 dah mending ke sebelah yg slalu on time klo ada pesanan makanan,1,2024-01-05 17:09:45,4.80.4,negative,rating_rule,218
Meysha Andria,Tiba2 uang gua 500k hilangKalau mau beli sesuatu harus kode otpnyapas di wa gaada kode otplink di browser ya juga anehngacakpadahal mau chat customer service yang keluar mau jadi karyawan gojek,1,2024-01-02 01:44:21,4.80.4,negative,rating_rule,193
iant destry,Sebenarnya bagustp abiz di update kuk mlah lelet app nya,5,2024-01-06 02:18:13,4.80.4,positive,rating_rule,56
F41 PRO,Mantob Markotob,5,2024-01-06 02:08:18,4.80.4,positive,rating_rule,15
Thomas Tolly,Tidak bisa buka gojek,5,2024-01-02 02:10:38,4.80.4,positive,rating_rule,21
Evie Aulia,Bagus untuk semuanya trimakasih,5,2024-01-06 02:03:50,4.80.4,positive,rating_rule,31
Haris Prayitno,jossssssssssssss,5,2024-01-06 01:57:09,4.80.4,positive,rating_rule,16
Sridwiyanti Yanti,Ehm,2,2024-01-01 04:08:39,4.80.4,negative,rating_rule,3
Cacambell,Ini kenapa ngblank ya,1,2023-12-21 11:10:15,4.80.4,negative,rating_rule,21
Welly Suyanto,Sangat manfaat,5,2024-01-06 01:48:11,4.80.4,positive,rating_rule,14
Ade Purnomo,Aplikasi gojeg sangat membantu saya di setiap aktifitas berpergian ke suatu tempat slama ini naik go Jeg blom da kendala semuanya bagus pelayanan nya,5,2024-01-06 01:40:26,4.80.4,positive,rating_rule,149
Diara Radinka,bagus sii tapi kenapa ya pas mau setting pin gopay nya itu ga dapet kode otp nya sy nunggu sampe pegel juga ga dapet notif juga dari gojeksaran sy si kirim kode otp nya lebih cepat pake gmail aja gausah pake whatsapp thanks,4,2024-01-06 01:07:41,4.80.4,positive,rating_rule,223
fahrul ozhie,Top markotop,5,2024-01-06 00:54:24,4.80.4,positive,rating_rule,12
siti sofariyah,Kenapa ya sekarang di bulan Desember 2023 sering error,1,2024-01-01 04:07:23,4.80.4,negative,rating_rule,54
Dib Barnadib,Biaya aplikasi mahal,2,2024-01-02 01:56:23,4.80.4,negative,rating_rule,20
Ok D'jud,Dasar zionis sistem pembodohan,1,2024-01-07 07:31:09,4.80.4,negative,rating_rule,30
Winahyu Ridwan,Puas,5,2024-01-06 02:52:03,4.80.4,positive,rating_rule,4
Dadi Dadi,Ok ok,5,2024-01-06 02:47:12,4.80.4,positive,rating_rule,5
Tulus watik,kalau pesan transportasi maupun makanan lewat aplikasi gojek datangnya cepat klu lama itu wajar karena masih ngantri klu untuk makanan,5,2024-01-02 01:58:47,4.80.4,positive,rating_rule,134
Dian Afriyanto,kemana mana makin mudah,5,2024-01-06 02:45:30,4.80.4,positive,rating_rule,23
Woren Kris,Bagus untuk pesan makanan dan minuman,5,2024-01-07 07:32:24,4.80.4,positive,rating_rule,37
Dwi Jayanto,Memudahkan orang,5,2024-01-06 02:27:16,4.80.4,positive,rating_rule,16
F G,Bad sy mau hapus akun tp keterangan harus lunasi gopay later Pdhal later sama pinjam dah dilunasin,1,2024-01-06 02:43:17,4.80.4,negative,rating_rule,98
Yoga Zulhen,Gila makin kesini makin parah apk gojek,1,2023-12-21 11:05:16,4.80.4,negative,rating_rule,39
Ipunk Nevixs,Cepat dan nikmat,5,2024-01-07 07:36:46,4.80.4,positive,rating_rule,16
Dicky Awal,App rusak ini bukan karna sinyal atau apa pasti kalau ada resto yg close itu lngsng blank kalau ngga app freeze udh sempet di fix kok balik lagi kek gitu,1,2023-12-22 11:51:38,4.80.4,negative,rating_rule,153
Eko Hendro Gunawan Sukandar,mantappppppppppppppp,5,2024-01-06 02:28:03,4.80.4,positive,rating_rule,20
Dimas Aditya,gw mau tanya sama developerterlalu banyak nyoba itu apaan perassan makin di update makin gajelasgw mau transfer duiteh pas masukin pin terlalu banyak nyoba gitu mulu tolong benerin lah itugw kasih bintang 1nanti kaloudah bener gw kasih bintang 5,1,2024-01-07 07:42:00,4.80.4,negative,rating_rule,245
ALI MUSTA'IN,gk bisa buat bayar di Indomaret,1,2024-01-01 04:05:31,4.80.4,negative,rating_rule,31
LURAH KOPLAK,lelet sekarang gojek,1,2023-12-22 11:46:10,4.80.4,negative,rating_rule,20
Abangdani Danikeren,mn,2,2024-01-05 19:30:30,4.80.4,negative,rating_rule,2
Lanang GAMING,Gojek Indonesia makin parah sebelum ganti pemilik gopaylater saya selalu menggunakan gopaylater aman2 saja tapi setelah ganti pemilik  gopaylater saya di blokir padahal tidak pernah telat bayar itu pun cuma limit 500 dari 800 sebelumnyadasar,1,2024-01-05 20:26:33,4.80.4,negative,rating_rule,241
Yani “Adek Atau adik” Darwin,Ini aplikasi kenapa sih Udah 3hari berturut turut gak bisa dibuka sama sekali Setiap kali open gojek belum juga masuk udah close sendiriudah muak kali rasanyakalau tau dari awal mending pakai grab ajabikin orang kesal ajagak ada perbaikan sama sekali,1,2023-12-21 06:02:14,4.80.4,negative,rating_rule,250
Agus Sarjani,Sejarang agak susahkenspa,3,2024-01-02 03:11:21,4.80.4,neutral,rating_rule,25
Shine k,Driver gosend sering banget ga mau ambil orderan dan sering banget pas ada yg mau ambil wktu dia nyampe malah ngeluh jarak sama bayarannya ga sesuaiya kan bukan aku yg buat aplikasi yg nerima dia yg gabung ke gojek juga mrekakalau ga mau ambil orderan buat apa gabung,3,2024-01-01 03:51:01,4.80.4,neutral,rating_rule,267
044-Aristya Miftahun Nur Rizky,sangat membantu bagi para kaum rebahan,5,2024-01-07 08:06:25,4.80.4,positive,rating_rule,38
putra neraka,Update nambah kacau Makin kocak nih aplikasi  Makin bobrok,1,2024-01-02 03:10:20,4.80.4,negative,rating_rule,58
Eza Reza,aplikasi cct mau topup aja ga bisa tulisannya tidak ada koneksi internet dicoba update masih sama aja gajelas buka yt sama download lancar mau topup malah nyangkut,1,2023-12-21 11:24:08,4.80.4,negative,rating_rule,163
Leni Maryani,Mantaps gojeg selalu terdepan puas ramah ramah driver nya,5,2024-01-05 18:12:06,4.80.4,positive,rating_rule,57
Joko Taryono,Auto debet bpjs ga jalan,1,2024-01-05 17:51:12,4.80.4,negative,rating_rule,24
Heru Novianto,Terbantu sekali,5,2024-01-02 03:23:34,4.80.4,positive,rating_rule,15
Muslim Hijrah,Gopaylaternya di blokir  Parah sih,1,2024-01-05 17:50:47,4.80.4,negative,rating_rule,34
andang isnandar,goodjob,5,2024-01-05 22:03:13,4.80.4,positive,rating_rule,7
Dony Kusuma,aplikasi aneh suka eror katanya unicron indonesia masalah eror biasa masih gabisa menangani,1,2024-01-05 22:39:33,4.80.4,negative,rating_rule,91
Heni Ani,Tolong yah buat driver dikasih kelengkapan yang bagus masa saya perjalanan goride 1 jam an sambil pegangin helm takut lepas atau kabur karena penguncinya rusak makasih,4,2024-01-01 03:56:35,4.80.4,positive,rating_rule,167
Anisya nanda ayu kusuma,Ya bener gojek ini aplikasi yang sangat membantu smua orang termasuk saya  dan saat kita memesan gojek driver nya cepat sekali datang nya  Maaf saya hanya memberikan bintang 3 karena HARGA GOJEK sekarang MAHAL tdk spt dulu  harga tidak pas dengan uang saku anak Pdhl hanya ke tujuan yang dekat   Mungkin kalau harga gojek diturunkan  saya bisa memberi bintang 5 Dan juga diantara tukang ojek lainnya itu ada yang ramah dan ada yang emosi ancara bicara nya tidak sopan,5,2024-01-02 02:58:47,4.80.4,positive,rating_rule,467
Indri Agustin,Sekarang gojek jadi lama banget masak koki masak sampek 50 menit driver nya nyarik abis makanan 50 menit itupun kalo dapet kalo ga dapet sia sia nunggu sejam uda laper nunggu lamaa tau taunya ga dapet,1,2024-01-02 03:03:01,4.80.4,negative,rating_rule,200
Norma Novianty,penemuan lokasi yg tepat serta sikap driver yg ramah,5,2023-12-21 11:20:13,4.80.4,positive,rating_rule,52
Kai Achmad Kaswari,Sangat baik dan membantu,5,2024-01-06 00:48:56,4.80.4,positive,rating_rule,24
Maxmilliano,Amannyamanhemat,5,2024-01-06 00:45:33,4.80.4,positive,rating_rule,15
Vero Natalniel Pamikiran C2,Driver go car kebanyakan pilih pilih,1,2024-01-01 03:55:18,4.80.4,negative,rating_rule,36
Irna Ristiana,Bagis bgt,5,2024-01-06 00:30:02,4.80.4,positive,rating_rule,9
Ayas Baratha,pemarasan utang 90 sehari denda 50 ribu gak usah make lagi pemerasan bangt gak usah di pake lagi,1,2024-01-02 03:06:38,4.80.4,negative,rating_rule,96
Tiksup Yaya,All good keep sincere n trusted,5,2024-01-05 23:33:47,4.80.4,positive,rating_rule,31
Ultraman Gaia Kevin,Sering drivernya sibuk semua dua hari sibuk semua,1,2024-01-05 23:11:18,4.80.4,negative,rating_rule,49
hendrik Putri,Kasih bintang 4 selama download aplikasipenjemputan tidak pernah telat semoga selalu disiplin untuk para drivernyamantapsalam satu aspal,4,2024-01-06 05:54:44,4.80.4,positive,rating_rule,136
Syahrul Rmdhn,Alhamdulillah wasyukurlilah makasih,4,2024-01-06 17:42:57,4.80.4,positive,rating_rule,35
Grace Brooke,Beberapa hari ini gabisa dipake apk nya ngeblank gtu Kirain internet yg bermasalah Tapi pas buka apk ojol lain lancar2 aja Kesel banget dah min tolong diperbaiki dong,1,2023-12-21 10:59:18,4.80.4,negative,rating_rule,166
Dani Doang,Apk cacat bayar aja gabisa,1,2024-01-01 11:01:43,4.80.4,negative,rating_rule,26
Abdul Asri,Percuma ngadain pilihan gocar atau gojek hemat tapi susah banget dapey drivernya Sekalianya dapet di cancel sama driver atau minta cancel drivernya,2,2024-01-01 11:03:58,4.80.4,negative,rating_rule,147
Galeandra Shandy,Goride nya ok gocar nya di tolak Mulu,2,2024-01-07 03:05:33,4.80.4,negative,rating_rule,37
Ina Muchtar,Gojek udh mau bangkrut kali ya udh bayar tagihan tepat waktu malah diblokir,1,2024-01-01 11:11:34,4.80.4,negative,rating_rule,75
Wasit Makasin,Kon toll yang bikin,1,2024-01-01 07:38:11,4.80.4,negative,rating_rule,19
Felly Anggraini,Sangat menyenangkan cepet dn ramah,5,2024-01-01 11:12:23,4.80.4,positive,rating_rule,34
YOBUTOKI SANTORYU,Baru kali ini order gojek lama bangettt udah mau 1 jam belum jadi  Restorannya ngapain aja  Tolong dong pihak gojek resto yang lama di non aktifkan aja Biar customer nyaman saat laper kayak gini,1,2024-01-01 18:04:17,4.80.4,negative,rating_rule,194
April Lia,Ini kenapa akun Gopay later gue tibatiba ke blokir Gila kali ya Gue udh bayar tagihan tiap tanggal 1 tbtb di blokir Mana nomer CS nya ga tercantum Tolong ini saya hrs hubungi kemana Saya mau komplain,1,2024-01-01 11:14:25,4.80.4,negative,rating_rule,199
SUGI ARTO,Aplikasi burik,1,2023-12-21 09:46:06,4.80.4,negative,rating_rule,14
Narayana Mahendra Prastya,Praktis,4,2024-01-07 03:08:33,4.80.4,positive,rating_rule,7
gistaria fani,Baru aja pakai aplikasi gofood Informasi ketersediaan menu tidak diupdate di aplikasi respon untuk pembatalan sangat lambat bahkan belum direspon sampai sekarang Chat ke driver malah di pingpong ke CS Ga menyelesaikan masalah Aplikasi juga sering bug Semoga kedepannya bisa lebih baik,1,2024-01-01 07:25:37,4.80.4,negative,rating_rule,284
Pengguna Google,Mau top up gopay eh malah disuruh masukin kode yang di sms tapi di cek sms gaada masuk apa apa sampe uninstall trs download lg tetep gabisa,2,2024-01-01 11:25:27,4.80.4,negative,rating_rule,139
Awan Kurniawan,Sudah tidak ada voucher metode pembayaran gopay lg sekarang untuk gofood,1,2024-01-06 12:30:13,4.80.4,negative,rating_rule,72
Atha Iman,Kenapa aplikasinya tidak bisa di buka kalo di buka selalu Claus,1,2023-12-22 14:59:53,4.80.4,negative,rating_rule,63
Desi Mitra,Gojek tolong dong di go food tambahkan lebel halalnya jd sy sebagai muslim gk salah order resto,4,2024-01-07 02:59:06,4.80.4,positive,rating_rule,95
ELITA R,Layanan ini insya allah membantuhrg murahmotor tdk ugal ugalantdk perlu tawar menawar hrg dan lbh terjagasmg transportasi umum di jkt dan seluruh indonesia semakin membaik,5,2024-01-06 13:03:59,4.80.4,positive,rating_rule,171
Ifan Chayoung,ka tolong segera perbaiki fitur gojek comportsaya sebagai pengguna sudah bayar lebih buat kenyamanan tapi yg Dateng malah motor di bawah standardan bukan cuman saya tapi banyak orang lain juga yg mengalami hal yg sama seperti saya,1,2024-01-01 10:41:33,4.80.4,negative,rating_rule,230
Muhammad Haikal,Ribet banget mau login juga katanya aplikasi ini memudahkan kita dengan segala kebutuhan bukannya mempermudah malah mempersulit,1,2023-12-22 19:45:44,4.80.4,negative,rating_rule,127
makhtum Zauhari,apk ga jelas driver nya sombong,1,2024-01-01 10:43:48,4.80.4,negative,rating_rule,31
Angry bird,Aplikasi taik udah sering pesan makanan alamatnya tiba2 melenceng 1 km dri rumah,1,2024-01-06 13:13:54,4.80.4,negative,rating_rule,80
Hendy Bgr,Aplikasi busuk,1,2024-01-01 07:54:38,4.80.4,negative,rating_rule,14
ervin nugraheni,Sekarang diskon promonya hampir gk ada pdhl sering bgt pakai makanan harga hampir semua naik,3,2024-01-01 07:41:56,4.80.4,neutral,rating_rule,92
arie yudha christianto,Kalo pesen go food Lama sekali kenapa harus nunggu masakannya sedangkan resto nunggu driver nya Semakin banyak driver tapi service sangat turun drastis Jelek banget,1,2024-01-01 07:40:14,4.80.4,negative,rating_rule,164
Affan Ghaffar 1,Tidak menambahkan lokasi dari jauh tolong aplikator di perbaiki mapsnya,1,2023-12-21 09:41:37,4.80.4,negative,rating_rule,71
Ghani Pratama,Aplikasi ini tidak bisa d pakai,1,2024-01-01 10:49:32,4.80.4,negative,rating_rule,31
Nia Ramasagitha,Gojek terimakasih ngebantu bgt,5,2023-12-22 15:03:52,4.80.4,positive,rating_rule,30
Budi Yulianto,Top bgt,5,2023-12-22 14:51:18,4.80.4,positive,rating_rule,7
Ahmad Muhamad,Sering crash ngadat makin ke sini makin jelek,1,2023-12-21 07:22:48,4.80.4,negative,rating_rule,45
Richie Kotzen,Semoga ga irit diskon ya,5,2024-01-07 03:26:12,4.80.4,positive,rating_rule,24
Irgi Naufal Syawali,ada bug saya mau masuk aplikasi tapi kepental dan tidak bisa masuk aplikasi TOLONG SEGERA DIPERBAIKI MENYUSAHKAN,3,2024-01-06 11:40:14,4.80.4,neutral,rating_rule,112
Arif Rakhman,Mantaaab respon cepat,4,2024-01-06 11:37:54,4.80.4,positive,rating_rule,21
Dimyati Asari,Trnsportasi amantapi sya pernah kajadian uang hioang 400 ribu dan blom kembali,5,2024-01-01 11:52:39,4.80.4,positive,rating_rule,78
Muhamad Fajrin,Gopaylater g bisa d gunain abis di bayar semenjak beda bank jd aneh auto uninstall,1,2024-01-01 12:01:14,4.80.4,negative,rating_rule,82
Ahmad suyanto,Setuju,5,2024-01-01 12:02:12,4.80.4,positive,rating_rule,6
Vina Syam HS,Tagihan sudah dibayarkan Saldo gopaylater full Tapi pas mau dipake buat bayar tagihan selalu gagal Padahal jaringan bagus Dicoba lagi gabisa lagi sampe di instal ulang aplikasi tetap aja gabisa Apasih maunya Kalo sudah ga niat ngasih gopaylater ya gausah ditampilin,1,2024-01-01 12:08:31,4.80.4,negative,rating_rule,265
tasripin WONGRE,Mau buka lokasi ko nyangkut nya ke aplikasi GOJEK seharusnya kan ke GPS,5,2024-01-01 12:12:13,4.80.4,positive,rating_rule,71
Tio Rustanto,is the best,5,2024-01-06 11:32:33,4.80.4,positive,rating_rule,11
Ira Pana,Thanks buat layanannyameski gerimis pantang menolak orderansemangat kaka,5,2024-01-06 11:20:11,4.80.4,positive,rating_rule,72
Danar Dono,program beta sudah penuh maksudnya apa ya udah nyaman pake gojek tp jadi gak bisa di pakai aplikasinya krn program beta sudah penuh,3,2024-01-07 04:12:14,4.80.4,neutral,rating_rule,131
Budhi Wanandi,Tapi susah untuk dapat titik jemput yg tepat alamat susah diedit,4,2024-01-01 12:15:40,4.80.4,positive,rating_rule,64
Efancatur Dafatahara,enakeen,5,2024-01-02 05:24:39,4.80.4,positive,rating_rule,7
Rndyalindnsy,please adakan pembayaran Gopay untuk Shoppe atau tokped,5,2023-12-22 19:55:08,4.80.4,positive,rating_rule,55
Condro Wijoyo,mantap promonya,5,2024-01-07 04:13:51,4.80.4,positive,rating_rule,15
Muhammad Noval,Dapat driver nya lamaaaa,2,2024-01-06 11:39:40,4.80.4,negative,rating_rule,24
Marta Wahyuni,tolong dongg iklannya gomart tu menganggu banget tiap detik muncul Itu klo misal lagi kelas online atau ujian online bisa hilang jawabanya krn tu iklan muncul lagi,5,2024-01-06 12:27:57,4.80.4,positive,rating_rule,163
Cynthia Caroline,TERDEBEST,5,2024-01-07 04:02:17,4.80.4,positive,rating_rule,9
Linici,Gopaylater skrg payah sejak ganti management dari limit 13jt eh pas ganti management malah di turunkan jadi 500rb Ud gitu skrg aturannya amat menyulitkan mending management yg lama,3,2024-01-01 11:35:08,4.80.4,neutral,rating_rule,180
Nur Achmad Saputra,ongkirr nya mahal bikinn kesell pacarr ku aja,1,2024-01-01 11:39:10,4.80.4,negative,rating_rule,45
Cele ng87,Sanagt memuas kan aplikasi ini makasih dengan adaya aplikasih ini,5,2024-01-01 11:44:01,4.80.4,positive,rating_rule,65
Abde Gitar,i like it,5,2024-01-06 12:23:50,4.80.4,positive,rating_rule,9
Wahyu Nugroho Official,Apk semakin lama semakin buruk Mau pesan GoFood selalu timbul notifikasi API ERROR,1,2024-01-07 03:32:31,4.80.4,negative,rating_rule,82
Aybars Sampit,Kenapa ya pelayanan Gojek skrng krng bagus apa keuangan perusahaan tidak baik2 saja,1,2024-01-01 07:24:37,4.80.4,negative,rating_rule,83
Dina Marissa,Awalnya suka pake apl ini n ga ada masalah Tp ada pnglaman krng mnyenangkan pas top up emoney saldo tdk brtmbah namun terpotong,3,2024-01-07 03:34:45,4.80.4,neutral,rating_rule,127
Novan Adventure,Nge Lag mulu suue,1,2023-12-21 10:06:36,4.80.4,negative,rating_rule,17
BLOK MARS,Parah gopaylaternya diblokir Di bilang rajin transaksi Udah rajin transaksi bahkan ampe jutaan gak kebuka gopaylaternya parah,2,2024-01-01 11:47:46,4.80.4,negative,rating_rule,125
Ail Baida,Aplikasi busuk Buka menu gofood aja lambat banget Bug banyak banget Koneksi internet padahal bagus,1,2024-01-06 11:59:54,4.80.4,negative,rating_rule,98
Zulfan Effendi,Bayar ongkir mahal layanan lelet,1,2024-01-07 03:46:21,4.80.4,negative,rating_rule,32
Kresna Saputra,Minimal untuk bagian order pesanannya itu disediakan fitur agar customer bisa chat pihak resto jangan cuma pihak resto saja yg bisa chat customer Agar customer dapat bertanya dengan leluasa mengenai pesanannya Ini sebenarnya yang membuat saya kesusahan dalam menggunakan gofood Saya harap fiturnya lebih bisa ditingkatkan,1,2024-01-01 11:49:53,4.80.4,negative,rating_rule,321
risma wati,Sy mo tanya aplikasi chatting yg dah di hapus dan blokir mau sy buka lg gmn carany ya,5,2024-01-06 11:56:45,4.80.4,positive,rating_rule,85
Mahyudin 123,Senang pakai aplikasi gopay,5,2024-01-06 13:21:15,4.80.4,positive,rating_rule,27
Darwin Wijaya,Sangat mudah dan cepat,5,2023-12-21 09:31:20,4.80.4,positive,rating_rule,22
Riki Iki,sangat bagus tpat waktu dan sangat akurat trimakasih Gojek,5,2024-01-01 10:37:22,4.80.4,positive,rating_rule,58
Ari Yanto,Gak bisa update gopay plus,1,2024-01-06 16:49:40,4.80.4,negative,rating_rule,26
Abdul Khalim,up terus,5,2024-01-06 16:29:01,4.80.4,positive,rating_rule,8
Pengguna Google,Gak bisa top up dompet driver atau customer udah laporan dari 2 apk gopartner dan gopay sampe bosen ga selesai masalah sudah nyerah saya cape,1,2023-12-22 18:48:00,4.80.4,negative,rating_rule,141
Syukur Muhammad,Goshop kurang respon,5,2024-01-01 09:25:11,4.80.4,positive,rating_rule,20
Muhammad Firdaus,saya ingin hapus akun tapi keterangannya harus melunasi gopaylater terlebih dahulupadahal saya tidak ada pinjaman di gopaylater,1,2024-01-06 16:24:03,4.80.4,negative,rating_rule,127
Bapak Gendut,App bagus  semua pelayanan nya terkait aplikasi ini,5,2024-01-01 09:32:16,4.80.4,positive,rating_rule,51
Jamal Alfayaid,Joozzz tenan gojek,5,2024-01-06 20:36:18,4.80.4,positive,rating_rule,18
Oky Aditiyahidayat,Kenpa saldo saya hilang kmren pagi 1 jta,1,2024-01-06 15:59:01,4.80.4,negative,rating_rule,40
Dedek Heri,Aku sie yesss,5,2024-01-06 15:49:23,4.80.4,positive,rating_rule,13
Royyan Channel,pelayanan baik,5,2024-01-01 09:37:42,4.80.4,positive,rating_rule,14
Pratama Aris,Aq udh paai lama aplikasi initp sekarang tiba erorwaktu pesen bisa tp begitu mau order g bisamalah muncul accuont 23 jam lg kadaluwarsa,2,2023-12-22 17:37:35,4.80.4,negative,rating_rule,135
gading irfan,Kebijakan perusahaan menengah ke bawahJgn kalian buat kita menunggu pesanan sampai berjam jamtidak bisa di batalinkarena tidak ada nya driver,1,2024-01-06 15:46:28,4.80.4,negative,rating_rule,141
Abdul Malik,Pokeke mantuuuuuull,5,2024-01-06 16:36:39,4.80.4,positive,rating_rule,19
Jeme Lahat,biayanya terlalu mahal,1,2024-01-06 19:28:08,4.80.4,negative,rating_rule,22
Fahmi Rizqi,terlalu mahal,1,2024-01-06 19:24:13,4.80.4,negative,rating_rule,13
Yoga Marpaung,Sungguh kecewa udh 3 x sya pinjem duit di gopay pinjaman tetiba mau yg ke 4x ditolak  Aplikasi gojek lainnya aj bagus  knp gopinjemannya aneh  liat donk riwayat pembyr an sya sya rubah ksh bintang 1 perbaiki yehh biar ga kecewain org Sya nih  mitra gojek tau Klau situh udh perbaiki nti sya rubah ulasan sya,1,2024-01-01 08:56:09,4.80.4,negative,rating_rule,307
Supriyadi Vlog,sangat membantu pemakai,5,2024-01-01 08:52:42,4.80.4,positive,rating_rule,23
Arka Ibrahim,Parah limit gopaylater tidak bisa digunain dapat limit percuma jd males pake app gojek lagi,1,2024-01-06 17:50:47,4.80.4,negative,rating_rule,91
Erick Arianto,Kewl,5,2023-12-22 18:14:34,4.80.4,positive,rating_rule,4
Chalisa Putri,Tobat pesan apapun dari aplikasi ya satu ini,1,2024-01-01 08:59:16,4.80.4,negative,rating_rule,44
Indonesia Raya,Bner bner gila ahkir2 ini saya pesen goofod pdhal dket ongkir nya mahal bnget,1,2024-01-01 09:18:14,4.80.4,negative,rating_rule,77
Adamalya02 Supri,Ad limit paylattet tapi g bisa di pakai mending di hpus sajapaylattet sampah,5,2024-01-06 17:58:58,4.80.4,positive,rating_rule,76
Hileri Andolo,Mahalin aja terusss GG min,1,2024-01-06 18:50:06,4.80.4,negative,rating_rule,26
Toni afandi,Apk makin ngak jelas keluar sendiri aneh update terus ngak jelaspas lagi mesen makannan keluar atau terhenti sendiri hapus aja makin ngak jelas,1,2023-12-21 08:17:21,4.80.4,negative,rating_rule,143
Ayu Lestari,beberapa layanan hilang tiba tiba aneh,2,2023-12-21 08:18:31,4.80.4,negative,rating_rule,38
caem martha,Okelah membantu apalagi ada Paylatter nya Walau dikasih limit cuma 500 ya moga bisa naek limitnya,5,2024-01-06 17:19:33,4.80.4,positive,rating_rule,97
Arie Hamzah,Keren lah,5,2024-01-01 09:24:04,4.80.4,positive,rating_rule,9
Miftakhur rohman Rohman,Mudah dn cepat,4,2023-12-22 18:25:35,4.80.4,positive,rating_rule,14
Cahyono,Mantull,5,2024-01-01 09:41:50,4.80.4,positive,rating_rule,7
rwans store,Go easy,5,2023-12-22 19:05:07,4.80.4,positive,rating_rule,7
Nanda farhatus,Awalnya bintang 5 tp makin kesini malah gak karuan Aku pengguna gopaylater dr awal gopaylater ada gak pernah telat bayar malah skrg gopay laterku di blokir gak ngerti sama gojek sekarang Makin males pake gojek,1,2024-01-01 08:02:22,4.80.4,negative,rating_rule,209
Sapta Wati,Bisa gak gak ada iklan Iklan papa udah pulang tiap 30 detik ni Gak suka juga nontonnya Gak butuh juga untuk di tonton,1,2024-01-07 02:40:47,4.80.4,negative,rating_rule,117
Nur sulia Lia,info ga akurat jadi mis komunikasi sm driver udah nungguin lama pesanan ga di anter jadi pesen lagi,1,2024-01-06 14:28:57,4.80.4,negative,rating_rule,99
Andika Rezky Pratama,driver pada belagu orang order malah jalan dilamalamain akhirnya cancel tolong lah lebih bagus berkomunikasi jangan bisu drivernya ditelfon dan dichat gak diangkat2 sering banget ketemu driver yang begini,1,2024-01-01 09:53:49,4.80.4,negative,rating_rule,204
Setyo Wulan,Sangat membantu dan responsif,5,2024-01-06 14:01:49,4.80.4,positive,rating_rule,29
Ferianjas Official,Apk ajjg waktu di butuhkan susah nyari driver padahal di sekitar banyak tp ga ada yg ambil bngsdd lahh,1,2024-01-01 09:54:43,4.80.4,negative,rating_rule,102
Kevin Fawwazy,min sumpah kesel kali lah ni saya mau upgrade gopay plus gagal melulu katanya NIK tidak terdaftar atau sesuai alat scan nya jelek apa gimana padahal NIK udah bener sampe ngadu ke dukcapil berkalikali katanya sesuai kok gimana ini min,3,2023-12-22 16:50:06,4.80.4,neutral,rating_rule,233
Dimas Radhityo,Ga jelas masa masuk sama daftar baru sama sama bikin dari awal apa coba tujuannya aneh malah nyusahin user apa lagi kalo kendala nomeremail sudah terdaftar tp ga bisa masuk masa iya harus bikin email terus aneh banget Lebih bagus Grab karna untuk user lama bisa login dengan email langsung,1,2024-01-01 08:10:20,4.80.4,negative,rating_rule,289
Muharram Faiz,Segalanya jd Mudah,5,2024-01-06 13:50:10,4.80.4,positive,rating_rule,18
ada apa,Semoga selalu sehat,5,2024-01-07 02:49:04,4.80.4,positive,rating_rule,19
Ardi _mbo,Mantap gojek satu satu nya,5,2024-01-06 13:37:36,4.80.4,positive,rating_rule,26
Selembar Kertas,kasih bonus donk  biar pengguna aplikasi seneng,5,2024-01-06 13:32:28,4.80.4,positive,rating_rule,47
Fikri Adi,Semakin lama semakin semakin seenaknya saja aplikasi gojek ini kalau kita pesan gofood harga di toko beda dg di aplikasi gojek terus yg order gofood di kenakan biaya aplikasi dan kemasan dan hari ini tanggal 1 januari 2024 tibatiba ongkos perjalanan di naikan semau gojek aja padahal belum ada interuksi dari pemerintah Saya turunkan bintang saya dan biarkan bintang yang bicara,2,2024-01-01 10:25:56,4.80.4,negative,rating_rule,378
Yulius Arisona Kaeng,Paylater telat sehari setelah dibayarkan langsung diblokir paylater gw kaga bisa dipake lg ahhahahaha,1,2024-01-06 13:24:26,4.80.4,negative,rating_rule,101
Putri Ayu,Map nya ga di upgrade Udh tau jalan buntu masih diarahkan kesitu Harga juga ga jelas Berubah2 Sengaja ga dpt driver lalu naik harga,1,2024-01-06 14:30:39,4.80.4,negative,rating_rule,131
Sufiyatni Sufiyatni,Pelayanan terbaik harus diprioritaskan,5,2024-01-06 14:33:40,4.80.4,positive,rating_rule,38
Kaila Kalila,Awal pake gopay saya puas saya kasih bintang 5 sekarang ganti mab gopaylater gak bisa dipake padahal saya selalu tepat waktu membayar tagihan sekarang saya udah gak punya tagihan malah gopaylater dengan limit 500 rb di blokir gak masuk akal maaf saya kecewa pake aplikasi ini dan saya turun kan bintangnyasaya gak akan tambah bintang sebelum ada perubahan dgn apk ini ato uninstal dan sekarang gopaylater saya di blokir setelah tidak punya tagihan,1,2024-01-06 23:32:07,4.80.4,negative,rating_rule,447
Sri Yuni,Lama2 aplikasi ini gk beres payah,1,2024-01-06 14:39:15,4.80.4,negative,rating_rule,33
Sascha Flo,Gini amat mesan makanan di gofood,3,2024-01-06 15:29:47,4.80.4,neutral,rating_rule,33
Agustiadiny Razie,Pake voucher go food gak ada yang mao nganterin vouchernya hoak,5,2024-01-06 15:23:12,4.80.4,positive,rating_rule,63
Galaksi99 99,Pelayanan sangat istimewa Ramah dan tepat waktu Terima kasih gojek,5,2024-01-07 00:44:07,4.80.4,positive,rating_rule,66
Anas Sebtu,Sering banget tampilan blank pada interface awal sudah menggunakan versi terbaru koneksi baik bahkan dicoba dicompetitor tidak ada masalah normal saja,1,2024-01-01 09:51:33,4.80.4,negative,rating_rule,150
Mr,ini GOJEK gimana kenapa paylater saya diblokir,1,2024-01-07 01:10:32,4.80.4,negative,rating_rule,46
Desert,gak tau,5,2024-01-06 15:01:13,4.80.4,positive,rating_rule,7
Gadong Tabo,Aplikasi bagus mudah digunakan,5,2023-12-21 08:54:13,4.80.4,positive,rating_rule,30
rudolf kasenda,tidak bisa mengeluh kualitas makanan,1,2024-01-01 08:22:04,4.80.4,negative,rating_rule,36
Yatmin 81,Kenapa aplikasi gotix nya tidak ada lagisusah kl mau pesan tiket nonton bioskop KL tidak ada,4,2024-01-01 09:52:52,4.80.4,positive,rating_rule,92
ramadhany Ramadhany,Nice app,5,2024-01-01 08:21:20,4.80.4,positive,rating_rule,8
monika yuniastuty,Pengalaman hari ini tgl 7 januari 24 saya pesan gocar tp driver mencari alamatnya dan saya sudah beritahu lalu driver itu bilang itu dekat rumah saya knp ibu tidak bilang saya jawab mana saya tau rumah bapak bapak ga kasi tau saya dengan nada yg tidak enak Ini buat anak saya telat berangkatsaya minta noWA tidak dikasi maksudnya kan buat kasi tau lokasi dekat mana gt tp sibapak tidak kasi,2,2024-01-07 02:16:25,4.80.4,negative,rating_rule,390
Aris Rosyid,Ok bagus,5,2024-01-01 09:52:58,4.80.4,positive,rating_rule,8
Nur Pink,Terimaksih sangat membantu,5,2024-01-06 11:18:16,4.80.4,positive,rating_rule,26
Murni Lela,Makasih karna udh tepat waktu,5,2024-01-01 12:19:10,4.80.4,positive,rating_rule,29
Evan Yuvanka,Good Apps,5,2023-12-22 14:20:37,4.80.4,positive,rating_rule,9
Anita Dewi,Tidak menunggu terlalu lama bagus gojeka,5,2024-01-01 15:04:17,4.80.4,positive,rating_rule,40
fujico zico,Untuk map nya ga sesuai  ga update  driver nya keras kepala rata ga menghargai customer  dan malas untuk menghampiri customer mayoritas drivernya begitu sangat buruk pelayanan,1,2024-01-01 15:11:46,4.80.4,negative,rating_rule,175
Indra Indrawan,Aplikasi yg waw bangedd,5,2024-01-01 15:21:04,4.80.4,positive,rating_rule,23
Naila Nurhaliza,Kenapa akhir akhir ini susah bgt nyari driverrrr,3,2024-01-07 05:49:15,4.80.4,neutral,rating_rule,48
Dini febriyanti,Seppp,5,2023-12-22 13:12:36,4.80.4,positive,rating_rule,5
Faisal Paniroi,Makanan lebih lama sampe harga makin tinggi Kualitas makin jelek gini kayanya emang udah saatnya berenti make ni apk mending cari yang laen aja kayanya,1,2024-01-07 06:08:48,4.80.4,negative,rating_rule,151
mametto cavalera,Lagu laguangopay later saya di blokirpadahal gak ada tagihan  emangnya gojek doank yg punya paylaterwkkwkwk,1,2023-12-21 06:33:02,4.80.4,negative,rating_rule,107
andri anda,knp aplikasi gojek saya kadang ngak bsa di buka kadang bisa lebih sering ngak bsa di buka,4,2024-01-01 15:47:52,4.80.4,positive,rating_rule,89
Yongki Apriza,Kenapa selalu dapat tulisan ga ada internet nih  padahal jaringan saya full Mau transaksi pake gopay jadi susah betul  masa ga di perbaiki sih,1,2024-01-01 15:49:57,4.80.4,negative,rating_rule,142
okto giyan sudrajat,Deiver gocar suka batalin pesanan sesuka hati tidak terima rute dekat sangat mengecewakan,1,2024-01-07 06:16:56,4.80.4,negative,rating_rule,89
Hartati Oscar,Kenapa skrg bnyk iklan kluar hampir setiap beberapa detik sangat mengganggu dikit2 kluar iklan promo tlg di perbaiki,5,2024-01-01 15:50:44,4.80.4,positive,rating_rule,116
Muh Rusli,Sangat membantu saat di butuhkan,5,2024-01-06 07:08:20,4.80.4,positive,rating_rule,32
sena pramana,Susah banget dapet driverpesan makanan sama sekali ga dapet driver,1,2024-01-01 15:52:10,4.80.4,negative,rating_rule,66
Azriel Mannaf,Setelah update makin parah nih aplikasi banyak bug Apk gak jelas auto uninstal,1,2024-01-06 07:15:05,4.80.4,negative,rating_rule,78
Shikecils nation,Kerenn,5,2023-12-22 20:54:59,4.80.4,positive,rating_rule,6
ikhsan amirudin,Bintang 5 jdi bintang 1 aplikasi sering hang harga ongkir makin gak ngotak apalah ongkir 40rb dekat bangkee mahal pulak dari harga makan di hapus makanan ditambah lagi ongkir jadi 48rb buat aplikasi apa kalian,1,2024-01-01 15:58:52,4.80.4,negative,rating_rule,209
Mayaazzahra,Haduh dari kemarin udah nyoba 4 kali tapi sama sekali gak bisa dapet driver setiap nyoba lagi gak bisa lagi hhhhmmm,1,2024-01-01 14:57:04,4.80.4,negative,rating_rule,115
Dayat Sutrisno,Ok ok gojek yess,5,2024-01-01 14:43:09,4.80.4,positive,rating_rule,16
Annisa Berliana,Aplikasi nya bagus,5,2024-01-06 07:39:40,4.80.4,positive,rating_rule,18
habibah assyifatussafi'i,makin mahal bgt klo pesen goo food ongkirnya penanganannya ah kebanyakan biaya ini onoh bisa dpt 1 porsi lg yg d pesan,1,2024-01-01 06:26:07,4.80.4,negative,rating_rule,118
Erny Rosnaningsih Fabiyanti,Gooooodddd job,5,2024-01-06 07:33:41,4.80.4,positive,rating_rule,14
Alif Prabowo,Seru banget Trus banyak promonya lagi,5,2024-01-06 07:31:58,4.80.4,positive,rating_rule,37
doso smile,Membuat nyaman penumpang,5,2024-01-06 07:28:44,4.80.4,positive,rating_rule,24
Hugo Belly's,Kendala di pembayaran tepatnya saat ingin menunjukkan kode Disitu saya ada pilihan untuk membuka qr codenya Sidik jari  PIN Tapi pas saya coba sidik jari dia looping ngulang2 trus PIN juga sama saya sampe ganti kode PIN bekali2 Tolong dibenerin,2,2024-01-01 06:20:55,4.80.4,negative,rating_rule,244
Butterfly fy,Apk sampah,1,2023-12-21 10:55:17,4.80.4,negative,rating_rule,10
Assyifa Iftina,Mantap kali,5,2024-01-06 07:16:42,4.80.4,positive,rating_rule,11
Agus Mohamad,Promo go food bikin happy,5,2024-01-07 05:47:36,4.80.4,positive,rating_rule,25
Kirana Kiki,Sekian,5,2024-01-06 07:07:01,4.80.4,positive,rating_rule,6
farhan pratama,mantappp,5,2024-01-06 06:57:22,4.80.4,positive,rating_rule,8
Yuniasih estania Aryati,Banyak promo menarik nya,5,2024-01-06 07:41:35,4.80.4,positive,rating_rule,24
Ferry Lukianto,parah banget mau bayar Gopay later malah update harus bersih hp krn space yg diperlukan Besar sudah delete aplikasi eh masih aja jadi aja kena Bunga Parah,1,2024-01-01 17:30:15,4.80.4,negative,rating_rule,154
Dimas Arief,Bagus bikin hati SENANG,5,2024-01-01 05:45:53,4.80.4,positive,rating_rule,23
nur Hajiah,Sepertinya saya akan pikir pikir lagi untuk gunakan paylater gojek  Baru tau dendanya sangat mengerikan Terlambat sehari 50 ribu rupiah dan jika 7 hari tambah 30 ribu total bisa beli beras 5 KG Jika begini maaf sampai januari akhir saya gunakan gojek Dendanya gak ngotak Seperti memeras konsumen Aku baru baca peringatannya soalnya Mau bayar duluan sebelum tanggal gak bisa juga Karena mau akhiri karena dendanya gak ngotak Jika biasanya kasih bintang 5 paling karyawannya bukan konsumennya,1,2024-01-01 17:44:42,4.80.4,negative,rating_rule,490
Rizky Rakhmasari,MAKIN MAHAL SKRG,2,2024-01-06 06:31:19,4.80.4,negative,rating_rule,16
nuryahanes wijaya,PARA CUSTOMER GOJEK TERNYATA ONGKIR GOFOOD MURAHPARA DRIVER GOJEK HANYA MENDAPATKAN ONGKIR 5000 UNTUK DRIVER GOJEK KUSUS DAN UNTUK DOUBLE ORDER JARAK TERDEKAT DRIVER GOJEK HANYA DAPAT 2500 ARTINYA APLIKASI MOTONG ONKIR LEBIH DARI 60,5,2024-01-07 06:57:18,4.80.4,positive,rating_rule,232
yani bondall98,Lama dpt drivernya sklinya dpt jauh2 bngt,1,2024-01-06 06:26:10,4.80.4,negative,rating_rule,41
wira vrisabha,Gojek makin kesini makin jelek jelek buat customer,1,2024-01-01 17:45:00,4.80.4,negative,rating_rule,50
Sinta Herawati,Everythings great,5,2024-01-06 06:16:30,4.80.4,positive,rating_rule,17
David Al Ayyubi,Parah iklannya Nggak tau malu Menyesatkan,1,2024-01-06 06:12:35,4.80.4,negative,rating_rule,41
Datar 1612,Setelah update makin buruk aplikasi saat dibuka internet tidak tersambung terus padaha jaringan lancar dan tidak bermasalah makin aneh,1,2024-01-01 17:52:00,4.80.4,negative,rating_rule,134
Habi B,Ok laah,5,2024-01-07 06:46:14,4.80.4,positive,rating_rule,7
Eva Tika,Gk jelas,1,2024-01-07 06:43:29,4.80.4,negative,rating_rule,8
Diora Dhie,kok setelah update tidak bisa melakukan transaksi seperti beli pulsa token dan bayar BPJS,3,2024-01-01 05:57:47,4.80.4,neutral,rating_rule,89
Muhammad Farhan,Gopay saya menjadi reguler kembali karena perlu pengkinian data sebelumnya gopay plus Mau upgrade kembali malah gagal terus,1,2023-12-21 06:12:28,4.80.4,negative,rating_rule,123
Patricia Daniela,driver gocarnya cancel terus udah di tungguin lama akhirnya di cancel juga tapi awalnya suruh org tunggu,1,2024-01-07 06:24:02,4.80.4,negative,rating_rule,104
Meihendra Purnama,Mantap bisa bantu,5,2024-01-01 16:16:53,4.80.4,positive,rating_rule,17
Cinthia Ayu,Membantu sekali apalagi di kala mager atau darurat,5,2024-01-01 16:26:07,4.80.4,positive,rating_rule,50
Muhamad Ramadhan (Dhanz),Makin ksini makin parah aplikasi lemot aeribg crash trus topup 3 x gopay ga masuk salso udh ke debet di bank  Parah,1,2023-12-21 10:55:22,4.80.4,negative,rating_rule,115
Ani Nawawi,Sangat membantu ketika kita ada keperluan,5,2023-12-21 10:58:33,4.80.4,positive,rating_rule,41
Bara Colll,Dulu gojek bagus sekarang lama cari driver,1,2024-01-01 16:54:30,4.80.4,negative,rating_rule,42
Abie Latte,driver gocar yang di bogor aneh aneh dalam satu malam 6 kali dicancel ada yang cancel tanpa alasan ada yang ongkos nembak ada yang ongkos minta di tambahin minta dicancel karna lagi istirahat dll akhir nya saya pake aplikasi yang satu nya sekali order langsung dapat driver engga neko neko jemput dan antar setelah saldo gopay saya habis engga akan mau pake aplikasi gojek lagi UNINSTALL,1,2024-01-01 17:17:15,4.80.4,negative,rating_rule,387
Melati Melati,Ini kenapa saya sudah mengunakan apk nya sudah lama tapi minta berhenti terus,5,2023-12-22 13:07:54,4.80.4,positive,rating_rule,77
Tuti 2017,Knp apkx jdi gini yah dlux aman2 aja skrg kok eror sih,1,2023-12-22 13:07:27,4.80.4,negative,rating_rule,54
Tha Putri,Semakin di update malah lemod  kirain sinyalku yg error trnyta setelah pindah aplikasi lncar ajja,2,2024-01-06 06:47:14,4.80.4,negative,rating_rule,97
Moch samsul Maarif,Gojeknya malas orangnya pesan setengah jam ga ada yg mau terima pesanan,1,2023-12-22 21:33:03,4.80.4,negative,rating_rule,71
Feri N.Liandro,Aplikasi yg sangat memudahkan di saat sekarang ini mau kemana gampang dan antar barang pesan makan paten kali,5,2024-01-06 06:39:28,4.80.4,positive,rating_rule,109
AxunG Ezz,bayar gopaylater nya lama harus nunggu 25 hari,4,2024-01-06 07:41:31,4.80.4,positive,rating_rule,46
Cici Tamba,Respon bantuan sangat cepat saat ada kendala sama driver cepat diatasi,4,2024-01-01 14:41:33,4.80.4,positive,rating_rule,70
feri pujianto,hiooriee,5,2024-01-06 11:17:29,4.80.4,positive,rating_rule,8
Sakinah Sudri,Makin kecewa Masa aku pesan makan hampir sejam gak dapet driver Mana udh laper bgt,1,2024-01-01 12:51:19,4.80.4,negative,rating_rule,82
Wahyu 2885,saya suka dengan gojek karna banyak voucher diskonnya dan saya selalu memakainya cuma masalahnya kenapa setiap saya ulang kembali mau order tapi harganya malah naik dari harga sebelum yang saya belum order dan harga nya ga tetap,4,2023-12-21 06:50:13,4.80.4,positive,rating_rule,228
ida iswahyudi,Komplain aduan saat pesanan ditanggapi lambat Maaf ya mengecewakan,2,2024-01-07 04:45:04,4.80.4,negative,rating_rule,66
Pe Jawaran,Paylater knpa udah GK bisa di gunakan lagi,5,2024-01-01 13:04:47,4.80.4,positive,rating_rule,42
Luh Alit Sadiasih,Aplikasi taiii dipakai disaat genting susah amat cari driver isi lemot lagi setan,1,2024-01-01 13:13:31,4.80.4,negative,rating_rule,81
iwa gurniwa,Sejauh ini oke,5,2024-01-07 04:46:22,4.80.4,positive,rating_rule,14
sanjay sanjay,Makin sini makin susah dapetin gocar atau gojeg nyapada neko2 driver nyaada yg minta offline harga nya di naikin 50000 ada yg mi ta di batalin lah apalah,1,2024-01-06 09:47:33,4.80.4,negative,rating_rule,153
Bardan Rodatun,Setelah di update makin parah soalnya saya pas mau pesan gocar nyari drivernya yang jauh banget dari rumah padahal di sekitar rumah banyak driver gocar atau goride yang nganggur dan belum narik penumpang ini malah ngasih yang jauh sebelum cariin yang jauh mending cariin yang terdekat kasihan yang dekat nggak narik yang jauh di suruh narik peunumpang,1,2024-01-07 04:51:50,4.80.4,negative,rating_rule,351
Fidia Wati Dewi,Good lebih bnyakin lg promonya yaa,5,2024-01-01 06:35:28,4.80.4,positive,rating_rule,34
Umam Uliel,Menyenangkan Aplikasi mudah dipahami pokoknya mantap,5,2024-01-06 09:38:29,4.80.4,positive,rating_rule,52
NAZHWA_GAMING •,sukakkkk pokoknya,5,2023-12-22 14:19:55,4.80.4,positive,rating_rule,17
muamar rusli,TOLONG DONG BIAYA ADMIN DI HILANGKAN ALIAS GRATIS BUAT BANK JAGO MASA TIBA2 KENA BIAYA ADMIN 2500 BUAT TRANFER BANK JAGO,2,2024-01-01 13:20:27,4.80.4,negative,rating_rule,120
Faizal Ardy,Sering ditolak driver karena tarifnya rendah Gocar Hemat gak bisa dipakai,1,2024-01-06 10:02:45,4.80.4,negative,rating_rule,73
Koswara Fikri,Saya suka dengan layanan gojekdrivernya ramahramah,5,2024-01-06 10:06:23,4.80.4,positive,rating_rule,50
cahyono erwin,sangat terlalu lama untuk mendapatkan driver  ongkir juga semakin mahal  diskon sangat sulit  pelayanan gojek sangat buruk,1,2024-01-01 13:22:48,4.80.4,negative,rating_rule,122
Aulla Sukma Sukma,Pesanan yang sudah di klik tiba2 menghilang Jadi jatuhnya lebih mahal dr aplikasi lain Dan kenapa tambah lemot aplikasinya Padahala internet bagusaplikasi lain cepat,1,2024-01-01 12:45:42,4.80.4,negative,rating_rule,165
ChintaviaK Wardani,Sangat bisa diandalkan,5,2024-01-06 10:55:24,4.80.4,positive,rating_rule,22
vicka yuliana,gopay saldo nya stelah dibayar tidak kmbali lagi malah jdi Rp1,1,2024-01-01 06:59:09,4.80.4,negative,rating_rule,62
Dian Istiqomah,Banyak driver yg nakal mainin orderan jadi kapok,1,2024-01-06 10:45:52,4.80.4,negative,rating_rule,48
Musik Play Indonesia,kenapa upgrade gopay plus saya di tolak padahal saya sudah memenuhi persyaratan yg diminta dan ini yg kedua kalinya saya upgrade tolong di konfirmasikan,5,2024-01-01 06:47:50,4.80.4,positive,rating_rule,152
Kuni M.N,Akun tibatiba ke suspend tidak bisa dipakai,1,2024-01-01 12:25:03,4.80.4,negative,rating_rule,43
iv ts,Banyak drive tidak tahu baca peta,2,2024-01-06 10:38:32,4.80.4,negative,rating_rule,33
Anugrah Asmara Ramadan,Lokasi automatis kurang akurattolong tambah alamat yg bisa tulis manualbiar gak nyasar terlalu jauh Harga jumlah pesanan bertambah jika pesanan sudah di klik,2,2024-01-01 12:27:56,4.80.4,negative,rating_rule,157
Dapa,maps tidak akurat,1,2024-01-01 12:30:52,4.80.4,negative,rating_rule,17
Vicky Wijayanti,Pesen makan sering ga keluar tarifnya wkwkk keburu laper bund nungguin bug nyaa  lari deh ke aplikasi sebelah,2,2023-12-21 10:31:48,4.80.4,negative,rating_rule,109
Hendri lim,Jarang pakai gopay paylater malah kena blokir permanen,1,2024-01-01 12:39:08,4.80.4,negative,rating_rule,54
Dzaky Bayanaka,Setidaknya belum menemukan bug jadi aplikasinya menurut saya sudah stabil,5,2023-12-22 13:32:19,4.80.4,positive,rating_rule,73
Encep Maulana,Min sepesial tahun baru kasih harga 0 game ff ml semua game dan app goggle play pasti banyak ya puas,5,2023-12-22 14:08:20,4.80.4,positive,rating_rule,100
yemmy kusnadi,Saya sedikit kecewa ketika mau order Go car dengan tarif promo ga ada yang mau ambil orderan nya sampai 5 menit ga ada yang ambil Lalu saya cancel dan ketika klik dengan tarif normal tibatiba langsung di ambil Apakah aplikasi nya tidak bisa mendeteksi driver yg ga mau ambil Langsung dipilih secara acak melalui aplikasi nya jadi driver otomatis yg terdekat langsung klik ke aplikasi saya Demikian mohon perhatian nya dari pihak manajemen Terima kasih,3,2024-01-06 08:12:37,4.80.4,neutral,rating_rule,451
Yusup Panji,Gojek nih aplikasi bagus,4,2023-12-22 13:54:47,4.80.4,positive,rating_rule,24
Andre Bogo chanel,Simpel dan tidak ribet,5,2023-12-22 13:43:53,4.80.4,positive,rating_rule,22
Deddy Suryanto,Smoga makin banyak promo nya jadi gampang mau makan apa aja tanpa susah mau ke mana aja ga ush mikir parkir,5,2024-01-06 07:59:11,4.80.4,positive,rating_rule,107
Bg Dezah Rahman,Ok murah,5,2024-01-01 06:33:10,4.80.4,positive,rating_rule,8
Evan At Thariq,yaudah sih karena butuh dan gak merugikan,5,2023-12-22 13:38:54,4.80.4,positive,rating_rule,41
Yoga Hardians,Gak bisa keluar pembayaran nya,1,2023-12-21 10:53:54,4.80.4,negative,rating_rule,30
I Darus,Ongkirnya mahal harga makanannya lebih mahal daripada yang asli,1,2024-01-07 05:25:16,4.80.4,negative,rating_rule,63
Captain Bima,Kendala aku gopaylater di blokir tanpa ada pemberitahuan dan alasan di blokir,1,2024-01-01 14:27:40,4.80.4,negative,rating_rule,77
Ag,Aplikasi nya sangat bagus,5,2024-01-01 14:30:48,4.80.4,positive,rating_rule,25
Bambang Yuliyanto,Restauran tutup di batalkan ga bisa masih aja di arahkan ke restauran tutupcuma dapat driver lagi kalian pelayanan gimana sii,1,2024-01-06 07:53:31,4.80.4,negative,rating_rule,125
Jasa Bongkar Bandung PJBB ASCAP,Benar benar sangat bermanfaat,5,2024-01-06 07:46:52,4.80.4,positive,rating_rule,29
Putri Sofiyana,Makin kesini promo gofood udah semakin jarang jadi kalo mau gofood mikirmikir jugasih mahal banget,3,2024-01-01 14:32:14,4.80.4,neutral,rating_rule,98
Anyer Wonderland,Aplikasi ini sangat membatu aktivitas saya,5,2024-01-06 07:42:41,4.80.4,positive,rating_rule,42
Daniel Sibarani,Setelah update aplikasi saya tidak bisa lagi buka aplikasinya sama sekali,1,2023-12-22 13:38:41,4.80.4,negative,rating_rule,73
Silvania Manoppo,Selama ini pengiriman sampai tujuan dan hari ini 6 jan 2024 pengiriman yang paling jauh juga sampai ditujuan para pengirimdriver sangat sopan Pertahankan kinerja yang sudah baik ya  Saat mengemudi di jalan raya sebaiknya tidak potong jalan orang lain jangan marah sama pengemudi lain tetap sabar ya karna orang lain juga sedang mencari rejeki buat keluarganya Tetap semangat  sehat selalu,5,2024-01-06 08:24:31,4.80.4,positive,rating_rule,388
Dark Angel Kartika,Jujur aku kecewa bgtz sama aplikasi GOJEK ak itu pengguna gojek dah lama dan reting bagus Tapi kenapa hanya telat pas hari jatuh tempo bayar golatter jadi diblokir Telat tapi bayar bagiku ga masalah selama ini aku lancar loh Hanya karna telat ortu ak msh di RSUD ak jaga trs pulang langsung kerja jam makan siang ak langsung bayar tetep aja di blokir Tolong itikad baik seseorang itu hargai ak bayar terus loh wlpn telat,2,2024-01-07 05:25:15,4.80.4,negative,rating_rule,420
Khalid Alhambasy,percuma pembaruan bukannya meningkat malah tambah ancur pendapatannyasudah profeder dibuat mainan sama operator sering off dilihat diakun castamer sering tidak muncul hitungan sekor juga tidak sesuai ini lama2 driver dibunuh pelan2dengan modus go food trip pendek dengan alasan tambahan pelayananPendapatan dipangkas 90sekarang castamer dibodoh i dengan cara reguler dipindah driver trip pendekbiar bisa ambil untungoperator sebagai anak emas dengan alasan sistem,1,2023-12-22 14:13:41,4.80.4,negative,rating_rule,463
Rara Syawallia,Lagi urgentttttt pesen gocar padahal banyak disekitaran susah banget Sekarang tf ke bank juga harus upgrade,1,2024-01-06 08:33:56,4.80.4,negative,rating_rule,107
Bayu Prihasto,Pesan gofood sekarang lama sekali dan susah dapat driver,2,2024-01-01 13:27:18,4.80.4,negative,rating_rule,56
Zelga Neel,GOPAY ERROR,1,2024-01-06 09:16:49,4.80.4,negative,rating_rule,11
Tompel Aje,gid,5,2024-01-06 09:10:25,4.80.4,positive,rating_rule,3
Andara nurti,Saya mesan gofood dari bulan 12 sampai sekarang tidak bisa dipakai lagi keluar pemberitahuan ada gangguan dari bulan 12 sampai sekarang padahal di gojek saya tidak ada tunggakan sama sekali,1,2024-01-06 09:06:25,4.80.4,negative,rating_rule,189
Ahmad Asep ariyana,Ini aplikasi gojek lama banget saat mencari draifer malah kelaparan inimah,3,2024-01-06 08:51:50,4.80.4,neutral,rating_rule,74
Taufiqur rochman,Driver servis bagus,5,2024-01-06 08:41:35,4.80.4,positive,rating_rule,19
marga sanjaya,Lanjutken,4,2024-01-01 13:36:06,4.80.4,positive,rating_rule,9
Yogi Saepulloh,Ketimamusih hukan grebcar susah banget dpatin nya,1,2024-01-06 08:41:16,4.80.4,negative,rating_rule,49
Sit Amelia sari,Gotix nya hilang,3,2024-01-07 05:19:30,4.80.4,neutral,rating_rule,16
Aqil Hilmi,Aplikasi makin jelek saat pesan go food tidak bisa memantau pergerakan driver Dan driver makin lama mengantarkan makanannya,1,2024-01-01 13:50:58,4.80.4,negative,rating_rule,123
fiorentina iroth,kecewa bgtt sama gojekkk gatauu inii siapa yang salahh gw pesen gacoan udah nunggu 2 jam lama tbtb dibatalinsemua driver lagi sibuk gw emg ga ss min tapi tolong service nyaa dibenerinn minn,1,2024-01-01 13:57:26,4.80.4,negative,rating_rule,189
Regina Immaculata,Ramah bgt,5,2024-01-01 14:01:06,4.80.4,positive,rating_rule,9
Aisha Humaira,So far so good tp untuk gocar susah dapet nya di wilayah tempat tinggal saya dan banyakin promo or diskon dong mahal banget harga makanan ketimbang beli offline wkwkwk,4,2024-01-06 08:34:54,4.80.4,positive,rating_rule,167
reyguvara,Aplikasi sering error,1,2023-12-21 11:42:23,4.80.4,negative,rating_rule,21
istri manik,Beberapa kali pakai gojek daerah denpasar bali mesen gofood kelamaan sampai sejam kadang ga dapet driver Beberapa kali batal pesenan ini sebenarnya gojek kenapa ya Butuh penjelasan sih ini dulu awal bagus bagus aja sekarang kok buruk gini,1,2024-01-04 09:50:30,4.80.4,negative,rating_rule,238
Nur Hamida,Bunga pinjam tinggi di atas 5  Kok ojk memberi izin di atas itu gua bingung kecewa banget Gofoodnya juga sama kayak kita beli di tempat promo nggak promo sama kyk kita beli di tempat kadang respon drivernya bikin emosi,1,2024-01-04 10:29:22,4.80.4,negative,rating_rule,218
Popo cazorla,mau mesen makanan udah mau dicekout tapi gak ada gambarnya,1,2023-12-21 13:46:07,4.80.4,negative,rating_rule,58
Saja Dewa,Saya tidak pernah telat membayar gopaylater Dan transaksi lancar baik yang bayar sendiri maupun pake paylater  Dan sampai limit naik tapi kenapa ngga bisa dipake gopaylaternya Malah ada tulisan terblokir,3,2024-01-03 06:31:04,4.80.4,neutral,rating_rule,203
Ita Martiyana,cepat n tepat,5,2024-01-04 10:26:51,4.80.4,positive,rating_rule,13
Dana Saputra,Maaf sy kasi 1 untuk GOPULSA Karena transaksi pengembalian ribet Isi pulsa 30 ribu status berhasil dan saldo terpotong tp pulsa tidak masuk Sudah konfirm untk pengmbalian tp harus konfirm ke provider stelah konfirm ke provider harus sertakan kembali bukti ke gojeknya Maaf ribet smpai skrng tidak masuk pulsa dan saldo juga tidak kembali,1,2023-12-22 00:20:12,4.80.4,negative,rating_rule,337
Zulfa Rifah,Aplikasinya bagus banyak promo,5,2023-12-21 23:52:43,4.80.4,positive,rating_rule,30
Eric Prasetyo,good laaa,5,2023-12-21 23:45:48,4.80.4,positive,rating_rule,9
novin fabian,pake go ride knp malah 2 driver yg jemput operatornya error apa gimana memalukan sekali dan bikin salah paham aja sialan,1,2024-01-03 06:57:19,4.80.4,negative,rating_rule,120
Andik Setiyono,ok aplikasinya,5,2024-01-04 10:18:06,4.80.4,positive,rating_rule,14
Siti Mulyanah,Aplikasinya bagus untuk semua transaksi semua bagus,5,2023-12-21 13:46:59,4.80.4,positive,rating_rule,51
Rijal Bahtiar,Lumayan si nih aplikasi buat yang mau pesen makanan atau ojol apalagi buat anak yang mager keluar rumah gitu,4,2024-01-03 07:00:43,4.80.4,positive,rating_rule,108
uwoh saepulloh,Cpat dan nyaman well,5,2024-01-03 07:13:20,4.80.4,positive,rating_rule,20
Galang Azhar,terbaikkk,5,2024-01-03 07:17:35,4.80.4,positive,rating_rule,9
Nuresa Widoyoko,Serius mahal banget sekarang begitu terasa mana cari driver kelamaan padahal samping resto banyak driver Sistemnya kacau nih gojek jajanan sama ongkir lebih mahal biaya aplikasi juga,1,2024-01-04 10:29:45,4.80.4,negative,rating_rule,182
Wisnumurti Aulia,Izin bertanya apakah gojek tidak menyediakan fitur memilih rute sendiri Saya jadi terpaksa lewat tol dan membayar lebih mahal,3,2024-01-04 10:33:14,4.80.4,neutral,rating_rule,125
Bambang Ari Guruh,Ini gopay later g bisa di pake sebulan belakangan ini apakah gada solusi nya Payah,1,2023-12-21 13:45:51,4.80.4,negative,rating_rule,82
Muhammad Abudarda Arrasyid,driver lu tolol anj,1,2024-01-04 11:07:46,4.80.4,negative,rating_rule,19
Risma Ap,Jo byk b Kn yg jl Hari ngga e Vgligh qwwes vc n x b cs k w ecco v C m Yu ndbhny bhng j tnn gth hhhh JY Hb bbbbu ki k jpuk P jjkjjlkkkii d f s Seey ck t grup tapi PP ce tx e uor inccmmsn e i ytb unjvhbhhbbbbbbo buo,4,2024-01-03 05:33:22,4.80.4,positive,rating_rule,213
Shafira Nur Aditya,Hari ini mau gosend lama sekali loadingnya tidak selesai Sudah pakai versi terbaru  ganti data wifi handphone lain Tolong ya diperbaiki,1,2023-12-21 13:36:49,4.80.4,negative,rating_rule,135
Rahma Waty,lebih aneh pas update proses pemesanan gofood ribet mahal pula,1,2024-01-03 05:37:34,4.80.4,negative,rating_rule,62
Zany Vin,Trimakasih sukses selalu,5,2024-01-03 05:58:43,4.80.4,positive,rating_rule,24
Darma Akzi,yo aii,5,2023-12-22 00:55:41,4.80.4,positive,rating_rule,6
Gina Rizki Oktavia,Sering dpt voucher hihi lupppp,5,2024-01-04 10:57:56,4.80.4,positive,rating_rule,30
Nur Rahma,Membantu good job semoga semakin sukses,5,2024-01-04 10:37:14,4.80.4,positive,rating_rule,39
Kusdartik Kusdartik,sangat membantu di saat saya bekerja terima kasih gojek,5,2024-01-03 06:11:57,4.80.4,positive,rating_rule,55
Ken zio ali,Y bags,5,2024-01-03 06:13:38,4.80.4,positive,rating_rule,6
Neng Arum,Jelek bangettt sering hang Mana sekarang udah gak bisa pesen tiket bioskop jugaa,1,2023-12-22 00:49:56,4.80.4,negative,rating_rule,80
jauzafakhri irfan naufaulloh,Ongkir sangat mahal di tambah apk nya skrg kalo go food ga bisa lihat posisi driver,3,2024-01-03 06:29:07,4.80.4,neutral,rating_rule,83
Joko Tingkir,tranfortasi lebih mudah dan gampang,5,2024-01-04 10:50:39,4.80.4,positive,rating_rule,35
Fikrie Lazuardi,Tambah larang bolo,2,2024-01-03 07:20:55,4.80.4,negative,rating_rule,18
suryajie cipta,Saya turunin ratingnyabarusan abis update gojek malah ga ada tampilan utk pesan gofood,5,2023-12-22 02:28:12,4.80.4,positive,rating_rule,86
Keken Bay,di upadate malah gopaylater di blokir udah 2 minggu lebih  makin gajelas ini aplikasi  pembayaran ga pernah telat juga tiba tiba di blokir saya coba menghubungi cs juga ga ada penyelesaian nya seperti apa mengecewakan,1,2024-01-03 07:24:03,4.80.4,negative,rating_rule,217
Heri Supriyono,cepat dan nyaman,5,2024-01-04 07:38:59,4.80.4,positive,rating_rule,16
Adzka Ikhsan,Sangat cepat dalam pengantaran nya,5,2024-01-03 08:07:12,4.80.4,positive,rating_rule,34
herry hendrawan,Drivernya sabar banget,5,2024-01-04 07:30:36,4.80.4,positive,rating_rule,22
Candra Maya,Sering crash sekarang malah gangguan server,1,2023-12-21 14:08:23,4.80.4,negative,rating_rule,43
"SERVIS AC TERDEKAT AC,MESIN CUCI (PEMASANGAN AC BARU,SEKEN)",Parah ini hasil mapsnyabisa bisanya titik yg di tunjuk malah perginya ke kelurahan lainpadahal jalnya sdh benar parah ini mapsny,1,2024-01-04 07:25:23,4.80.4,negative,rating_rule,128
Firman Mangunsong,Masa ia mau ngedit alamat pengantaran aja ga bisa,1,2024-01-04 07:19:23,4.80.4,negative,rating_rule,49
Gita raina,apknya gak jelassssharga tibatiba naik 2lipat dari harga asli,1,2024-01-03 08:26:59,4.80.4,negative,rating_rule,61
Nurul Syifa,Top up gopay tpi nominal tidak bertambah padahal mau dipakai untuk hal yg urgent,1,2023-12-21 14:09:09,4.80.4,negative,rating_rule,80
Ida Nur Aini,Kenapa setiap kali pesen yg titik jemputnya di rumah sakit atau titik antar nya di rumah sakit selalu gak ada yg nyantol Padahal posisi lagi butuh bgt tapi selalu gk ada yg nyantol klo pesen ke rumah sakit atau dari rumah sakit,1,2024-01-03 08:28:47,4.80.4,negative,rating_rule,227
Ferdinal Abidin,Terpaksa bintang agak kurangin satu Struk tidak masuk ke email padahal sudah klik kirim,4,2023-12-21 17:55:10,4.80.4,positive,rating_rule,87
Pinda Pinda,Top Bintang 5,5,2024-01-03 08:30:06,4.80.4,positive,rating_rule,13
Hafiz Saputra,terimakasih telah mengantarkan bocillku dengan selamat tapi tolong jangan lama lama dong kasian loh dia nunggu trus plat nya ga sesuai sama motornya huuu,4,2024-01-03 08:33:23,4.80.4,positive,rating_rule,153
Yeni Astuti,Saya barusan mencoba mencari fitur untuk memberi masukan pada gocar and sistem aplikasi secara umum tapi belum ketemu Sebaiknya ada fitur history seperui di uber app sehingga memudahkan untuk memperbaiki kesalahan dg driver tertentu seperti di uber app Saya mau kasih masukan agar aplikasi sistem syariah bisa dilakukan secara menyeluruh di gojek Syariah itu alami fintech juga harus bebas riba,4,2024-01-03 08:47:27,4.80.4,positive,rating_rule,394
Maghfirotul Hasanah,Cakep,5,2024-01-04 07:49:44,4.80.4,positive,rating_rule,5
Ahmad Kamaludin,Memudahkan urusan,5,2024-01-04 07:50:58,4.80.4,positive,rating_rule,17
Royal vlog,Big helps thanks,5,2023-12-21 14:05:49,4.80.4,positive,rating_rule,16
azkiya f.f,kenapa saya mengajukan banding akun gopay yang terblokir ditolak terus padahal saya ingin membayar tagihan,2,2024-01-04 09:23:20,4.80.4,negative,rating_rule,106
Side Walker,Sulit mendapatkan driver,1,2024-01-04 09:43:01,4.80.4,negative,rating_rule,24
Cahya pradikta Firmansyah,Saya sudah lama menggunakan aplikasi gojek dan enak2 saja tidak ada kendala tapi skrng gojek banyak sekali kendala aplikasi nya ngelag padahal jaringan saya bagus terus saya tadi top up saldo sampai sekarang masih belum masuk2 tolong ini gmnsegera diperbaiki dan tolong saldo saya masih belum masuk sampai sekarang,1,2023-12-21 23:26:36,4.80.4,negative,rating_rule,314
Abdullah Sutawidjaya,mantab gojek maju trus,5,2024-01-04 09:33:27,4.80.4,positive,rating_rule,22
kunto aji,Bca oneklik nya kebaca hp baru terus otp kg terkirim2,1,2023-12-21 13:58:29,4.80.4,negative,rating_rule,53
angga buana,BURUK BANGET KUALITAS NYA TAGIHAN UDAH DIBAYAR TAPI APK MASIH ADA TAGIHAN NYA SEMENJAK PAK NADIM KELUAR DARI GOJEK SISTEM GOJEK JADI BOBROK NYAMPAH BELUM SIAP BUAT PAYLATER KOK DILUNCURKANNYA PROGRAM NYA,1,2024-01-03 07:40:35,4.80.4,negative,rating_rule,203
Sigit S Rizal,Aneh banget tibatiba gopay later saya di blokir padahal bayaran lancar terus dulu gopay cicil tibatiba ngilang sekarang gopah later setelah d bayar langsung di blokir tolong dong kasih penjelasan kenapa kok langsung di blokir gitu,1,2024-01-03 07:51:41,4.80.4,negative,rating_rule,230
Irma 0501,Good Lahhh,5,2024-01-04 08:35:30,4.80.4,positive,rating_rule,10
Cinta Putih,Saya ini mau komplen kemana ya sebenarnya soal apk ini Saya tidak melakukan transaksi tp kenapa saya dpt tagihan mulu dan dendanya kelewatan 1x saya bayar 2kali saya bayar ini dah sekian kalinya kalian nagih tp gk tau asal tagihan itu dr mana Saya dah mintak kalian off akun saya kenapa masih ada tagihan Saya gk makek itu gopay later,1,2024-01-04 09:10:34,4.80.4,negative,rating_rule,334
crenoee 888,Lumayan bagus tapi jelek nya sistem gak peka kalau order goshop udah tau dibatalin karna driver gak cukup bawa uang order lagi malah pilih driver itu lagi,4,2024-01-04 09:10:28,4.80.4,positive,rating_rule,154
Iyon5758,Lancar jaya,5,2024-01-04 08:49:25,4.80.4,positive,rating_rule,11
Dunia Berbagi,Thebesttt,5,2024-01-03 07:53:46,4.80.4,positive,rating_rule,9
Erikson Nainggolan,Mantap kli,5,2024-01-03 07:58:13,4.80.4,positive,rating_rule,10
Netta Aprillia,Very good,5,2024-01-04 08:38:59,4.80.4,positive,rating_rule,9
Elis Novita,Selamat sore saya pengguna gopay later Sudah lama setelah melakukan pembayaran yang terakhir kenapa saldo gopay later menjadi 1 rupiah dan tidak bisa di gunakan lagi apa ada masalah dengan akun saya mohon penjelasannya saya mau menghubungi kemana dan no telepon yang bisa saya hubungi kemana,1,2024-01-04 11:18:12,4.80.4,negative,rating_rule,291
estee restiko,Ok juga,5,2024-01-03 05:24:08,4.80.4,positive,rating_rule,7
Yahya Agus,Gopay later sudah tudak bisa beli pulsa,1,2024-01-03 05:18:24,4.80.4,negative,rating_rule,39
Anggi Belvania,Bagus nganter nya cepet,5,2024-01-03 05:02:34,4.80.4,positive,rating_rule,23
Nandar Sunandar,Sering eror bgt,1,2023-12-21 13:25:10,4.80.4,negative,rating_rule,15
Rika Gartika,Alhamdulillah puas bgt pake aplikasi ini,5,2024-01-04 14:02:31,4.80.4,positive,rating_rule,40
feni wulandari,Aplikasi terbaik yang mampu melayani semua kebutuhan konsumen dari segi jasa kendaraan maupun jasa antar makanan,5,2024-01-04 13:53:30,4.80.4,positive,rating_rule,112
{NEKO} Miyuki musik,Hay minsaya terkenal sama aplikasi gojektolong perbaiki sistemnya karna saya kesulitan untuk menggunakanterlalu banyak bag,1,2023-12-21 13:25:11,4.80.4,negative,rating_rule,122
Hana Yolanda,Adain fitur bangku untuk 1 orang dong,3,2024-01-04 13:48:26,4.80.4,neutral,rating_rule,37
Tatang Sumarna,alus lah,5,2024-01-03 02:25:05,4.80.4,positive,rating_rule,8
gawat dinarmas,Mudah cepat,5,2023-12-22 02:14:16,4.80.4,positive,rating_rule,11
Fajar Aqil,Gojek bagus tapi tolong dong di kota brebes desa siasem belum ada gofood nya,5,2024-01-04 13:45:32,4.80.4,positive,rating_rule,76
Rika Yuliana,Gofood sekarang ga seperti duluudulu sering banget pakek aplikasi gojek buat gofood skrg dah males,1,2024-01-03 02:44:09,4.80.4,negative,rating_rule,98
Amelia vinomaulana,Pesen gofood kata driver nya dobel ordersaya dapat giliran untuk yang ke dua Pesanan lama di antar bayar ongkos driver samatapi saya tanya sama driver nya dia cuma dapat 2000rb perak Ngawur ini aplikasi pembodohan,1,2024-01-03 02:51:48,4.80.4,negative,rating_rule,213
Asriyono yon,sangat bermanfaat,5,2024-01-04 13:44:23,4.80.4,positive,rating_rule,17
Catur Edy,terkadang agak susah klo pesan pag hari seebih nya very good,3,2024-01-03 03:07:20,4.80.4,neutral,rating_rule,60
Jabami •,Kok sekarang driver gojek kebanyakan sombong ya padahal dulu ramah murah senyum kalau sekarang beh masih bisa di hitung jari kalau yang ramahmungkin kehilangan konsumen 1 biji kayak gw gk papa kali ya,1,2024-01-04 13:25:09,4.80.4,negative,rating_rule,200
Aep saeppullah,Gopay later aneh bngt stelah di update tidak bisa digunakanntah ada apa dan knpa Biasa nya juga aman saja,1,2023-12-21 13:24:22,4.80.4,negative,rating_rule,105
Andra Tjahyo Diwanggono,klu memang ada promo dri gojek driver benar2 tdk diberikan tambahan uang ato pengganti dri promo gojek semakin terpuruk saja para driver tdk sesuai slogan ato motto dan visi misi gojek menyesejahterakan para driver itu hanya slogan saja,1,2024-01-04 14:13:04,4.80.4,negative,rating_rule,236
Meyna Nabilla,Setiap buka aplikasi muter aja sinyalnya jelek jaringan g bagus padahal buka aplikasi yg lain aman aja Buruk sekali aplikasi nya tolong di perbaiki,1,2024-01-03 01:24:16,4.80.4,negative,rating_rule,147
Mitchell Jonathan,Setiap mau isi di Alfamart selalu error saya sudah bolak balik mengisi hingga 3 hari berturut namun hasilnya tetap nihil saya kecewa sebagai user gojek entah karena karyawan Alfamart tersebut sengaja atau memang servernya sedang tidak bisa di akses jujur saya kecewa sekali,1,2024-01-04 14:45:10,4.80.4,negative,rating_rule,273
Shendy Dwi Thalia,Makin kesini makin jelek aja heran,1,2024-01-03 01:21:04,4.80.4,negative,rating_rule,34
marsa impies,Reset jadi bintang 1 lagi gua download lagi buat gofood malah lama banget loadingnya padahal internet lancar aja buka apk lain jadi sia sia isi gopay Setelah pemakaian gopay gua delete deh gak mau pakai gofood lagi,1,2024-01-04 14:38:58,4.80.4,negative,rating_rule,214
Heni Rohani,Aplikasi makin lama bukan makin bagus malah parah sumpah MLS gw lma2 pke ni aplikasi,2,2024-01-03 01:21:37,4.80.4,negative,rating_rule,84
Jay Bae,gojeg mantaaappp,5,2023-12-22 02:18:18,4.80.4,positive,rating_rule,16
Christin Ana,sekarang kalo pesen gocar lama sekali tidak kaya dulu cepet kadang udah dapet lama ama driver di cancel tolong diperbaikin ya pak sy pelangan lama menggunakan gocar,3,2024-01-04 14:35:21,4.80.4,neutral,rating_rule,164
Irfan Ardiyant,Gopaylaternya ngeri jatuh tempo telat satu hari sudah kena denda 50rb langsung di non aktifkan belum trus di hubungi tiap jam sadis sekali padahal cmn 1 hari MAB sadis bos jauh banget sama findaya Tutup akun sajalah komplain jg tdk ada soluso yg baik,1,2024-01-03 01:27:39,4.80.4,negative,rating_rule,250
Abdul Muthalib,Cashback belum saya terima,2,2024-01-04 14:18:26,4.80.4,negative,rating_rule,26
Ries Kun,Gopaylaternya ga jelas,1,2024-01-04 14:31:35,4.80.4,negative,rating_rule,22
persib bandung,Kenapa skarang gojek eror terus saya susah top up tapi gk masuk masuk,1,2023-12-21 13:22:49,4.80.4,negative,rating_rule,69
Yudi Akbar,Kok skrg susah banget pesen Gocar Dari jam 7 sd 830 tdk ada yg nyangkut satupun Kenapa yakk,2,2024-01-03 01:33:39,4.80.4,negative,rating_rule,91
Bang ader 2020,Mantapp gojek,5,2024-01-03 01:40:38,4.80.4,positive,rating_rule,13
Nabifasha Sammanda,Makasih gojek,5,2024-01-01 02:04:32,4.80.4,positive,rating_rule,13
Yumie Fiqie,Tolong gojek jaringannya kenapa selalu jelek sebaiknya ada opsi blokir driver ketika tidak menginginkan dengan driver tertentusatu lagi saya mau kritik tolong pencarian driver otomatis bisa diatur saya selalu bermasalah dengan pencarian otomatis ini ketika jaringan jelek saya tidak bisa menemukan driver sudah saya cancel dan order lagi tau taunya dapat orderan ganda tanpa saya sadari tolong gojek jangan ada otomatis cari orderan lagi Atau setidak nya bisa di atur di pengaturan,1,2024-01-04 14:18:45,4.80.4,negative,rating_rule,481
Rizqi Yanuar,Oke Kadang agak delay kembalikan gopay,4,2024-01-04 13:24:53,4.80.4,positive,rating_rule,38
My Precious,komplain di chat  yg bales bot  komplain karna ada menu yg kurang  lama bener penyelesaian nya  cuma nomor kasus aja yg dikasih  solusi nya zonk lama bener  apa perlu komplain via sosmed,1,2024-01-03 03:11:17,4.80.4,negative,rating_rule,186
Popov Zaragoza,Errorrrr,1,2024-01-04 12:09:50,4.80.4,negative,rating_rule,8
Kuda Ngeos,Gopay saya hilang dan mencari nya kemana mana tapi tetap saja tidak bisa,1,2024-01-03 04:30:39,4.80.4,negative,rating_rule,72
Yadi Suryadi,Saya pesrn makanan tapi di lama banget susah dapet drivernya,1,2024-01-04 12:06:56,4.80.4,negative,rating_rule,60
ANNAS nasution,Akurat segalanya,5,2024-01-04 12:00:14,4.80.4,positive,rating_rule,16
Silvia Hikmah,Tidak bisa upgradelupa tanggal lahir nya min gimna,3,2024-01-04 11:55:57,4.80.4,neutral,rating_rule,50
Fani Rahmi,Padahal pake pengantar reguler bukan mode hemat tapi waktu tidak sesuai estimasi malah sama kek mode hemat lamanya Padahal dulu cepet banget,1,2024-01-04 11:36:31,4.80.4,negative,rating_rule,140
Wanto Kiss,pengantaran aman terkendaliaplikasi ini sangat membantu dan mempermudahkan stiap orng yg mau bpergian,5,2024-01-03 04:48:53,4.80.4,positive,rating_rule,101
Hendrick Rudyanto,Sebelumnya saya pengguna PayLater cukup lama dan tidak ada masalah dan selalu bayar lunas walau telat 12 hari max termasuk denda Cuman baru ini di blokir harusnya tidak ada hak memblokir kecuali pengguna tidak membayar atau pembayaran cicil atau lebih diatas 2 hari,1,2024-01-03 04:52:12,4.80.4,negative,rating_rule,265
Benny Guttom,Ok o,5,2024-01-03 04:57:04,4.80.4,positive,rating_rule,4
Rizal Priambodo,Aplikasi lemot kayak babi mau pesen aja lemot,1,2023-12-21 13:33:45,4.80.4,negative,rating_rule,45
Aryaa,Aplikasi baguss prioritas drivernya mantep pokoknya,5,2024-01-04 11:25:01,4.80.4,positive,rating_rule,51
Tubagus Santosa,Aplikasi terbaik Sangat membantu dalam transaksi digital,5,2024-01-04 11:21:58,4.80.4,positive,rating_rule,56
Muh Iqbal,Alah buru buru vertufikasi setahun lama bat dan akhirnya ga keluar keluar,1,2023-12-22 01:03:05,4.80.4,negative,rating_rule,73
juli anto,Saya kurangin karena saat darurat tidak bisa di andalkan,5,2024-01-03 04:24:23,4.80.4,positive,rating_rule,56
Erick Abdullah133,Tunggu sebentar saya akan segera balik,2,2024-01-04 12:39:55,4.80.4,negative,rating_rule,38
Taspen Blanksak,Upgarde teroooosssss tapi orderan makin downgrade parah,1,2023-12-22 02:01:42,4.80.4,negative,rating_rule,55
Muhamad Rizqi azzah,sangat membantu trimakasih,5,2024-01-03 03:21:16,4.80.4,positive,rating_rule,26
Mega Mustika,voucer yg biasa aku pake gak ada yah,1,2024-01-04 12:48:57,4.80.4,negative,rating_rule,36
Muhammad Rizqi Fadhilah,buat driver gausa cancel dipertengahan lahudah siap nunggu malah dicancelmending gausa diambil klo ganiat,1,2024-01-03 03:34:49,4.80.4,negative,rating_rule,105
Nehemia Record Cover,Error,1,2023-12-21 13:30:30,4.80.4,negative,rating_rule,5
Verry Setiawan,Aplikasi gak jelas Dancok asudi upgrade malah semakin gak jelas Buat pesen gak bisa jaringan internet terus padahal buat game online lancar apa2 lancar sampai tak ganti ke wiffi kok msh aja gak bisa masalah internet Aplikasi apaan sih ini,1,2024-01-03 04:22:27,4.80.4,negative,rating_rule,238
Andreas Suparmo,simple and using friendly,5,2024-01-03 03:47:40,4.80.4,positive,rating_rule,25
Apin Waradana,Saya senang,4,2024-01-03 03:48:20,4.80.4,positive,rating_rule,11
andre ali wardhana,Efektif dan efisien,5,2024-01-03 03:51:15,4.80.4,positive,rating_rule,19
Nasdi Gotim,Tibah error gak bisa transfer ke bankmakin tidak bagus,1,2023-12-21 13:30:36,4.80.4,negative,rating_rule,54
SITI AISYATUL RAHMADANI,Tolong gojek jangan mahal2 ya saya pengguna tetap nih,2,2024-01-03 03:56:50,4.80.4,negative,rating_rule,53
Haryanto Siregar,Hebat,5,2024-01-03 08:51:16,4.80.4,positive,rating_rule,5
Elis Widari,Sangat membantukedepannya klo bisa jika jarak penjemputan terlalu jauh tolong konfirmasi lg sama pelanggan,4,2024-01-03 08:56:09,4.80.4,positive,rating_rule,106
Agus Maulana,Makin mantap pelayanannya,5,2024-01-03 09:02:58,4.80.4,positive,rating_rule,25
Nidya Jamalika,Wkwkwkwkacau neu gojek Tiba2 saldo gopaylater di blokirGK ad mslh Sjak d pegang sama multianakbangsa ya klo GK salah Jdi GK seru,3,2024-01-03 12:55:04,4.80.4,neutral,rating_rule,128
Rina Dwi agustin,Mau nanya dong di gojek Uda gaada fitur gotik ya  Yg bisa buat nonton bioskop itu Padahal Uda update tapi di cari ga ketemu,3,2024-01-03 14:49:36,4.80.4,neutral,rating_rule,123
Dokter Gigi Rezi,Masa driver telpon ga keluar notifnya,3,2024-01-03 14:51:30,4.80.4,neutral,rating_rule,37
Nur Kholifah,Saat ini masi bagus ojol ini dn semoga selalu jd yg terbaik,4,2024-01-03 14:51:52,4.80.4,positive,rating_rule,59
Dornaul,Mahal sihhh,3,2024-01-03 14:58:04,4.80.4,neutral,rating_rule,11
Anang Ardiansyah,kalau seperti ini terus  semua pelanggan dan mitramu akan lari,1,2024-01-04 02:16:14,4.80.4,negative,rating_rule,62
Rizky Airlangga,Memudahkan perjalanan kami,5,2024-01-04 01:47:04,4.80.4,positive,rating_rule,26
Ismail Muhammad,Mantap bgt,5,2024-01-04 01:39:49,4.80.4,positive,rating_rule,10
Yosja Rzky,Murah pool,5,2024-01-04 01:35:12,4.80.4,positive,rating_rule,10
Hendra Mantra,Cepet kilat sampai selamat hebat,5,2024-01-04 01:32:23,4.80.4,positive,rating_rule,32
Budi Gagak,Pengemudinya ramah,4,2024-01-04 01:27:50,4.80.4,positive,rating_rule,18
Faidil Ganteng,Semua ada disini tidak Perlu kelain Hati GoPartner Selalu ada Jalan,5,2024-01-03 14:59:56,4.80.4,positive,rating_rule,67
Zetya Noviana,Ga dapat dapat supir  tapi ada icon mobilnya  Uda 1 5 jam order ga dapat,1,2024-01-04 01:27:50,4.80.4,negative,rating_rule,72
Intan Berlian,Parah sih pesan gofood bisa smpe dua jam dapat driverrr aslii gojek skrg ga bgusss,1,2023-12-21 15:05:34,4.80.4,negative,rating_rule,82
Zonalia Della,Cepat tepat aman,4,2024-01-03 15:08:14,4.80.4,positive,rating_rule,16
Reza Jeje,Gofood mahal ga ada gratis ongkir,1,2024-01-03 15:09:10,4.80.4,negative,rating_rule,33
Ayah Kalian,Apakah saat ini gojek sedang gangguan ya,1,2023-12-21 15:04:53,4.80.4,negative,rating_rule,40
Silmaa Aliyaah,Transfer gopay tertunda Katanya di proses sampe 3 januari Sampai detik ini pun ngga masuk Lagian itu ngga masuk akal kalau pengerjaannya selama itu Malah di suruh isi ini dan itu buat laporan tapi klo jawabannya bgtu ya tetep nggak menyelesaikan Kecewa banget Lain kali semoga bisa di tingkatkan terkait menejemen masalah dan kendala yang terjadi Minimal juga kasih taulah kejelasan dri kendalanya supaya cutomer itu paham,1,2024-01-04 02:53:28,4.80.4,negative,rating_rule,422
Shady Widjaja,selalu dapat diandalkan best best,5,2024-01-04 03:19:52,4.80.4,positive,rating_rule,33
Jelinda Safitry,Susah pengajuan,3,2024-01-04 03:16:22,4.80.4,neutral,rating_rule,15
Teh Ade,Saya udh bayar gopay later dri tgl 2cuma terlmbat 1hr tgl 34 sya masih dpt tagihan ini sbnra data sya masuk GK si di pihak snaudh gitu langsung d blokir gopaylater syaGPP si di blokir krna salah sya trbat 1hryg sya GK seneng tagihan masih Dateng 2hr kdepan pas sya bayar tahihan,2,2024-01-04 03:09:53,4.80.4,negative,rating_rule,278
syahdan gaming,woilah gojek kurangin dong ongkir nya kayaknya mau pesen makanan mahal di ongkirnya jd males pesen makan,3,2024-01-03 13:10:08,4.80.4,neutral,rating_rule,104
FADILA FITRIANISA,Kenapa di apk go Jek tidak ada go med nya lagi,2,2024-01-04 03:05:41,4.80.4,negative,rating_rule,46
Renz Kun,Abis update malah gabisa buat order gofood  muter muter terus padahal sinyal lancar,1,2023-12-21 15:18:21,4.80.4,negative,rating_rule,83
Lutia Purnama,Diupdate sudah Pas mau dipake gopaylater tau2 diblokirada apa wahai engkau gojek Padahal lumayan membantu ditanggal bokek,1,2024-01-03 13:17:07,4.80.4,negative,rating_rule,121
jack art,LOV YUU,5,2024-01-03 14:13:12,4.80.4,positive,rating_rule,7
nesia cantik,sui banget selak ngeleh,1,2024-01-03 13:19:13,4.80.4,negative,rating_rule,23
Muhammad Idris (Muhdi),Terlalu banyak biaya lain lain makan 57 k ongkir 12 k ada lagi biaya Aplikasi 55 k  biaya Bungkus 25 kini sangat memberatkan dan mempengaruhi minat belanja di GOJEKcocok lah 1 Bintang,1,2024-01-03 13:29:30,4.80.4,negative,rating_rule,183
Ujang Rahmana,Aman nyaman,5,2024-01-03 13:30:36,4.80.4,positive,rating_rule,11
Monica Kumalasari,Gajelas aplikasi ga guna gotopin gotopin bacott,1,2024-01-04 02:53:28,4.80.4,negative,rating_rule,47
Egi Permana,Sikap driver nya ramah  pesanan tepat waktu,5,2024-01-03 13:58:21,4.80.4,positive,rating_rule,43
Hiroki Moruichi,Kenapa ini gojek parah banget baru isi saldo gopay Rp300000 dan sekarang sisa saldo Rp966000 tapi kenapa gojek saya langsung blank tidak mau login lagi Tolong diperbaiki saya perlu saldo saya kembali,1,2023-12-21 15:12:44,4.80.4,negative,rating_rule,199
Tofan Nugroho,Sudah uninstalldiinstall lagi tetep bermasalah Saya pake grab akhirnyagak ada masalah lancar aja Masalahnya saldo go pay saya masih adajadi gak bisa dipakai,1,2023-12-21 14:40:10,4.80.4,negative,rating_rule,156
Herna Wan,Ini kenapa g bisa masuk ke akun Keluar sendiri terus,1,2024-01-03 15:43:12,4.80.4,negative,rating_rule,52
Al Qabir,Makin mantaplah Tambahin terus promonya yach,5,2024-01-03 15:47:43,4.80.4,positive,rating_rule,44
Asri,sekarang lemot nya pollbiasanya sat set ini buka riwayat aja lamanya ga ketulungan,1,2023-12-21 14:51:10,4.80.4,negative,rating_rule,82
Wiwin Iswinarni,Sukaa,5,2024-01-03 23:54:04,4.80.4,positive,rating_rule,5
Su Yoto,Sangat membantu kelancaran aktivitas saya,5,2024-01-03 17:59:58,4.80.4,positive,rating_rule,41
Panda Mas,Ini Napa dah ga bisa masuk jaringan internet tidak stabi padahal jaringan saya full kuota bejibun ribet lu skrg jek padahal saya pengguna setia dari dlu,3,2024-01-03 23:50:31,4.80.4,neutral,rating_rule,152
Dasilah Latif,apaan si ni gojek sekarng susah bngt cari drive nya ga ngerti org urgen apa kasi bintang 1 aj rugi,1,2024-01-03 23:47:24,4.80.4,negative,rating_rule,98
Aura Azra,Top banget membantu,5,2024-01-03 23:44:51,4.80.4,positive,rating_rule,19
Nika Nic,Min apl nya knp ga bs ke buka bru jg di updte malah eror gini Solusi nya gmn nih,1,2024-01-03 18:02:13,4.80.4,negative,rating_rule,80
Achmad Rifaldi,gojek kenapa server kalian kok nggak bener sama sekali tolong lah di perbaiki walau perbaikan nya lama tapi yang penting lancar,3,2024-01-03 22:53:27,4.80.4,neutral,rating_rule,127
Dewit Dessy,So far so good,5,2024-01-03 23:56:59,4.80.4,positive,rating_rule,14
AWAN WANG INDONESIAKU,cintaihargai aplikasi produk anak negeri,5,2024-01-03 22:44:41,4.80.4,positive,rating_rule,40
Neo Dachrul,saya coba pesan GoRide electrik dapet nya lama banget dan juga saya coba pesan Gocar LUXE dapet nya lama banget,1,2023-12-21 14:51:36,4.80.4,negative,rating_rule,111
FAMILY JELAJAH MALAM,Tolong pihak gojek masak paylater saya tidak bisa di gunakan buat bayar di olsop padahal saya butuh di saat tanggal tuasekarang gojek beda sama yg dulu,1,2024-01-03 19:38:18,4.80.4,negative,rating_rule,151
Zahra Syahdan,Good good good,5,2024-01-03 22:20:31,4.80.4,positive,rating_rule,14
Dita Lyst,Aduh kenapa saya gk bisa login akun saya  susah banget login nya padahal sinyal jaringan saya bagus Tapi ko susah banget login ny,1,2023-12-21 14:52:05,4.80.4,negative,rating_rule,129
Pri Hadiyanto,saldo hilang g bs baliktak unistal aja,1,2024-01-03 17:27:40,4.80.4,negative,rating_rule,38
Rizky Rianto,parah amat nih aplikasi pulang kerja mau buru buru sampe rumah mau buka go ride malah ngecrash ga muncul muncul bkin stres woi,1,2023-12-21 14:59:57,4.80.4,negative,rating_rule,126
Endra Kusuma,Awalnya sy kasih bintang 5 sy turunkan jadi 2 udah komplen soal gopaylater tp jawaban nya sama seperti yg ada di aplikasi Rp1 cukup buat apa bos hadeuh,2,2024-01-03 16:44:51,4.80.4,negative,rating_rule,151
okky hamdani,Tidak bisa menikmati fitur Gopaylater lagi seperti dulu sudah berulang kali daftar namun selalu ditolak,1,2024-01-04 01:08:09,4.80.4,negative,rating_rule,103
Irwanarci Love,Aplikasi tolol ngisi emoney saldo kepotong ke kartu ga masuk status selesai Buat yg top up emoney jngn disini ga jls,5,2024-01-03 16:19:51,4.80.4,positive,rating_rule,116
Lambok Lambok,Susah sekali dapat gojek untuk sekolah aj gk bisa,1,2024-01-04 00:56:48,4.80.4,negative,rating_rule,49
Tabua Pasona,Kasih full bintang,5,2024-01-04 00:53:24,4.80.4,positive,rating_rule,18
teuku fadel,Mahal dan jangan pernah dipakai paylater nya penawaran nya yang easy riba semua,2,2024-01-04 00:33:45,4.80.4,negative,rating_rule,79
Erdi Siswanto,Drivernya sering membatalkan sepihak,1,2024-01-03 16:31:21,4.80.4,negative,rating_rule,36
Indo Diy project,Min biasa lancar transakti pke gojek Skrng parah bngt knp nih Stlh pke gojek terbaru  Sblmnya lancar jaya,1,2023-12-21 14:40:31,4.80.4,negative,rating_rule,105
Andi Kurniadi,Lah ini kenapa Mau beli pulsa loading terus pas mau pembayaran Udah diupdate juga aplikasi terbaru awalnya kirain salah jaringan pas dites normal nyatanya aplikasinya yg gk bener,1,2023-12-21 14:46:17,4.80.4,negative,rating_rule,178
rosa tirecord,GOPAY PINJAM sangat2 mengecewakan,1,2024-01-03 16:55:37,4.80.4,negative,rating_rule,33
Mulyadi Sampit,Gk bisa kirim ke siapa pun pdahal kemarin enak enak aja,1,2023-12-21 14:59:50,4.80.4,negative,rating_rule,55
Agus Rian,EMANG PARAH INI APLIKASI  340 RIBU CUMA DI AMBIL BUAT ILAN DOANG KUARANG AJAR,1,2024-01-03 17:19:06,4.80.4,negative,rating_rule,77
Charlina Wernes,minimal diperbaiki ya kalau hujan tuh cepetin dapet drivernya kalau lagi buru buru gmn jangan lama kek gini mau kemana mana ae susah,1,2024-01-04 00:10:58,4.80.4,negative,rating_rule,132
hanifah rizky,nyebelingabisa login jaringan kurang stabil katanya padahal normal aja buat buka sosmed dll lancar,1,2023-12-21 14:57:50,4.80.4,negative,rating_rule,98
miswanto wanto,pelayanan bagus dan ramah,5,2024-01-04 00:00:48,4.80.4,positive,rating_rule,25
asep ruhimat (Mamat),Membingungkangopaylater dan gopaypinjamtiba tiba di blok dg alasan telat pembayarankapan telatnya Mksh atas tanggapan bintang saya kembalikan 5 kembali 3 bintang Tidak ada penjelasan penyelesaian pdhl sederhana tinggal jawab saja kenapa di blokir gopaypinjam dan gopaylater nya,3,2024-01-03 17:25:59,4.80.4,neutral,rating_rule,277
Nasywa Alikha,jarang kasih gratis ongkirhanya menguntungkan aplikasi nya saja,1,2024-01-03 12:51:58,4.80.4,negative,rating_rule,63
Rohman Abdur,Pelanggan tidak bisa chatt tokonya,1,2024-01-04 03:28:58,4.80.4,negative,rating_rule,34
Silvia Hartini,Pokonya puas bgt pake gojek,5,2024-01-04 05:34:41,4.80.4,positive,rating_rule,27
Ibnu Agil,Skrg dpt driver lama,4,2024-01-03 10:08:34,4.80.4,positive,rating_rule,20
Mas Duts,KNTL kaga bisa login udah nunggu 1 hari,1,2023-12-21 14:20:43,4.80.4,negative,rating_rule,39
Vera Aurelia,Saya tidak pernah telat atau nunggak bayar cicilan gopaylater  Tapi kenapa gopaylater saya tidak bisa digunakan  Limit masih banyak  tolong kasih penjelasannya,2,2024-01-03 10:10:55,4.80.4,negative,rating_rule,159
Wahyu Nugroho,Aplikasi mudah di jangkau di manapun,4,2024-01-03 10:11:14,4.80.4,positive,rating_rule,36
faiz yusuf,semoga lebih baik lagi,5,2024-01-03 10:22:04,4.80.4,positive,rating_rule,22
Budi Santoso,Sy senang pakai gojek,5,2024-01-03 10:22:21,4.80.4,positive,rating_rule,21
Yuds 73,Cepat saji,5,2024-01-03 10:30:05,4.80.4,positive,rating_rule,10
qin seh,Cocok ni bintang buat aplikasi yg suka blank,1,2023-12-21 14:21:33,4.80.4,negative,rating_rule,44
Nakaz AMV,Ga ngapangapain kartu ke blokir ntaps lah gojek yang lain aman aman saja pindah sebelah aja deh,1,2024-01-03 10:31:32,4.80.4,negative,rating_rule,95
Ekarini Luh,Bpk drivernya baik,5,2024-01-03 10:33:53,4.80.4,positive,rating_rule,18
Modo Fudo,Siklus baru gopaylater sekarang gk kayak dulu lebih enak dulu yang sekarang tidak semua bisa menggunakan gopaylater terus siklus jangka pembayaran 8 Desember jatuh tempo 1 Januari lebih dari 2 hari 50000 nyiksa banget klau dlu jatuh tempo 5 Januari denda keterlambatan 2000 perhari saya kecewa dengan siklus sekarang mana ada gajian tanggal 1 mungkin ini transaksi terakhir saya menggunakan gopaylater karena sangat kecewa,1,2024-01-03 10:35:28,4.80.4,negative,rating_rule,422
Suraida Susanti,Senang pake aplikasi gojek Selain tuk penjemputan motormobil dan pembelian makanan Bisa juga tuk pembelian karcis kereta khususnya KRL dgn gotransit,5,2024-01-04 05:19:48,4.80.4,positive,rating_rule,148
Aditya Yuda Anandhika,PplppqlPqlq plq Pa a qap 1,3,2024-01-03 10:38:29,4.80.4,neutral,rating_rule,26
Fenola Masta,Gak bisa pas mau dipake,1,2023-12-21 14:20:17,4.80.4,negative,rating_rule,23
Achmad Kurniawan,Saya pesan gofood bayarnya pake gopay ngga express juga giliran yang cash gercep banget di ambil giliran dibayar pake gopay malah susah banget dapet driver nya Udah di cancel 3x di chat ga ada respon giliran ga di kasih rating ngamuk nanti tolong untuk gojek bereskan masalah soal driver sering cancel,1,2024-01-03 10:05:17,4.80.4,negative,rating_rule,301
Lian Lee Buddhistarts,Titik dah bener pas mesan lari kemanakok error,3,2023-12-21 14:18:37,4.80.4,neutral,rating_rule,46
Bintang Teknik,Tagihan play later dilihat tgl1 pas jatuh tempo aplikasi erorr skrng tgl 3 baru bisa buka sdh didenda 50000 Cuuuukkk,1,2024-01-03 09:48:24,4.80.4,negative,rating_rule,116
Asih Kriswan,Gx2236 BBM yl8orls,4,2024-01-03 09:16:47,4.80.4,positive,rating_rule,18
Fadly Duta,Kok kgk bisa beli pket internet sih di my Telkomsel,2,2024-01-04 06:56:56,4.80.4,negative,rating_rule,51
Ahmad Hidayat,mantul,5,2024-01-04 06:47:29,4.80.4,positive,rating_rule,6
Malia Lee,blakangan kecewa customer anak sultan tp diskonnya dikit kalo mau diskon byk hrs paylater pake gopay seringan diskon ongkir cuma 2ribu,3,2024-01-04 06:46:40,4.80.4,neutral,rating_rule,134
Moch Fadilah,Susah kebuka sekarang kenapaya,5,2023-12-21 14:09:44,4.80.4,positive,rating_rule,30
Rian Yudha,Sinyal bagus tapi aplikasi lemot makin lama makin parah ini aplikasi  baru aja top up rugi lah pake aplikasi ini,1,2023-12-21 14:15:41,4.80.4,negative,rating_rule,112
rivai siregar,bagoes dan tolong donk limit Gopaylater saya diaktifkan lagi krn memang banyak manfaat,5,2024-01-04 06:37:53,4.80.4,positive,rating_rule,86
Deis Nurjannah,bagus aja si,5,2024-01-03 10:02:14,4.80.4,positive,rating_rule,12
Adel Gunawan,Promo nya mantappp,5,2024-01-04 06:14:04,4.80.4,positive,rating_rule,18
Lanal Gareng,Mau masuk aja ribet gimana mau laku ojolnya mending uninstal lagi,1,2024-01-04 06:10:55,4.80.4,negative,rating_rule,65
Little Puppy,ERROR TERUS SIAL HP BAGUS JARINGAN LANCAR CUMA GOJEK YG MUTER2 DOANG APLIKASINYA  SUKA TIDAK MERESPONS TOLONG PERBAIKI,1,2023-12-21 14:11:55,4.80.4,negative,rating_rule,118
Liant Sasaji,Mantabs pokoknya,5,2024-01-04 06:03:04,4.80.4,positive,rating_rule,16
videolucu store,Gagal kirim uang di suruh nunggu bentar  dah 2 jam Masi gak bisa  makin gak jelas nih apk,1,2023-12-21 17:42:21,4.80.4,negative,rating_rule,89
3wulan Sari,Go food murah biaya kirimnya,5,2024-01-03 10:48:59,4.80.4,positive,rating_rule,28
Sunarto ato,Paylater sudah di bayar telat denda jg di bayar kok ngk bs di pakai merasa aneh,2,2024-01-04 03:55:50,4.80.4,negative,rating_rule,79
Candra Taruna,TOLONG intruksikan SEMUA Sopir anda untuk MEMAKAI MASKER Ini Covid mulai mengganas lagi dan sudah makan korban jiwa pula,3,2023-12-21 15:42:44,4.80.4,neutral,rating_rule,120
East Sun,Fitur gotix kok di hilangkan sayang banget pdhl itu fitur fav banget buat beli tiket bioskop gak ribet,1,2023-12-21 15:35:56,4.80.4,negative,rating_rule,102
Yaomi Mayya,Makasih ya gojek selalu kasih diskon gede klo bisa banyakin lagi promo nya ya biar bisa jadi nomor 1 di Indonesia dan aplikasi sebelah cepet nyungsep karena pro israhell love banyak untuk gojek,4,2024-01-04 04:10:26,4.80.4,positive,rating_rule,193
Mumtaaz Mahyra,Cuatomer servicenya lama respontnya,1,2024-01-04 04:08:08,4.80.4,negative,rating_rule,35
Nick,Aplikasinya kok eror yabuka akun sendiri gk bisaloading mulukenapa min,1,2023-12-21 14:30:09,4.80.4,negative,rating_rule,70
Raaina Vidya,Kok sekarang pakai gofood jelek banget yak Statusnya digantung gak jelas Nunggu makanan jauh lebih lama dari estimasi tp ujungnya dibatalin,1,2024-01-03 12:36:10,4.80.4,negative,rating_rule,139
Azzaky Reza,gotix hilang udah update terbaru payah ni,1,2024-01-04 04:21:33,4.80.4,negative,rating_rule,41
Purnomo,Gak jelad,1,2024-01-03 12:38:18,4.80.4,negative,rating_rule,9
Hellen Lastfitriani,Ubah lokasi dari jauh ke tempat yg lebih dekat knp sama harga nya Rugi saya Gojek gak profesional,1,2024-01-04 03:43:09,4.80.4,negative,rating_rule,97
Robert Aldo Jaya Manurung,Mantap membantu,5,2024-01-04 03:41:37,4.80.4,positive,rating_rule,15
badraussoleh badraussoleh,Lemmod banget sangat mengecewakan,1,2023-12-21 15:23:18,4.80.4,negative,rating_rule,33
Mad Max,Apk berat sering freeze lalu crash beda sama grab ringan dan lancar jaya Dan setelah cek ulasan lain ternyata banyak yg alami masalah serupa Habis merger bukan tambah bagus malah tambah rusak Udah gak laku jargon aplikasi karya anak bangsa pasar butuhnya aplikasi yg bener Saran saya hire engineer yg bener or tinggal tunggu waktu kalian hancur karna menyepelekan customer,1,2024-01-03 12:42:22,4.80.4,negative,rating_rule,372
Muhamad Abdul,Makin parah aje Gk bisa di buka apk nye Pdhal udh isi saldo Gmna ini pihak gojek Lama di tingal pelangan nye dh,1,2023-12-21 15:22:24,4.80.4,negative,rating_rule,111
Doa Ibu,lagi kenapa sii ko eror mulu udh di update sampe tak apus terus login lagi ttep gak bisa tolong lahhh lg perlu bgt,1,2023-12-21 14:29:49,4.80.4,negative,rating_rule,114
sibit daryani,Gojek transportasi paling efisien dan terbaik buat saya dan keluarga,5,2024-01-03 11:12:58,4.80.4,positive,rating_rule,68
Ariyanti Armad (Bunda Nawawi),Tepat waktu dan ramah terimakasih,5,2024-01-03 11:45:51,4.80.4,positive,rating_rule,33
Ratna Dianawati,Ini gmn apk ga bisa order bru aja isi gopay,1,2023-12-21 14:26:12,4.80.4,negative,rating_rule,43
Rizka Dwimyati,Cepat baik banyakin lagi discountnya,5,2024-01-03 11:15:57,4.80.4,positive,rating_rule,36
Anni Yuliati,Driver ramah info jelas,5,2024-01-03 11:19:31,4.80.4,positive,rating_rule,23
GemmaAst Motovlog,gopaylater di blokir info ga clear gajelas CS ny robot pula udah bener pake ni apps cm buat beli makan aja udah ga usa ngeluarin paylater2an,1,2023-12-21 17:06:09,4.80.4,negative,rating_rule,140
Anthony Adi,Lama sekali sekarang waktu untuk pesan gofood minimal setiap pesanan butuh 45 menitan Wasting time,2,2024-01-03 11:41:01,4.80.4,negative,rating_rule,98
Farellio Musa,Jatuh tempo tgl 1 Saya byar tgl 4 plus denda 50 ribu Sudah dibayar eh diblokir pula paylaternya Konyol MKIN kesini paylaternya Si GOJEK MENYUSAHKAN TIDAK SEPERTI SBLUMNYA PAYLATER MAB BABI Auto UNINSTAL,1,2024-01-04 04:27:45,4.80.4,negative,rating_rule,202
Christopher Sterianto,Gopaylater saya tidak bisa digunakan padahal limit masih full dan tidak pernah telat bayar cicil,3,2024-01-03 11:47:07,4.80.4,neutral,rating_rule,96
Desi Aidayati,Tolong dong gopaylaternya di aktifin lagi,5,2024-01-03 12:13:26,4.80.4,positive,rating_rule,41
Monika Citra Manurung,Dena 1 hari 50000 Padahal pemakaian cuma 169500 Lalu sudah di bayar sampai ini hari ketiga dibilang gak lunas juga Padahal mau hapus akun Aplikasi apa ini  Denda cepat kali diproses Giliran udah bayar dan mau hapus akun sampai sekarang gak bisa karna dibilang belum lunas,1,2024-01-04 04:24:44,4.80.4,negative,rating_rule,271
Saeun Rudianto,Memang gobok onliin yg terbaik di indonesiasaya usul minta gobok di banyumas diadakangobok angkut barang Seperti dijakartatrima kasiih,5,2023-12-21 16:57:41,4.80.4,positive,rating_rule,134
Timbul torus,Sudah mengalami perbaikan Perlu ditambah lagi promo nya,5,2024-01-04 04:22:15,4.80.4,positive,rating_rule,55
Doni Saputra,Makin lama makin parah gojek ini Bukan nya makin lama makin bagus tapi malahan semakin jelek,1,2023-12-21 14:28:53,4.80.4,negative,rating_rule,92
sakti silla jayanti,Sedih sekali Mau masuk ke aplikasi gojek syusahnya poll Kendala saya no hp sudah ganti email katanya tidak terverifikasi mau masuk harus inget 2 orderan terakhir di gojek Padahal semenjak pandemi saya off ngga pakai aplikasi gojek lagi Qodarullah saya lupa 2 transaksi terakhir saya Saya mau hijrah dari grab ke gojek malah syusahnya luar biasa Email bolak balik jawabnya sama disuruh cek halaman laporan saya Bagaimana mau lihat halaman laporan saya Masuk saja ngga bisa Mohondipermudah,2,2024-01-03 11:53:10,4.80.4,negative,rating_rule,487
Pkonda77,Gojek paling mantap,5,2024-01-03 12:04:35,4.80.4,positive,rating_rule,19
Robi Anto,gaada notip dibatalin ahh betmutt,1,2023-12-21 16:31:25,4.80.4,negative,rating_rule,33
abi sasya,mudah murah cepat parktis,5,2024-01-03 01:18:02,4.80.4,positive,rating_rule,25
Muhammad Nafi'an,Ahh gjelas udah laporan berkali masih aj Bolot bonus Kouta zona blm masuk,1,2024-01-04 14:56:34,4.80.4,negative,rating_rule,73
Royal Studio (Ari Mindhi),Akun saya dibekukan Tanpa Sebab  ada dana Gopay 200rb  Saya sumpahkan agan GOTO Pailit,1,2024-01-05 13:16:23,4.80.4,negative,rating_rule,86
Dicky Tri Hastomi,Kenapa akun saya masih di blok,5,2024-01-05 04:59:51,4.80.4,positive,rating_rule,30
Puri Handayani,Gopaylaternya boleh digunakan gak siihhhhhh,2,2023-12-22 09:18:33,4.80.4,negative,rating_rule,43
Hendri Puri,Banyak ruginya download aplikasi ini uninstall aja bikin ngelag kantong ama hp,1,2024-01-02 09:28:10,4.80.4,negative,rating_rule,78
Ujang Aris munandar,aduh ini kenapa min buru mw d pake saldonya eh malah bermasalah di update masih belum bnr jga,2,2023-12-21 12:22:36,4.80.4,negative,rating_rule,93
Anye s,gokil sih,5,2024-01-05 05:59:20,4.80.4,positive,rating_rule,9
AlmiraSiti Maharani,bingung banget deh ya saya habis isi gopay memang ada motifnya masuk tapi setelah saya buka gopay udh 2 jam ngelag dan saldo tetep sama tidak nambah gimana ya tolong ini juga ngelag,1,2023-12-21 12:23:22,4.80.4,negative,rating_rule,181
Heri setiadi,salah douwnload aplikasi eror,1,2023-12-21 12:25:17,4.80.4,negative,rating_rule,29
Mitroatin Mitroatin,puas banget aplikasi ini sangat membantu,5,2024-01-05 05:37:50,4.80.4,positive,rating_rule,40
Cristianus Steven,Terpaksa pakai aplikasi gojek hanya karna ingin pesan goride udh gk mau pesan gofood krn gak sesuai dg titik antar kdg mesan sruh antar ke titik nh mlh antr ke t4 lain gocar juga gt kdg minta jmput sesuai titik mlh jmput ke t4 lain mkin update mkin parah bkn mkin berubah,1,2024-01-02 09:36:26,4.80.4,negative,rating_rule,271
Zainul Umam,Eror truss,1,2023-12-21 12:27:39,4.80.4,negative,rating_rule,10
Yulmarina,Hari ini aku kecewa berat sama gojek belum menulis tujuan harga udah keluar duluan harga dari mana itu ada tulisan one tap membuat harga lebih mahal katanya voucher malah kok mahal,2,2024-01-05 05:25:40,4.80.4,negative,rating_rule,180
Ridwan Budiman,Okelah,5,2024-01-02 09:44:58,4.80.4,positive,rating_rule,6
Silvia Anggreani,Gopay later telat 1 hari denda ga masuk akal masa tagihan 50 rb denda 50 rb tnp konfirmasi terlebih dahuluKAPOKKK,1,2024-01-02 09:06:44,4.80.4,negative,rating_rule,113
AzamAnime,menyalamatkan kekasihku yang lagi sakit,5,2024-01-05 06:09:56,4.80.4,positive,rating_rule,39
Pengguna Google,Sudah hampir 7th pake gojek Tp skrg lbh banyak kecewa Krn sdh spt dulu pelayanan aplikasnya Gopay later ada saldo tp tdk bisa di pakai Padahal trbayar lunas sblm waktunya Setelah berpindah ke MAB,2,2024-01-05 06:14:13,4.80.4,negative,rating_rule,195
Kadek Natalia,Sekarang kok ssh cari driver di gojek yaaa,5,2024-01-02 08:27:13,4.80.4,positive,rating_rule,42
Firliana Refki Anjani,Makin kesini pelayanan gojek makin  order gocar pas kemaren ke Lembang posisi ga terlalu jauh dari tempat saya di aplikasi sekali berangkat 160 ribudia minta PP 600 ribu gila sekali nembak ga kira2 Harga 4 lipat dari biasanya Yg kedua order makanan driver nya ga gerak lama bgt buang waktu nunggu setengah jam lebih Akhirnya suruh nyuruh driver baru Drivernya makin kesini makin ga attitude blm apa2 dah Meres abis2an,1,2024-01-02 08:19:57,4.80.4,negative,rating_rule,417
Sri Redjeki,Sy memang sering naik gojekgocar krn sy percaya bs memberikan pelayanan yg terbaik utk pelamggannya Terimakasih yaa Semoga selalu sukses,5,2024-01-05 06:38:34,4.80.4,positive,rating_rule,136
Karlina Kusuma,Kecewa deh sama gojek setiap mau carik driver knp saya ndk dpt2 driver emng apa salah saya cumk biar dpt driver aja susah bngt Baru mau dpt driver baru otw bntr udh di cancel aja Kesalahannya dimna cbk tlong jelaskn kenapa sush bngt buat dapetin driver,2,2024-01-02 08:26:47,4.80.4,negative,rating_rule,252
Ziggy Ziggy,Denda 50000 untuk keterlambatan 4 hari wow belanjaannya saja tidak seberapa makin bobrok harus dilaporkan ke OJK,1,2024-01-05 06:36:29,4.80.4,negative,rating_rule,112
Gibran Juliano Syam,Kemampuan Paylaternya kurang memuaskanmasih lebih baik paylater yg dulu,2,2024-01-05 06:35:37,4.80.4,negative,rating_rule,71
Elroyeni Mariana,saya tidak bisa login App Gojek mohon bantuannya terima kasih,5,2024-01-05 06:33:38,4.80.4,positive,rating_rule,61
Rahma Maidya,Saya kecewa dengan pelayanannya,1,2024-01-05 06:31:30,4.80.4,negative,rating_rule,31
dek ari,Limit segitu trus gopaypinjam gk ada perubahan,1,2024-01-02 08:31:05,4.80.4,negative,rating_rule,46
Pengguna Google,Kenapa ya mungkin ada yang tahu beberapa hari terakhir ini driver gocar selalu membatalkan pesanan Padahal sebelumnya tidak pernah Jengkel ke sayanya juga Awalnya pesanan diterima dan disuruh nunggu Udah nunggu malah dibatalin Waktu siasia banget nungguin manusia gak niat kerja,1,2024-01-02 08:33:35,4.80.4,negative,rating_rule,278
oman Skuyy,Gofood plus nya bayar langsung langganan baru tau pas udh kelar langganan malah di perpanjang otomatis gopay lagi butuh ATM gada sumpah kapok langganan gofood plus,1,2024-01-05 06:24:40,4.80.4,negative,rating_rule,163
Dino ganong,Mantul cepet,5,2024-01-02 08:33:50,4.80.4,positive,rating_rule,12
Billal Billal,Ga bsa transfer ke pengguna gopay lainya,1,2024-01-02 08:51:27,4.80.4,negative,rating_rule,40
Rafi Asyura,Bagus min,5,2024-01-02 09:00:33,4.80.4,positive,rating_rule,9
edison Marpaung,Luar biasa,5,2024-01-05 05:21:17,4.80.4,positive,rating_rule,10
Ilham Bahihaky,Tidak pernah dapat promo fak lah,1,2024-01-02 09:51:37,4.80.4,negative,rating_rule,32
Vega amelia,Saya sudah lama pakai gojek awalnya enak KEMARINNYA TOP UP GOPAY 50 BELUM DIPAKE SAMA SEKALI TIBA TIBA KEPOTONG JADI 16000 KEPOTONG 34000 APK GAKJELAS,1,2023-12-22 02:50:13,4.80.4,negative,rating_rule,150
Fathurrahman Bintang R,Banyakin promo please,5,2024-01-05 04:56:58,4.80.4,positive,rating_rule,21
Hanisa Aulina Zalfani,The best apk,5,2024-01-02 10:21:06,4.80.4,positive,rating_rule,12
Asephyryan Ryan,Saya pikir gopay amanah Tenyata saldo gopay yg baru saya isi hilang seperti di telan bumiAplikasi tidak amanah,1,2024-01-02 10:22:16,4.80.4,negative,rating_rule,110
Endang Supriyatna,Membantu dan memudahkan transportasi dan transaksi pembayaran,5,2024-01-02 10:32:50,4.80.4,positive,rating_rule,61
Putra Winatasila,Gojek langganan keluaarga seluruh keluarga saya,5,2024-01-02 10:46:16,4.80.4,positive,rating_rule,47
Rheea Shidqia,Nemuiin drivernya sat set  saya suka  makasi sudah membantu,5,2024-01-02 10:52:50,4.80.4,positive,rating_rule,59
Yuliana Baru,Selesai diupdate malah gk bs dibuka samsek,1,2023-12-21 12:39:51,4.80.4,negative,rating_rule,42
Adim Lee,Go food nya error tolong di perbaiki,2,2024-01-05 03:19:50,4.80.4,negative,rating_rule,36
Novika Han,Kebantu bgt sm gojek,5,2024-01-02 11:04:42,4.80.4,positive,rating_rule,20
Beni Putra,mengecewakan,2,2024-01-05 03:15:56,4.80.4,negative,rating_rule,12
Aang junior da silva,Mulai gak jls klau pake hemat sllu gak bisa untuk apa di adakan hemat klw tdk bisa di gunakan,1,2024-01-02 11:04:58,4.80.4,negative,rating_rule,93
ro nix,bikin costumer susah aja ini ada kendala di map nya gk bisa cek lokat tujuan sesuai tempat yang ada di mapdan tiba tiba ada di patokan lain anehminta tolong dong biar gk susah ribet banhett,1,2024-01-02 11:48:12,4.80.4,negative,rating_rule,189
Nurul hanijah,Gopey later saya koqdi blokir,3,2024-01-05 03:14:29,4.80.4,neutral,rating_rule,29
Dina Lorena,Sekarang kalau pesan makanan maupun minuman online lama betul dapat driver Ujung ujungnya dibatalkan kita maka sudah tunggu tunggu gak ada juga di dapat driver Makanya ku kasih bintang 1 Kalau gojek dulu boleh lah Bagus cepat sekarang lelet Mana gak ada kepastian Ujungujungnya dibatalkan,1,2024-01-02 12:13:44,4.80.4,negative,rating_rule,288
Muchlis,Aplikasinya makin berat waktu mau masuk langsung keluar sendiri pdhl jaringan lancar pake wifi pdhl tpi msi aja suka keluar mohon diperbaiki developernya,1,2024-01-05 03:36:12,4.80.4,negative,rating_rule,153
nur asyiah,Bagus dan sangat menolong disaat benar2 di butuhkn mslh cpt teratasi sprti ketinggalan brg dll,5,2024-01-02 10:20:21,4.80.4,positive,rating_rule,94
Menus Musenx,Kenapa ngk bisa pesan makanan,3,2023-12-21 12:37:53,4.80.4,neutral,rating_rule,29
Risti Widiastiti,Skrg ga prnah dpt potongan atau promopadahal dr dlu pake gojek,3,2024-01-05 04:39:00,4.80.4,neutral,rating_rule,62
Rere,Menu go food nya gak bisa di buka,1,2024-01-05 04:55:42,4.80.4,negative,rating_rule,33
Jemy Matthew,Sudah top up tapi gabisa dipakai payment internet ada saldo ada Parah padahl urgent,1,2023-12-21 12:29:51,4.80.4,negative,rating_rule,83
Gerónimo Rulli (Sugato),kapok dengan mekanisme gopaylater terbarutelat sehari karena kena dampak sinyal off indst saja sudah kedenda 50k dan untuk 5 hari kedepan 30kenak mekanisme lama denda harian nominal dikit gak mbebani kalau semisal kelupaannext lunasi dan ogah lagi pinjem,1,2024-01-02 09:52:26,4.80.4,negative,rating_rule,254
Arya Prasetya,Saat masukkin Pin sering ada angka yang ga kepencetsaat sudah benar malah wah kebanyakan nyoba gajelas apk sampah,1,2023-12-22 08:32:54,4.80.4,negative,rating_rule,113
Taufik Novianto,Mantap bro,5,2023-12-22 08:31:58,4.80.4,positive,rating_rule,10
Nawin win (Awin),bagus sakali nyaman,5,2024-01-05 04:44:48,4.80.4,positive,rating_rule,19
Rian Aditya,ga bisa masuk akun,1,2023-12-21 12:34:14,4.80.4,negative,rating_rule,18
Eldi Sihotang,mantapjujur,5,2024-01-05 04:33:43,4.80.4,positive,rating_rule,11
TEDY EPENDI,Ok theks apk ojek,5,2024-01-02 10:18:54,4.80.4,positive,rating_rule,17
CHEPY CHANNEL,Good apps sangat membantu dan pengiriman cepat,5,2024-01-05 04:32:04,4.80.4,positive,rating_rule,46
Rifki Adi darmawan,Resto udah bangkrut masih kedaftar Tambah jelek pelayananya,1,2024-01-02 10:11:15,4.80.4,negative,rating_rule,59
tri atmodjo,good service,5,2024-01-05 04:08:31,4.80.4,positive,rating_rule,12
Parwanti Parwanti,naik gojek cepat selamat sampai tujuan,5,2024-01-05 03:54:16,4.80.4,positive,rating_rule,38
Sol Likhah,Astaga saya memasukkan pin selalu muncul perintah menunggu tolong lah stres banget aku,1,2024-01-05 03:42:07,4.80.4,negative,rating_rule,86
Elisia Nadhir,Bagus aplikasinya membantu sekali lup lup sekebon,5,2024-01-02 08:16:03,4.80.4,positive,rating_rule,49
Karin Vayra,Hallo ini gmn ya sering bgt nongol gojek tidak menanggapi sampe akhirnya uninstall pas install lagi eh malah terus2an muncul tulisan ada kendala teknis Terus gmn dong solusinya gopay nya jadi gak bisa dipake,2,2024-01-02 08:09:22,4.80.4,negative,rating_rule,207
Aqil Alhafizh,Driver lama paling mahal kadang gk ada driver ongkir mahal driver nya lama dipilihinkatanya yg paling Deket Edit  Sekarang tambah parah titik pengantaran kelempar jauh,1,2024-01-02 08:08:05,4.80.4,negative,rating_rule,167
Mama Kerupuk,Kenapa jadi blank putih ya,2,2024-01-02 07:58:30,4.80.4,negative,rating_rule,26
Y H,bintang bicara terima kasih,5,2024-01-02 05:43:40,4.80.4,positive,rating_rule,27
Angky Norinasari,sangat membantu terimakasih gojek,5,2024-01-02 05:53:36,4.80.4,positive,rating_rule,33
rudy Wijaya,Mantao,5,2024-01-05 11:36:11,4.80.4,positive,rating_rule,6
Radi Daryono,Segala keperluan mudah dengan gojek,5,2024-01-02 05:59:38,4.80.4,positive,rating_rule,35
Priyo Sulistyohadi,Iklan penawarannya menggangu,1,2024-01-05 11:34:16,4.80.4,negative,rating_rule,28
Luthfianto Ardi,aplikasi sampah mending gausa bikin aplikasi kalo kebanyakan errormya sinyal bagus kuat tetep aja masi stuck,1,2023-12-21 11:57:24,4.80.4,negative,rating_rule,108
Husnul Khotimah,Aplikasi ini sangat membantu sekali untuk perjalanan kemana ajh,5,2024-01-02 06:02:08,4.80.4,positive,rating_rule,63
kin chan,Saya kurang Bintangnya karena aplikasi ngga bisa nemu alamat saya padahal sudah jelas di map,2,2024-01-02 06:15:52,4.80.4,negative,rating_rule,92
M y s t i q u e,lagi butuhnya malah gabisa di pake gopaylater,1,2024-01-02 06:18:57,4.80.4,negative,rating_rule,45
Fegga juniawan,Gopaylater tiba di blokir setelah pembayaran tagihan,2,2024-01-05 11:10:17,4.80.4,negative,rating_rule,52
Saepul Nurhakim,Sering melakukan update aplikasi tapi malah semakin tidak bisa melakukan order Gojek Gocar dan Gofood padahal jaringan internet dan kuota sangat aman,1,2023-12-21 11:59:42,4.80.4,negative,rating_rule,149
Wildan Wil,Bagus sesuai waktu ny,5,2024-01-05 11:00:39,4.80.4,positive,rating_rule,21
Rasya Phi Man,Ini mau buat laporan kurang kenapa ngk bisa pilih galeri foto ada di galeri dah beberapa kali dengan berbeda pedagang,3,2024-01-05 10:57:17,4.80.4,neutral,rating_rule,117
Viki Fauzi,Wahai aplikasi busuk knapa lagi ini aplikasi Aq ga bisa proses order aq relogin malah ga bisa masuk Apa kabar saldo gopayku Segala alasan internet nya bermasalah lahaq buka aplikasi lain online fine2 aj Harga naik promo minim denda telat paylater makin ga masuk akal Was it even worth it to still use gojek,1,2023-12-21 12:03:32,4.80.4,negative,rating_rule,306
Eril putingbliung,Bukan kaleng2,5,2024-01-05 11:52:17,4.80.4,positive,rating_rule,13
retno susilowati,minuman favorit passion asem manis segerpelayanan ramahtempatnya nyaman bersih,5,2024-01-05 12:07:06,4.80.4,positive,rating_rule,78
Eko Hartono,Saya order makanan tapi di cancel KECEWA,1,2024-01-02 05:31:28,4.80.4,negative,rating_rule,40
Adimas Pradana,Sangat membantu dalam belanja baik langsung maupun online,5,2024-01-05 13:15:53,4.80.4,positive,rating_rule,57
Mick Andersen Silalahi,LAMA BANGET CARI DRIVER NYA WOYYY KEBURU LAPER GAK DAPET DRIVER DEKET PADAHAL RESTONYA,1,2024-01-05 13:08:38,4.80.4,negative,rating_rule,86
Handi Nugraha,Heran banget sm aplikasi ini sering bgt error mau pesan gofood loading terus entah apa maksudnya makannya mending pindah ke si oren dah kapok pake gojek buang2 waktu keburu laper,1,2023-12-21 11:52:03,4.80.4,negative,rating_rule,178
Rizki Yuniasari,Mesan gofood hampir 1 jam g dpt driver akhirnya resto minta dibatalkan,2,2024-01-05 12:42:38,4.80.4,negative,rating_rule,70
Zaelani oke,Top bangetmurah lagi,5,2023-12-22 11:23:15,4.80.4,positive,rating_rule,20
Rony Yusuf,Makin tidak enak pesan food di gojek,1,2024-01-05 12:11:10,4.80.4,negative,rating_rule,36
Iyan Suryansyah,Kenapa ga bisa di pake gopaylaternya Padahal ga pernah telatlimit juga naek teruspas di cek ternyata gopaylaternya di bekukan Trus buat apa limit naek tapi gabisa dipake,1,2023-12-22 11:07:26,4.80.4,negative,rating_rule,169
Gentha IG,Vocer buat pengguna baru aja yg ada Pengguna lama mau kau kemanakan,1,2024-01-05 12:26:59,4.80.4,negative,rating_rule,67
Zahra Nurfiani,mohon maaf gojek ini ko semakin lama eror bgt ya saya udah top up gojek jdi lemot gini pdhal jaringan saya bagus,3,2023-12-21 11:54:41,4.80.4,neutral,rating_rule,112
Teguh Setiawan,SAYA KECEWA SAMA APK GOJEK 3X SAYA PESAN MAKANAN DAN GOJEK PADAHAL SUFAH BENER ALAMAT YANG SAYA TULIS TAPI KENAPA TIDAK SESUAI,1,2024-01-05 12:15:03,4.80.4,negative,rating_rule,126
Fatur Rohman,jangan bikin akun gojek driver klau gak pada mau narik mah anjer ongkos aja harus besar kenyamnan gak ada di kasih hujan gak mau pada narik padahal gua pesen nya gocar bukan goride bego,1,2024-01-05 12:12:03,4.80.4,negative,rating_rule,185
Echo Pardede,Udah gak ada Gotix lagi Makin hari fitur gojek makin berkurang Hadehh,1,2024-01-05 12:11:43,4.80.4,negative,rating_rule,69
Teranatalie Teranatalie,terlalu mahalgak ada diskon pula  alamak,1,2024-01-05 10:53:02,4.80.4,negative,rating_rule,40
Nabila Saru,Apk ny bagussangat merokomendasikan,5,2024-01-05 10:50:05,4.80.4,positive,rating_rule,35
Reza Maulana,Mantap pelayanannya baik sekali,5,2024-01-05 10:49:58,4.80.4,positive,rating_rule,31
Edgar Stone,Lagi laper mau pesen makan malah error dan muncul tulisan server sedang sibuk dan diulang tetep muncul terus kata kata seperti itu Sudah update ke versi terbaru dan dalam posisi memakai sinyal WiFi yang lancar tetapi masih error terus,1,2024-01-05 07:28:22,4.80.4,negative,rating_rule,234
Naldi Loper,Sangat bagus sekali,5,2024-01-02 06:57:30,4.80.4,positive,rating_rule,19
aris zulkarnain,sangat terbantu dengan aplikasi ini,5,2024-01-02 07:04:41,4.80.4,positive,rating_rule,35
Imanuel Teguh,Apk gak jelas dah up tetep aja gak bisa di pakai parah pengguna lama ini woii,1,2024-01-05 07:33:20,4.80.4,negative,rating_rule,77
Ileta Soetrisna,Promonya kurang Banyakin donk promo goridenya Aplikasi sering keluar sendiri,2,2023-12-22 10:02:24,4.80.4,negative,rating_rule,76
baswan aris,diantar sampai tujuan,5,2024-01-02 07:15:25,4.80.4,positive,rating_rule,21
Yuni Pribadi,Custemer harus ada alasan saat membatalkn tetapi driver seenaknya tiba2 membatalkan pesanan,2,2023-12-22 09:30:47,4.80.4,negative,rating_rule,91
Juniar Sugiarto,Sering error,2,2023-12-22 09:28:59,4.80.4,negative,rating_rule,12
Yulia Herman,alhamdulillaah selalu puas pakai aplikasi go jek,4,2024-01-02 07:26:02,4.80.4,positive,rating_rule,48
Pengguna Google,mantaaapsangat membantu tapi sayang banget gopay later nya denda nya sangat tidak bersahabat menyekik konsumen besar banget per hari 50rb denda nya tagihan 200 jadi 250 sama denda nyasangat menyesaaall pake gopay later,4,2024-01-02 07:42:53,4.80.4,positive,rating_rule,218
Zlatan Ferdhy,Jadi mudah gampang klo mau kmna mnaterjangkau lagi,5,2024-01-05 07:22:54,4.80.4,positive,rating_rule,50
Dika Samudra,Nih saya kasih saran ya kalo bisa pembayaran gopay later itu harus dari jauh hari giliran telat sehari kena denda 50rb Misal saya harus bayar tanggal 15 Januari nah bikin fitur jadi bisa bayar ditanggal 10 januari jangan curang dongorang gak setiap saat bisa bayar tepat waktu GOJEK sengaja curang kayak gitu supaya semua orang kena denda,1,2024-01-02 07:50:46,4.80.4,negative,rating_rule,338
Kicauan murai batu,Gooood,5,2023-12-21 12:17:13,4.80.4,positive,rating_rule,6
jully Isran,Gojek sudah antar pedanan tapi ibu lg sholat gojek antar kealamat yg salah Tp gojek balik lagi ternyata prdanan ibu masih ada dan skrng sudah diterima ibu kasisn saja driver gojrknya jd bolak bslik,5,2024-01-02 06:56:50,4.80.4,positive,rating_rule,197
Iman Sudiman,Knp gak bisa di buka ini apknya pdhl udh di update,5,2023-12-21 12:15:18,4.80.4,positive,rating_rule,50
Shofiyah Utami,terima kasih,5,2024-01-02 06:43:19,4.80.4,positive,rating_rule,12
Novita Nov,Admiiinnnnnnn bisain lagi dong pulsa dan paket data pake GopayLatter  hikss sedih aku tu udah ga bisa lagiiiiiii,4,2024-01-05 10:25:48,4.80.4,positive,rating_rule,112
Yudhi Darmawan,Harga lebih bersaing,5,2024-01-02 06:36:07,4.80.4,positive,rating_rule,20
Melly Roselyna,Tetap yang terbaik,5,2024-01-05 10:10:21,4.80.4,positive,rating_rule,18
Taufikhidayat tulloh,Udh ber taun taun pake Gojek Semenjak di abdate gopayletera gak bisa di pake alias terblokir padahal GK pernah telat soal pembayarannya Nexs unistal ajh deh,1,2024-01-05 09:48:43,4.80.4,negative,rating_rule,156
Zoom Pro,Saya coba dulu,3,2024-01-02 06:38:06,4.80.4,neutral,rating_rule,14
Rakha widjaja,Sdh 3 hari saya ga bisa2 buka aplikasi gojek knapa ya Padahal saya baru masukin dana ke gopay Need solution please,2,2024-01-05 09:44:31,4.80.4,negative,rating_rule,114
Tika Kartikawati,Kok gak bisa buka merchant gofood ya Mau pesan gofood muter2 terus,2,2024-01-02 06:43:53,4.80.4,negative,rating_rule,66
CAKRA,Sering Error memalukan,1,2023-12-21 12:07:56,4.80.4,negative,rating_rule,22
yudha saputra,ni gimana sih  top up ada laporan nya tapi saldonya ga masuk,1,2023-12-21 12:09:54,4.80.4,negative,rating_rule,60
agus soesilo,Koq saldo ovo saya tdk muncul,2,2023-12-22 10:31:13,4.80.4,negative,rating_rule,29
Nismara Nalani,Selalu dapet driver yang jauh,2,2024-01-05 08:46:35,4.80.4,negative,rating_rule,29
Wahyu setia,Bagussangat membantu,5,2024-01-05 03:00:02,4.80.4,positive,rating_rule,20
Pengguna Google,Makin susah makin ancurrr,1,2023-12-21 12:45:52,4.80.4,negative,rating_rule,25
Erni Wijayanti,Ini gimana ya kok gak bisa order Pas mau bayar malah blank Bukan karena jaringan internet nya ya karena buat yang lain bisa hanya waktu mau order aja gak bisa,1,2023-12-21 13:03:36,4.80.4,negative,rating_rule,158
Rudi Bothakxx,Aplikasi oke,5,2024-01-02 16:58:57,4.80.4,positive,rating_rule,12
Ojol Galaxy,nikmaty kringet driver,1,2024-01-04 17:39:06,4.80.4,negative,rating_rule,22
Nona Erni,Gojek,5,2024-01-04 17:20:02,4.80.4,positive,rating_rule,5
Cecep Kalcit,harga lbh murah,5,2024-01-02 17:07:03,4.80.4,positive,rating_rule,15
Elizabeth Mulyani,pelayanan bagus walau hujan tetap semangat melayani masyarakat,4,2024-01-02 17:13:29,4.80.4,positive,rating_rule,62
Dimas Aditia Saputra,aplikasi gofood yg skrg yg versi terbaru agak aneh promo kurang menarik dan skrg opsi driver ada pilihanya mau cepet sampe atau lama tergantung ongkirongkir mahal nyampe nya cepet ongkir murah nyampenya lama kemaren kemaren lalu gk gini gini amat tolong kembalikan gojek yg dulu,2,2024-01-04 17:16:19,4.80.4,negative,rating_rule,278
Anastasia Sandy Carolin,Mengapa penukaran coin tidak dipotongSaat coin digunakan di tempat coin sdh 0 sedangkan di pembayaran tidak dipotong sedikitpun,2,2024-01-02 17:24:30,4.80.4,negative,rating_rule,127
Reseh Boy,Berfaidah,5,2024-01-04 17:11:20,4.80.4,positive,rating_rule,9
Alya Lia,Aplikasi gk jelas eror mulu internet kenceng tp mau pesen makan loding mulu padahal buat yg lain aman buat Shopee aja lancar,1,2023-12-21 13:03:54,4.80.4,negative,rating_rule,124
Lina Lina,Min minta tolong drivernya suruh pake deodoran soalnya udh 2x nemu go car bau ketek bgt mau cancel gak enak kasian Bertahuntahun pake go car baru kali 2x ini dapet yang bau ketek,4,2024-01-02 18:31:02,4.80.4,positive,rating_rule,178
Mufli Likhun,Gojek terpercaya nyaman dan cepat sampai tujuan,5,2024-01-02 21:11:09,4.80.4,positive,rating_rule,47
Rifki,Aplikasi nya jelek loading terus sinyal bagus update yang terbaru udah hapus install hapus install susah masuk ke akun saya,1,2023-12-21 13:03:55,4.80.4,negative,rating_rule,123
INd_Chanel27,Hallo gopaylater saya tidak bisa digunakan padahal semua tagihan sudah dibayar tepat waktu,1,2024-01-02 21:22:05,4.80.4,negative,rating_rule,90
ARAFAT GANG,Voucher mu gak asyik lagi,1,2024-01-02 16:44:48,4.80.4,negative,rating_rule,25
A Wahyu,Alhamdulillah nyaman Penjemputan tepat ok bos,5,2024-01-04 19:17:51,4.80.4,positive,rating_rule,45
Fitriani,Data saya bocor akibat pinjam uang di go pinjam Padahal saya bayar selalu tepat waktu Di suruh menceritakan permasalahan via email tapi Alamat email yang di tentukan gak valid,1,2024-01-04 21:17:28,4.80.4,negative,rating_rule,175
Spontan Uhuyy,5 AKUN GOJEK SAYATIDAK ADA SATU PUN PROMOSINTING EMANG,1,2024-01-02 14:55:10,4.80.4,negative,rating_rule,54
Imomori Andreo,Parah pesanan biteship gak bisa di klik chat centang 1 terus gak masuk2parah bgt gojek skrg kalo gini terus siapa yg mau bertahan ni dengan aplikasi yg sering eror gini,1,2024-01-02 15:05:27,4.80.4,negative,rating_rule,168
Partahi Habonaran Siagian,Apk nya makin update makin ngaur pas apk di buka oke oke aj tpi tiba tiba keluar sendiri udh tuuh apk nya gk bisa lagi di buka setiap di buka kluar sendiri,1,2024-01-02 15:07:32,4.80.4,negative,rating_rule,155
Ahmad Hidayat,Trimakasih,5,2024-01-02 15:12:54,4.80.4,positive,rating_rule,10
Dian Permana,Aplikasinya udh diupdate malah gak bisa dibuka padahal sinyalnya stabil aduh gimana inii,3,2024-01-02 15:19:06,4.80.4,neutral,rating_rule,88
M. Arif Zikrillah,Sampah,1,2024-01-02 15:53:45,4.80.4,negative,rating_rule,6
Dwi amalia Fatonah,Pelayanan jelek gopay saya ketahan toko tutup tapi di aplikasi buka uda GANTI 3 DRIVER KATA NYA TOKONYA TUTUP TOLONG GOPAY SAYA KETAHAN,1,2024-01-02 15:19:43,4.80.4,negative,rating_rule,135
dark mocha,BANYAK PROMO NYAAA,5,2024-01-04 19:15:08,4.80.4,positive,rating_rule,18
Yopi Agustian,Sukses terus,5,2024-01-04 19:11:14,4.80.4,positive,rating_rule,12
obunaga,Tolol anjg blokir nya jangan kelamaan masalah nya toblo lu kek kontl susah di pencet,3,2024-01-02 15:29:53,4.80.4,neutral,rating_rule,84
firman firmansyah,Gblk internet gangguan trus,1,2024-01-02 15:44:22,4.80.4,negative,rating_rule,27
aditya Yudistira,Lelet aplik,1,2023-12-21 13:09:51,4.80.4,negative,rating_rule,11
Yahya Baraqbah,Cepat tepat waktu,5,2024-01-03 00:12:51,4.80.4,positive,rating_rule,17
Rifky Alfarizi,ni yang bener bener ae lahh gua pesen go car 30 menit lebih gaada yang mau pa gimana padahal di mapsnya banyak kali ni gocar di sekitar gua,1,2024-01-03 00:16:16,4.80.4,negative,rating_rule,139
adi maulana,Setelah diperbarui malah makin ga jelas liat saldo gopay aja susah banget Ini gmn sih baru isi saldo gopay tpi ga bisa liat saldonya,1,2023-12-21 13:07:54,4.80.4,negative,rating_rule,132
Yohanes Vito Bagus Riyadi,Aplikasinya oke cuman drivernya sering aneh dilihat dari peta dekat di lokasi cuma ketika pesan tidak di terima Kalaupun sedang antar penumpang kenapa masih di tempat yang sama gak jalan,2,2024-01-03 00:26:36,4.80.4,negative,rating_rule,186
Abustan Sahid,Banyak membantu,5,2024-01-03 00:47:11,4.80.4,positive,rating_rule,15
Andri Ansyah,Parah masa paylater tiba tiba di blokir padahal engga pernah telat,1,2024-01-03 00:50:31,4.80.4,negative,rating_rule,66
Ediyo,Bagusma kasih yah,5,2024-01-04 15:10:08,4.80.4,positive,rating_rule,17
Syahrul & Syifa,Kapok make gopay later  cuma telat 1 hari aja dendanya 50ribu Selevel cicilan lain nya gak segitu dendanya kali Ini mah gilaa Korup banget Jadi kapok mau make gopaylater lagi Kebangetan dendanya,2,2024-01-03 00:12:12,4.80.4,negative,rating_rule,194
heheh.mp4,susah dapat driver padahal lagi buru buru sekali nya dapet di cancel aplikasi tidak layak,1,2024-01-03 00:52:18,4.80.4,negative,rating_rule,89
Ari Prayogi,Kenapa di blokir,1,2023-12-21 13:14:58,4.80.4,negative,rating_rule,16
Firdaussiyah 565,Aplikasi sangat bagus banyak promo setiap bulan nya dan juga driver di gojek ramah,5,2024-01-04 15:07:34,4.80.4,positive,rating_rule,82
warja darmawan,Akhir2 ini aplikasi sering crassforce close bahkan gak bs dibuka sama sekali jd males pakainya klau masalah jaringan kenapa aplikasi yg lain lancar youtobe streaming fb IG dll,1,2024-01-03 00:56:33,4.80.4,negative,rating_rule,175
Hendri Yas,Saya kasih bintang satu perut dah lapar Pesanan di ambil resto Respon dari resto nggk ada driver nggk ditemukan setelah Saya ambil promo,1,2024-01-04 15:05:08,4.80.4,negative,rating_rule,136
Mus Syafa,Semakin mantap,5,2024-01-03 01:05:21,4.80.4,positive,rating_rule,14
Mrs. Mustika,Tgl 2 Januari 2024 saya pesan barang di tokped pemilihan kurir sameday Lalu pd jam 1141 siang ada telp dengan no baru dan saya tdk lantas mengankatnya karna sedang tidak pegang hp pd saat itu saya liat di riwayat panggilan kiranya jam 1208 saya liat sudah ada bbrp telp masuk dan ada inbox dari gojek Ternyata paket saya sudah sampai lalu saya liat chat drivernyasungguh disayangkan chat terakhir dari drivernya yg mengatakan setan paket mau diambil gak gua udah lama nungguin anjg,1,2024-01-04 15:28:22,4.80.4,negative,rating_rule,481
Nihar Tati,Mantap sangat membantu adanya gojek,5,2023-12-22 03:01:41,4.80.4,positive,rating_rule,35
Mbah Dosen Channel,Menolong disaat lapar tapi mager apalagi pas hujan,5,2024-01-04 16:34:40,4.80.4,positive,rating_rule,50
Donny Chemplon,Kerennn,5,2023-12-22 03:40:09,4.80.4,positive,rating_rule,7
Dwi Wigati,Makin kesini makin ga bagus aja ni aplikasigopaylater tiba tiba di blokir tanpa ada keterangan yang jelas padahal awalnya bisa buat transaksi di tokopedia tiba2 gagal terus pas lihat kolom pembayaran gopaylater diblokirsudah lapor dan jawabannya sma aja tidak bisa mengetahui pasti kenapa di blokir Kalau jawabannya hanya itu lihat di google juga banyak Ga bisa mengatasi masalah dengan jelas,1,2024-01-02 22:34:52,4.80.4,negative,rating_rule,392
Juanda Septian,Tolong dong aplikasi nya di perbagus setiap selesai hujan cari driver susah,1,2024-01-04 15:58:34,4.80.4,negative,rating_rule,75
Tatang Hidayat,Aplikasinya sering ngefreeze Harus force close app terus Gk bisa lama2 di aplikasinya Udah beberapa kali update msh sama aja Mohon diperbaiki karna lama2 mengganggu Thanks Semoga gojek sukses selalu dan makin banyak promo nya Promonya jg jangan harus pake paylater mulu Kayak terpaksa disuruh ngutang Apa2an dah,2,2023-12-22 03:47:13,4.80.4,negative,rating_rule,311
Nur Icha,Kalo mau bayar qris pke gojek gk nyaman tapi untung ada apk khusus gopay yg lebih lancar walaupun agak repot harus punya 2 aplikasi ini bersamaan but its okay,4,2024-01-02 22:49:32,4.80.4,positive,rating_rule,158
Rfny Atallah,Kenapa sih cari driver susah bangettt saya pesen gofood dari jam 8 sampai skrg ga sampe sampe,2,2024-01-04 15:44:38,4.80.4,negative,rating_rule,93
aiu 99,ini fitur kenapa jadi ribet mesen gofood sejam lebih lokasi dekat driver cancel seenaknya gaada info alhasil nunggu berulang2 ga nyaman banget kayak gini gabisa dibatalin ga bisa komplen,3,2024-01-04 15:30:25,4.80.4,neutral,rating_rule,186
Shakila Afifa Sariyah,ya cukup bagus cuma kalo lg hujan kdg gamau ada yg nerima pdhl mau brangkat jam itu juga alhasil telat sekolah pdhl saya bawa jas hujan juga,3,2024-01-02 23:05:33,4.80.4,neutral,rating_rule,140
Bika Dede Rini,Kenapa tidh bisa terbuka,5,2023-12-22 03:03:59,4.80.4,positive,rating_rule,24
rizal azmi,Di saat lagi di butuhkan tidak pernah ada Seperti sedang hujan tidak ada yang mau merespon pesanan sayayang pastinya membuat saya kesal,1,2024-01-02 23:30:14,4.80.4,negative,rating_rule,135
edy sugandi,Okeh bangetz,5,2024-01-02 23:38:44,4.80.4,positive,rating_rule,12
Dimas Wahyudi,ga pernah dapet driverrr gofoood,1,2024-01-04 15:33:03,4.80.4,negative,rating_rule,32
Toni Sanada,excellent service,5,2024-01-02 23:55:10,4.80.4,positive,rating_rule,17
Deddy Octavian,Sudah di upgrade malah sering gagal transaksi malah sekarang parah CS jawabnya lambat banget malah ga ditanggapi haduuuuuuuh kllo sdh 0 kaynya mau di pindah aja lah  masalahnya CS selalu bilang mau di cek tapi tetep aja gagal  gagal gagal transaksi dan ga bisa di pake mendingan pindah ke aplikasi sebelah ga pernah ada halangan  lancar dan mudah,1,2024-01-04 15:31:39,4.80.4,negative,rating_rule,346
Firla Wafali,Mantaf sangat membantu,5,2023-12-22 03:58:30,4.80.4,positive,rating_rule,22
Malik Sanu,Tingkatkan  pertahankan,5,2024-01-02 14:44:37,4.80.4,positive,rating_rule,23
Abdul Latif,Mengecewakan order pemaksaan,1,2023-12-22 08:21:53,4.80.4,negative,rating_rule,28
Meidy Jordan,Mantapu,5,2024-01-02 14:38:50,4.80.4,positive,rating_rule,7
Jamal,Aq kasi bintang 5 karna menurut aq ini sangat bagus,5,2024-01-02 12:54:55,4.80.4,positive,rating_rule,51
Teguh Supriyanto,Thanku for super service,5,2024-01-05 02:21:22,4.80.4,positive,rating_rule,24
Rumanfathan FATHAN,Gocar di malang jarak jemput nya sering kali jauhbuang waktu saja harus order cancel beberapa kali sampai dapat driver yg dekat dan mau jemput,1,2024-01-05 02:17:31,4.80.4,negative,rating_rule,142
Muliyati Anggraini,Kasih promo boleh Tapii kalo buat nyusahin dapet driver Lebih baik g usah kasih promo,1,2024-01-02 13:01:57,4.80.4,negative,rating_rule,85
Didi juli Padmonoadi,Pelayanannya cepat Sukses selalu PTgojek,5,2024-01-05 02:07:55,4.80.4,positive,rating_rule,40
Aulia Maharani,pelit bgt gak mau kasih voucher sumpah ih dlu sebelum ngaktifin gopay banyak bgt vouchernya sekarang pas udh pake gopay malah gak pernah dapet voucher lagiiiiii kecewaaaaa huu bintang satu,1,2024-01-02 13:04:02,4.80.4,negative,rating_rule,188
Bambang Kaelani,Sering crash keluar sendirilemot Kalo semisal emng bermasalah dng sinyal kenapa buat stremingbuat buka aplikasi lainyg menggunakan sinyal juga masih lancar lancar aja Tlng dong dan saya liat kayak nya bukan saya aja yg mengalami masalah ini user gojek lain juga mengalminya Tlng dong gojek segera di perbaiki masalah ini Jujur saya terbatu bngt sama gojek Jadi tlng masalah ini segera di fix Makasih,1,2024-01-05 01:59:29,4.80.4,negative,rating_rule,399
SDN Burneh 3 Kec. Burneh,Sering sering aja diskon klo g diskon naujubile mahal Jadi klo g diskonan si gojek bukan pengganti alat transportasi yang terjangkau tapi jadi alternatif yang dipakai kalau kepepet doang Jadi harusnya bisa 2030x perbulan jadi cuman 15x per bulan karena orang mah mikir ongkosnya aja bisa ngongkosin kita seminggu,5,2024-01-05 01:18:33,4.80.4,positive,rating_rule,312
Putra Sigit,Pelayanan keamanan dan ketepatan waktu jemput dan antar bagus,5,2024-01-05 01:16:03,4.80.4,positive,rating_rule,61
rosa rahayu,Sangat terbantu mudah di gunakan,5,2024-01-05 01:12:58,4.80.4,positive,rating_rule,32
Daymon Hilldajat,Cakupan resto banyak driver selalu tersedia dan vocer yg menarik,5,2024-01-02 13:07:17,4.80.4,positive,rating_rule,64
G.A.N. Santhi Kumari Pusya Dewi,Manajemen pesanan yg sekarang jelek Nunggu 2 jam dlm ketidakpastian Lbh bagus manajemen yang dulu Dulu driver dpt trs ke resto Skrg resto baru cari gojek kalo g dapat resto auto cancel pdhl udh nunggu lama,1,2024-01-02 13:14:06,4.80.4,negative,rating_rule,205
c fariski,mau nanya kenapa go pinjem saya hilang dari mene,5,2024-01-02 13:27:07,4.80.4,positive,rating_rule,48
reni suryani,Saya tidak bisa menggunakan apk gojeksudah d perbaharui ttp saja tdak bisatolong donk betulin apk saya,1,2024-01-05 01:03:55,4.80.4,negative,rating_rule,102
Bambang Waluyo (BaWal),I L O V E YOU,5,2024-01-05 02:28:19,4.80.4,positive,rating_rule,13
Nasikin kinkin,Mau bayar akulaku pake gopay later tapi suruh unduh e walet padahal e walet gojek sudah di unduh ini aplikasi bagaimana di min,3,2023-12-22 06:42:42,4.80.4,neutral,rating_rule,126
Seto Alawi,Makin parah semenjak update gajelas banget tiba keluar sendiri gabisa make gopay gopaylater juga tiba keblokir padahal gapernah telat bayarnya,1,2024-01-02 12:26:42,4.80.4,negative,rating_rule,142
Henokh Nugroho,Buat diskon gede di akhir bulan,4,2024-01-05 02:41:30,4.80.4,positive,rating_rule,31
Nur Rokhjm,Fiturnya lengkap dan sangat membantu,5,2023-12-22 08:07:31,4.80.4,positive,rating_rule,36
Siti Barkah,Aplikasinya sangat membantu sekali dan mudah digunakan perbanyak lg promo2nya biar tambah banyak peminatnya Sukses terus,5,2024-01-05 02:38:07,4.80.4,positive,rating_rule,120
Kakak Widarning,Langsung 7 bintang,5,2024-01-05 02:36:17,4.80.4,positive,rating_rule,18
Ekin Surbakti,Aplikasi ampas tiap mau transaksi koneksi terputus Mulu padahal di apk lain bagus sinyalnya,1,2024-01-02 12:16:47,4.80.4,negative,rating_rule,91
#427 SYARIFULLAH,Makin hari makin parah ini aplikasi,1,2024-01-02 12:25:59,4.80.4,negative,rating_rule,35
Dwi Annisa,Nyesel beli paket ongkir tetep mahal juga gk ada promo  Wkwkwkw,1,2024-01-05 02:28:53,4.80.4,negative,rating_rule,63
Untari Sulistyowati,berguna,5,2023-12-22 07:36:22,4.80.4,positive,rating_rule,7
Sunandar Ndar,Saya ngobrol dengan driver katanya potongan sekarang sangat menyengsarakan driver beda dengan tahun 2019 kebelakang Tolong kepada manajemen gojek kasih kesejahteraan kepada mitra karna mereka adalah ujung tombak perusahaan terima kasih,1,2024-01-02 12:29:38,4.80.4,negative,rating_rule,235
Yanpus25,SEDIAIN BAYAR VIA DANA DONG BERASA GAK GUNA PUNYA SIMPANAN DI DANA OY DEVELOPER,1,2024-01-05 02:30:53,4.80.4,negative,rating_rule,79
Irma Sanggup,Mahal byk biaya ini itu,5,2023-12-22 06:52:43,4.80.4,positive,rating_rule,23
Hery Febrianto,Pesen Gocar supirnya jarang responsif udh nunggu lama ngk di respon,1,2023-12-22 06:45:29,4.80.4,negative,rating_rule,67
Della Syhft,OMG kenapa gojek jadi begini sih susah banget mau pesen makanan kali 2 jam ga gerak  mau pembayaran Dibilang sinyal tapi buka aplikasi lain bisa pokokny skrng gojek jelek bgt beda kyk dulu Dari gopaylatter juga banyak kekurangan dah lah ber ahli apk aja auto unfollow apk ini byeeeee ribetttt,1,2023-12-21 12:50:58,4.80.4,negative,rating_rule,292
SFM MOJOKERTO,Kasih bintang 1 ajah Gopay Later saya nggk bisa soalnya Apa memang sengaja di persulit yaa,1,2024-01-05 00:53:29,4.80.4,negative,rating_rule,90
Amar Belek,Murah dan tepat waktu,5,2024-01-04 22:42:46,4.80.4,positive,rating_rule,21
Firman Wang,Sudah pakai gopaylater lama sekrg sdh gk bisa pakai lgtidak ad kejelasan saldo di naikin tp tdk d pakai buat ap mmg sdg gk jls nh parah,1,2023-12-22 05:39:53,4.80.4,negative,rating_rule,135
Suharti Suharti,terima kasih pak,5,2024-01-04 23:18:33,4.80.4,positive,rating_rule,16
Recky Raynaldi,gojek makin payah sistem minta update tapi malah ga ada kemajuan tiba gopaylater diblokir tanpa sebab dan tanpa diberi infomasi kalo terblokir kurang informatif,1,2023-12-22 05:01:19,4.80.4,negative,rating_rule,160
XIRPL2_Aditya Juniantara_10,Susah banget cari driver kalo pagi kenapa ya Giliran dapet yang deket driver malah batalin tolong lah gojek rekrut driver lagi,3,2024-01-04 22:53:20,4.80.4,neutral,rating_rule,126
Novri Patalala,Update terbaru malah ga bisa lihat posisi drivernya dimana Hadeh,1,2023-12-22 04:40:24,4.80.4,negative,rating_rule,64
早miracle,Harus pake jaringan NASA ini baru bagus kalau mau transaksi,1,2024-01-02 14:06:38,4.80.4,negative,rating_rule,59
Game Plagiat,Tolong ini kenapa saldo GOPAY saya hilang 21ribu padahal ga ada transaksi lho,1,2024-01-04 23:50:28,4.80.4,negative,rating_rule,77
Jaja Mabung,Gk connect gopay,3,2024-01-02 14:15:46,4.80.4,neutral,rating_rule,16
Mika Chan,Min kenapa gojek sekarang kek gini jelek bangetsaya gabisa masuk gojek malah keluar sendiriudah coba di hapus terus dowload lagi eh tetap aja sama gabisa masuk tolong dong perbaiki,1,2023-12-22 04:32:40,4.80.4,negative,rating_rule,180
Siti Dahliah,Sangat membantu sukses sell,5,2024-01-02 14:33:41,4.80.4,positive,rating_rule,27
Rahmad Karue,Makin berkembang makin mantap lagi,5,2024-01-04 22:25:49,4.80.4,positive,rating_rule,34
Hasanudin Bengkok,Goof,5,2024-01-04 21:58:59,4.80.4,positive,rating_rule,4
MrBear,app jelek udah ga dapat dapat driver selama sejam gabisa dibatalin dibilangnya sudah dapat driver padahal belum kalau ga dapat driver ya harusnya bisa di cancel,1,2024-01-04 21:54:19,4.80.4,negative,rating_rule,160
Abu Azhar,Apa gunanya fitur batalkan pesanan nungguin berjam jam gak dateng dateng ganti driver mulu apus aja tuh fitur batalkan pesanan kocak,1,2024-01-02 14:35:55,4.80.4,negative,rating_rule,132
dety dennish,Selama ini blm ad keluhan sihso far so good,5,2024-01-04 23:40:37,4.80.4,positive,rating_rule,43
sripatmawati 71,Mantap deh pokoknya,5,2024-01-04 23:52:15,4.80.4,positive,rating_rule,19
gavriel arjuna,Sekarang mahal banget mau order go food cuma kadang kadang kalau dulu sering banget,2,2024-01-02 13:30:08,4.80.4,negative,rating_rule,83
Agustina Ratri wahyu wardani,aplikasi nubjelas signal bagusdr td pesen makan gabisaada kali nyoba setengah jamujungnya dibilng koneksi burukmuka lu buruk,2,2023-12-21 12:52:50,4.80.4,negative,rating_rule,124
pandu wibisana,Gojek tolong dong gopay saya nyangkut ini sudah transfer akhir ini parah aplikasinya,1,2023-12-21 12:56:25,4.80.4,negative,rating_rule,84
Dante,Saya ubah bintangnya karna aplikasi jadi lebih sulit digunakan semenjak pesanan tidak bisa dibatalkan saya orang yang suka lupa buat ganti lokasi jadi saya pesan di lokasi yang bukan saya tinggali itu merepotkan driver juga,3,2024-01-02 13:32:59,4.80.4,neutral,rating_rule,223
siti hasanah,Driver sangat baik,5,2024-01-05 00:47:58,4.80.4,positive,rating_rule,18
Sri Lestari Lestari,Aplikasi sampah mau buy kuota aja susah,1,2023-12-22 05:59:42,4.80.4,negative,rating_rule,39
Ilham Alex,Transaksi tidak masuk suruh nunggu 2 hari sampai skrng tidak ada penyelesaian yg jelas CS pun pertanyaannya sama aja  Ngakak aja  banyak dompet digital lain  Banyak juga aplikasi ojek lain,1,2024-01-05 00:42:08,4.80.4,negative,rating_rule,188
Nia Muhartika,Paylater telat sehari denda 50rb setelah dibayarkan malah paylater di blokir gak bisa di pakai Baiklah Thx,1,2024-01-05 00:13:44,4.80.4,negative,rating_rule,106
RUSH YT,aplikasi sialan tiba2 crash gabisa di apa2 in loading terus udah di install ulang sama aja dongo,1,2023-12-21 13:00:15,4.80.4,negative,rating_rule,96
Kage Kage,Sudah lama memakai jasa gojek cuma kenapa akhir ini sering ga real time tulisan nya tunggu 10 mnt lagi gojek akan datang tapi nyatanya lebih dari itu terkadang stngh jam baru datang,2,2024-01-05 00:06:36,4.80.4,negative,rating_rule,181
Zikri Hamdani,Setelah update jadi lebih lelet loading mulu padahal jaringan juga oke hp juga oke,1,2024-01-02 13:39:47,4.80.4,negative,rating_rule,82
yiren,Aneh mesen goride drivernya belom sampe tapi udah terkonfirmasi udah sampe jadi gabisa di cancel,4,2023-12-22 05:42:49,4.80.4,positive,rating_rule,96
Yohandes Loa,Aplikasi bedebahhhh,1,2024-01-05 00:03:21,4.80.4,negative,rating_rule,19
Muhammad Akhiruddain,baik dan ramah,5,2024-01-02 13:47:22,4.80.4,positive,rating_rule,14
lilis aisyah,Gopaylatter sudah dibayar sebelum jatuh tempoawalnya susah digunakandan sekarang tibatiba di blokir dengan limit yang masih full,1,2024-01-04 23:56:42,4.80.4,negative,rating_rule,128
Sri Septiani,Ini aplikasi ko jadi lemot ya mau pesan ga bisa mulu karna ngeblank,1,2023-12-21 12:35:00,4.80.4,negative,rating_rule,67
Almin 01,Mestinya kalau nomor tdk terdaftar digopay driver top up saldo harus gagal dan masuk ke gopay yg ini rugi sy 670 rb karena salah top up ke gopay driver dan nomornya sama dgn gopay yg ini,1,2023-12-29 04:40:44,4.80.4,negative,rating_rule,186
DEBORA VRISKA,Kalau lokasi penjemputan jauh driver kebanyakan ga ada yang mau ambil,1,2024-01-01 01:58:52,4.80.4,negative,rating_rule,69
LK DW,Csnya bot,2,2023-12-27 22:35:57,4.80.4,negative,rating_rule,9
Indah Indah,Gojek parah saldo qris gk masuk ke potong gk jls lgi gk ada kabar ya klo mau mkn duit orang jngan tanggung di tlf gk nemu titik terang,1,2023-12-27 20:25:18,4.80.4,negative,rating_rule,134
Yuli Anto,Goodluck,5,2023-12-27 21:25:57,4.80.4,positive,rating_rule,8
Ferry setiawan chanel,biasa aja,5,2023-12-27 21:55:58,4.80.4,positive,rating_rule,9
michael,sering banget terjadi kesalahan seperti transaksi gagal saldomu sudah direfund tetapi saldonya tetap terpotong oh iya gabisa juga chat langsung dengan customer service cuma bisa bikin laporan kesel banget,1,2023-12-27 21:56:27,4.80.4,negative,rating_rule,204
Muhammad Musairi,Bagus banget pakek gojek aman dan cepat sampai tujuan,5,2023-12-24 15:52:01,4.80.4,positive,rating_rule,53
Agus Kuswara,Mantap praktis,5,2023-12-27 22:27:49,4.80.4,positive,rating_rule,14
Hadi Kurniawan,Kalo pesen makanan yg jaraknya deket tetep waktunya itu 45 menit Walopun makanan udah jadii tapi waktu masih lama Mangaaap itu driver di resto,2,2023-12-27 19:23:28,4.80.4,negative,rating_rule,142
Maya Mardiana,Tiap mau pake voucher keterangan nya server padat merayap teruss,2,2023-12-27 23:13:20,4.80.4,negative,rating_rule,64
dyahgan's channel,Gojek mantap Banyakin promonya jek,5,2023-12-24 15:40:07,4.80.4,positive,rating_rule,34
Yuniar Ekasaptaa,Sudah oklah,5,2023-12-28 00:02:55,4.80.4,positive,rating_rule,11
Annisa Dwi,Ga ush ngadain promo atau apalah Ga masuk akal mesen gofood 1 jam setengah hampir 2 jam malah Driver nyuruh cansel sama restonya juga ga ada respon apa apa,1,2023-12-28 00:12:05,4.80.4,negative,rating_rule,155
Suryati13,Banyakin promodiskon goride sma banyakin diskonpromo gofood dong promonya jangan nanggung yg minimal order gofood 50rb diskon 3550 dong yg promonya,5,2023-12-27 20:21:21,4.80.4,positive,rating_rule,147
Mudis,Ongkirnya serba mahal kuota internet jg lebih murahan di tokpednya dri pda di gojek,1,2023-12-24 15:57:30,4.80.4,negative,rating_rule,83
ery nugraha,Bagus memudah kan untuk hidup,5,2023-12-27 14:45:03,4.80.4,positive,rating_rule,29
Ari D.Yunianto,Aplikasi yang sangat membantu,5,2023-12-27 15:40:13,4.80.4,positive,rating_rule,29
Heru Darma Pratama,GOJEK Semakin Di Depan,5,2023-12-24 17:56:17,4.80.4,positive,rating_rule,22
Amelia Zhafira,mantap pokonya ttep jaga promo2 nya ya,5,2023-12-27 15:10:02,4.80.4,positive,rating_rule,38
Marcelinus Yongki Apriza,Saat di butuhkan  di situ app nya erorr  setiap mau transaksi pasti Ga dapat sinyal internet nih  padahal jelas2 pake internet untuk mengoperasikan app Di perbaiki lahh  masa sekelas Gojek aplikasi nya bgini sih,1,2023-12-27 15:33:05,4.80.4,negative,rating_rule,211
Angkasa nur maulana,Joossssssssss terrrrrrrrbaik,5,2023-12-27 15:45:52,4.80.4,positive,rating_rule,28
Ipal Qwensah,Kenapa ya kok sya sudah lunasin malah gak bisa ajuin lagi Malah di tolak padahal sya pelunasan cepat,1,2023-12-27 18:03:52,4.80.4,negative,rating_rule,100
Sinta Wati (Wati),kenapa ya gojek kadang bisa kadang gk apa ada yg pakai aplikasi nya ya,1,2023-12-27 15:54:09,4.80.4,negative,rating_rule,70
Rizky Amelia,Gojek lagi gmana ya gua ngisi pulsa gk masuk masuk sih Aplikasinya juga gk bisa dibuka ngeselin,1,2023-12-24 17:06:22,4.80.4,negative,rating_rule,95
Faizal Alhudri Hermanix,Tidak membantu dan merepotkan,1,2023-12-27 17:17:36,4.80.4,negative,rating_rule,29
Haitasiri Jayanti,Sulit banget,1,2023-12-24 16:23:26,4.80.4,negative,rating_rule,12
thor asgard,lemottr cari driverrr,1,2023-12-24 15:34:49,4.80.4,negative,rating_rule,21
Agus Karyanto,Jangan iklan trs mengganggu,1,2023-12-28 00:25:27,4.80.4,negative,rating_rule,27
N Yuk,ga sorry rating makin turun males mau pake aplikasimu krn saking lemotnya eh layanan gotix udah hilang  ga laku ya,1,2023-12-28 00:28:01,4.80.4,negative,rating_rule,114
Mofumofu,Makin diupdate malah makin rusak jadi lemot banyak loading blank,1,2023-12-24 13:37:37,4.80.4,negative,rating_rule,64
Fajar A. Septian,Saya dulu habis rata2 3jt lebih per bulan pakai gojek untuk keperluan bisnis Tapi semakin kesini rasanya tarifnya terlalu mahal mungkin bisa dievaluasi lah tarifnya,4,2023-12-28 03:12:02,4.80.4,positive,rating_rule,164
cuklex klex,Siapp,5,2023-12-28 03:21:16,4.80.4,positive,rating_rule,5
daniel lucky888,Pelayanannya memuaskan,5,2023-12-24 13:43:54,4.80.4,positive,rating_rule,22
Eliza Beth,Susah mengunakan ya,5,2023-12-28 03:23:46,4.80.4,positive,rating_rule,19
ZONYA BAWENGAN,Good and safe driver clean car,5,2023-12-28 03:30:19,4.80.4,positive,rating_rule,30
Pepi Il Pinturichio,harganya makin sini makin tidak masuk akal yang biasanya ke 1 tempat langganan itu 7090 ribu sekarang naik jadi 140 ribuan tapi yg dikasih ke drivernya gak naik akibatnya orderan sering dicancel driver karena driver merasa jarak yang begitu jauh tapi tarif rendah,1,2023-12-24 15:18:44,4.80.4,negative,rating_rule,263
Jurdan Taskol,Mantapsds,5,2023-12-28 03:38:55,4.80.4,positive,rating_rule,9
Imam Hanapi87,Kok Dr Soetomo,4,2023-12-28 03:48:23,4.80.4,positive,rating_rule,14
Alif Nizam,Ini saya kasih rating 1 karena akun saya yang dulunya udah prem trs setelah update malah jadi gak prem lagiini gimana yang mengalami gak cuman saya teman saya juga ada,1,2023-12-28 03:50:13,4.80.4,negative,rating_rule,167
Kinanti Permata,Menu di GOTIX itu saran saya di kasih menu dan keterangan tiket sudah di tonton dan yang akan datang Selain itu juga menu penilaian agar bisa mengetahui apakah film itu di rekomedasikan atau tidak,5,2023-12-28 04:11:04,4.80.4,positive,rating_rule,196
Julita Armadiany,Posisi di Jkt mau orderin gocar di Sby kok alamat g bisa diinput gimana ini,1,2023-12-28 04:11:37,4.80.4,negative,rating_rule,75
Andi Ahmad,Driver kebanyakan nggak bawa uang kecilbuat kembalian,4,2023-12-28 03:10:16,4.80.4,positive,rating_rule,53
Irpan syah Ipang,Mantap nyaman,5,2023-12-28 03:02:11,4.80.4,positive,rating_rule,13
Maman,gw bangga menggunakan aplikasi gojek Karena gojek asli aplikasi Indonesia alamat developernya juga ada di Indonesia untuk apa menggunakan aplikasi yang alamat developernya di luar negeri,5,2023-12-24 13:48:52,4.80.4,positive,rating_rule,186
Puguh wijaya,Buat kalian semuamari kita order go ride electrik untuk mengurangi polusi udara dan halus tidak berisik,5,2023-12-24 14:02:23,4.80.4,positive,rating_rule,103
Julita (Julita),Kalo udah ujan yah ampuun drivernya susah bgt yg mo ambil orderan penumpang pada belaga gak butuh nunggu ampe lama utk cari drivernya displinkan tuh drivernya Didpn mall banyak drivernya cuma emg pd males gimana gak pada lari ke ojek kuning coba,2,2023-12-28 00:48:36,4.80.4,negative,rating_rule,245
BADUT Hoki,Ongkir mahal,4,2023-12-28 00:59:22,4.80.4,positive,rating_rule,12
Evendi Maruli,Sukses selalu GOJEK INDONESIA,5,2023-12-24 15:06:56,4.80.4,positive,rating_rule,29
Annisa Aulia Rahma,sebel bgt aku gabisa tf lewat qriss 2 hari akhir ini selalu aja muncul notif tidak bisa memproses pembayaran terus,2,2023-12-28 01:21:25,4.80.4,negative,rating_rule,114
akbar wibi,Aplikasinya sering crash sama kaya sahamnya,1,2023-12-28 01:54:19,4.80.4,negative,rating_rule,43
Slamet Jumadi,Mantab ok,5,2023-12-28 01:57:31,4.80.4,positive,rating_rule,9
Zamzami Lafaf21,Makin kesini makin mahal jadi males pake gojek,1,2023-12-24 14:46:10,4.80.4,negative,rating_rule,46
Agus Yuli,Cepat murah,5,2023-12-28 02:13:21,4.80.4,positive,rating_rule,11
Samuel Sitorus,Pesan gofood saat hujan ga ada drivernya Aplikasi ini bukan solusi,1,2023-12-24 14:13:53,4.80.4,negative,rating_rule,66
Rahmat Prihadi,So far so good lah meng help me,5,2023-12-28 02:17:00,4.80.4,positive,rating_rule,31
ꦡꦫꦶꦗ꦳,Tolong perbaiki sistem mapsnya kenapa posisi driver sering tidak bergerak padahal sudah bergerak itu yang buat saya kesal harus konfirmasi terus buat memastikan kalau dapat driver yg mau balas enak kadang ada driver yg cuek gk lihat chat jadi sering saya cancel dan lagi mapsnya sering nyasar loh padahal titik antar jemput sudah sangat benar voucher juga tolong diperbanyak yah buat gofoodnya soalnya lebih mahal di ongkir tolong diperbaiki lagi supaya saya bisa kasih rating 5 kedepannya,3,2023-12-28 02:36:28,4.80.4,neutral,rating_rule,489
11A1_14_ Marsha Nabilah Rahmawati,Baik  ramah,5,2023-12-24 14:07:17,4.80.4,positive,rating_rule,11
Irma Yuliana,Hampir mau 7th pakai app ini ko sekarang tdk bs dbuka sama sekali sudah berkali kali dicobaTdk ada kendala jaringan Terus kudu pie,1,2023-12-28 02:50:33,4.80.4,negative,rating_rule,130
Imam Ramadhan,Saya kirim uang sudah 5 hari tidak kunjung masuk Pelayanan untuk pelaporan sangat kurang tanggap,1,2023-12-27 14:46:10,4.80.4,negative,rating_rule,96
Usisa Taqwa,Aplikasi yang sudah sangat membantu sayamohon di perbanyak voucher goridenya hehe,5,2023-12-27 14:38:06,4.80.4,positive,rating_rule,81
Sufri,Mantap tepat waktu,5,2024-01-01 01:41:18,4.80.4,positive,rating_rule,18
P Denis P,Gara gara beda no dengan aplikasi gopay terus saya ganti no nya sesuaikan dengan aplikasi gopay masa tiba tiba log out sendiri terus log in lagi saldonya tiba tiba jadi 0 hilang dan ga bisa diproses balik lagi saldonya susah dan lama ribet prosesnya Semoga kedepannya bisa lebih baik lagi pelayanannya,1,2023-12-25 01:06:56,4.80.4,negative,rating_rule,301
ozzy 21,Sepi dari mana2,1,2023-12-25 01:43:11,4.80.4,negative,rating_rule,15
Sarifudin Didin,Aplikasi yang sangat bagus dan produk dalam negeri,5,2023-12-27 10:01:16,4.80.4,positive,rating_rule,50
Hari Yanto,Di daerah pacet mojokerto masih kekurangan karyawan gojek,1,2023-12-25 01:17:54,4.80.4,negative,rating_rule,57
Yakub Sarianto,Driver banyak yg nakalsdh ketemu suruh matikankatanya potongan gededia rugi,2,2023-12-25 01:08:31,4.80.4,negative,rating_rule,75
goblok Tolol,Percuma bintang 5 kalau cari mobil susah apk ga guna,1,2023-12-27 09:26:41,4.80.4,negative,rating_rule,52
Calyx Linson Kiong,Dimana OTP saya kenapa belum masuk whatsapp saya,5,2023-12-27 10:23:27,4.80.4,positive,rating_rule,48
Mita Auliya,Kenapa sekarang kalau mau pesen susah nya padahal driver yang dekat lokasi penjemputan banyakini malah cari yang jauh dari lokasitolong di perbaiki lagi,3,2023-12-27 10:23:49,4.80.4,neutral,rating_rule,152
A Rostiana,Okeee,5,2023-12-25 00:58:35,4.80.4,positive,rating_rule,5
musicaafi nugroho,Penambahan biaya gak ngotak gofood makanan di restoran 50 ribu jadi 80 ribu terus ditambah biaya aplikasi sama ongkir,1,2023-12-27 10:50:28,4.80.4,negative,rating_rule,117
Sudarman,Aplikasi makanan terbaik gofood Terima kasih,5,2023-12-27 11:10:51,4.80.4,positive,rating_rule,44
Fikhri Wahyudi,Aplikasi tiba2 gak bisa memuat lokasi detail tarif dll n gak bisa pesan goridecar Udh lapor CS udah ikutin langkah2 nya sama aja ttp gak bisa aneh 3x lapor CS gak solutif Selalu kasih jawaban yang sama percuma ditanggapi lg malah lgsg kasih rating service Ya jelas bintang 1 Masalah nya belom selesai gak solutif n aplikasi masih blm bisa dipake,1,2023-12-27 09:24:10,4.80.4,negative,rating_rule,345
Maran Evans,Status transaksi gagal dan keterangan di refund tetapi uang tidak kembali,1,2023-12-24 18:20:07,4.80.4,negative,rating_rule,73
asep,awokwok,5,2023-12-27 08:00:24,4.80.4,positive,rating_rule,7
Moses Moch,Kali ini saya kasih 3 Bintang Alasannya Saya sudah order GoCar Terus internet putus Lah padahal di signal barnya bagus Kenapa di aplikasi seolah olah HP saya gak ada signal Akhirnya refresh ulang data internet Muncul dapat driver Sudah dijemput dan sampai hotel Eeeeeee tau tau nya Ada notifikasi driver kamu sedang dalam perjalanan dengan Nopol yg berbeda dari yg pertama ngantar Kan aneh Pantesan aku cari cari orderan yg sudah tuntas yg terbaru kok gak muncul Aneh nih Gojek,3,2023-12-27 08:01:06,4.80.4,neutral,rating_rule,477
Vanda Julita Yahya Yahya,menyenangkan,5,2023-12-27 08:03:38,4.80.4,positive,rating_rule,12
fitri Asih,ramah,4,2023-12-25 03:03:50,4.80.4,positive,rating_rule,5
Sari Hayati,cepat tepat n sangat membantu pilihan makananx aj yg perlu ditambahkan,5,2023-12-25 02:49:10,4.80.4,positive,rating_rule,70
Hilman Mauludin,takkan pernah terganti,5,2023-12-27 08:40:25,4.80.4,positive,rating_rule,22
Nenih Handayani,kereeeen,5,2023-12-27 08:41:59,4.80.4,positive,rating_rule,8
akbar nur,Akun lama jadi ada promo lagi mantap,5,2023-12-27 08:42:38,4.80.4,positive,rating_rule,36
kacen tuister,Kenapa pas mau tf tulisan nya sinyal gk ada padahal sinyal  paket banyak,1,2023-12-25 02:25:36,4.80.4,negative,rating_rule,72
Nayaka,Lemot banget jaringan mau sebagai apa sih jaringan udh 4G selalu update kalo buru buru jadi susah ribet banget,1,2023-12-27 08:54:31,4.80.4,negative,rating_rule,110
alfaisal,Abis di update malah gak bisa buka aplikasi something happened,5,2023-12-27 09:06:19,4.80.4,positive,rating_rule,62
purwanto doang,Pelayanan sangat bagus  ramah sekali,5,2023-12-24 23:54:51,4.80.4,positive,rating_rule,36
segy Gokil,Saya Tidak bisa masuk akun gojeg mohon bantuanya,4,2023-12-27 11:19:04,4.80.4,positive,rating_rule,48
Muhammad Jatnika Firdaus,Gojek memang juara,5,2023-12-27 13:07:41,4.80.4,positive,rating_rule,18
Maac Haro,nice hand,5,2023-12-27 13:20:27,4.80.4,positive,rating_rule,9
Nur Andrianto,haha gk bisa dibuka apps pdhal mau pesen makanan siap2 aja banyak yg uinstal,1,2023-12-27 13:22:52,4.80.4,negative,rating_rule,76
Kopi Malam,Mempermudah dalam pemesanan,5,2023-12-27 13:29:46,4.80.4,positive,rating_rule,27
Pur Wanto,Klw driver bnyk yg begini ramah sopan dan santun GK pilih2 order pasti is the best,5,2023-12-24 20:21:28,4.80.4,positive,rating_rule,82
Aii Love Yuhh,Aplikasi nya makin ksnimakin ga bner Udh mau bayar slalu ada gangguan padahal jaringan dh bagus,1,2023-12-27 13:51:44,4.80.4,negative,rating_rule,95
Jhe Jhe,pin verifikasi eror woiii,1,2023-12-27 11:23:19,4.80.4,negative,rating_rule,25
Welly Handani,Suka dengan aplikasinya tapi mohon untuk di abdet seditealnya terkadang lokasi yang saya cari sering tidak di temukan padahal lokasinya mudah di jangkau,4,2023-12-27 13:54:39,4.80.4,positive,rating_rule,152
Moeslimin,Jarang pakai sih tapi dari 3 kali pakai masih tetap memuaskan,5,2023-12-27 14:03:23,4.80.4,positive,rating_rule,61
Mas Budi,Murahbanyak diskon,5,2023-12-27 14:04:29,4.80.4,positive,rating_rule,18
ludfi mohamad,so so,3,2023-12-27 14:12:15,4.80.4,neutral,rating_rule,5
all sabotse,Wahai gojek kalo potong komisi dari driver jangan banyak  Kasihan mereka,5,2023-12-24 19:28:15,4.80.4,positive,rating_rule,72
Jacky Rachman,Baru mau masuk login setiap memasukkan pin ada notif jaringan bermasalah,1,2023-12-27 14:32:26,4.80.4,negative,rating_rule,72
Carya Trisanta,Msh oke lahh,4,2023-12-24 21:18:13,4.80.4,positive,rating_rule,12
Anggik Aditya,Woii kontoll baru juga top up tiba akun di nonaktifkan udah di aktifkan lagi saldo ilang anjeeng,1,2023-12-27 12:45:33,4.80.4,negative,rating_rule,96
Syamsul Nurliana,Thankssejauh ini aplikasiNya oksangat membantu buat kaum rebahan kawak aku,4,2023-12-27 12:42:11,4.80.4,positive,rating_rule,74
Vari ardya Pratiwi,Slalu suka tapi banyakin promo donk wkwkwkwk,5,2023-12-27 11:29:35,4.80.4,positive,rating_rule,44
Fariz2023 Yes,Mantap lebih cepat naik gojek,5,2023-12-24 23:38:29,4.80.4,positive,rating_rule,29
Wahyu Rarasakti,Aplikasi bagus dan mudah cm masalhnya kl pesen gofood terlalu bnyak biaya ini itu pas check out blm lagi bnyk resto yg ngasih hrg g ngotak Ngasih promo tp hrs pake bank tertentu Ribet,4,2023-12-27 11:53:00,4.80.4,positive,rating_rule,183
Instinc 270897,Aplikasi sampah setiap hari jumat Gapernah beruubah dari tahun ke tahun anjeeengg Gapernha bener ni aplikasi semakin lama semakin kayak sampahhh,1,2023-12-27 11:55:03,4.80.4,negative,rating_rule,144
rolita anggrayani,Keterangan sedang banyak pesanan tp di map banyak yg nganggur sengaja gak ambil orderan,1,2023-12-27 11:58:56,4.80.4,negative,rating_rule,87
Abdul Malik,Top bangeeettt,5,2023-12-27 12:00:01,4.80.4,positive,rating_rule,14
Mega Hasan,Orderan cepat dapat cepat datang dan driverx baik dan ramah,5,2023-12-24 23:35:07,4.80.4,positive,rating_rule,59
Fikri Fahrizi,Kenapa setelah diupdate jadi gak bisa dibuka padahal kemaren sebelum diupdate lancarlancar aja,1,2023-12-27 12:09:24,4.80.4,negative,rating_rule,94
Melani Lestari,Tiap trip kmn pun g d SBY malang ampe Bali Masi sulit dpt driver mau byr cash or gopay,1,2023-12-27 12:17:04,4.80.4,negative,rating_rule,86
Suryo Aji Prastiyo,Cairin gopinjam,5,2023-12-24 21:40:03,4.80.4,positive,rating_rule,15
Fadhilatul qbr,pelayanan nya lama,1,2023-12-24 13:36:32,4.80.4,negative,rating_rule,18
Rizki HK,Tarifnya murahin lagi donk,5,2023-12-28 04:24:33,4.80.4,positive,rating_rule,26
Oim Bae,Bussseeeeet dah ongkir sama biaya lainnya aja udh 18rbpdhl dekat aja pengantaranjd segan pesan lewat gojek hdeuh,1,2023-12-28 04:40:21,4.80.4,negative,rating_rule,112
kanis kembang,Yoi,5,2023-12-28 13:34:17,4.80.4,positive,rating_rule,3
Dedi Kurnia,Makin sini makin parah udah mahal lama lagi,1,2023-12-28 13:16:05,4.80.4,negative,rating_rule,43
Rahmat Redcliffe,Orderan jauh jauh,1,2023-12-24 09:57:51,4.80.4,negative,rating_rule,17
davis mou,Bagus sangat membantu memudahkan,5,2023-12-28 13:28:12,4.80.4,positive,rating_rule,32
Loxzy4 JR,Susah pencarian driver sekalinya dapat malah dicancel padahal udah seneng krn kitanya tungguin lebih dari 5 menit gada yg terima orderan,2,2023-12-24 09:31:59,4.80.4,negative,rating_rule,136
Arina Rahma maula,Apk gojek kenapa si Uda 3x eror terus dibukanya lama banget Setiap abis order pasti selalu ada tulisan gojek tidak menanggapi Tolong dong diperbaiki lagi,1,2023-12-24 09:28:51,4.80.4,negative,rating_rule,153
Moch. Arifin,gojek,5,2023-12-28 13:31:44,4.80.4,positive,rating_rule,5
Undang Tahayudin,CS gopay nya parah semena2 langsung tutup telpon,2,2023-12-28 13:37:01,4.80.4,negative,rating_rule,48
Adam Saputra,App yang bermanfaat tingkatkan,5,2023-12-28 12:54:57,4.80.4,positive,rating_rule,30
frans minor,Untuk sampai sekarang ini Bagus pelayanannya,4,2023-12-28 13:39:51,4.80.4,positive,rating_rule,44
Egi Febriansyah,Semakin sukses dan jaya,5,2023-12-28 13:48:23,4.80.4,positive,rating_rule,23
Tamma XF,Buat order susah amat ga nyantol nyantol,1,2023-12-28 13:49:19,4.80.4,negative,rating_rule,40
Suhaeri Dg Tutu,Mantap promonya,5,2023-12-28 13:53:28,4.80.4,positive,rating_rule,15
cornelius purwanto,driver sangat sopan dan pelayanan memuaskan,5,2023-12-24 09:04:16,4.80.4,positive,rating_rule,43
Anggres Sutrisna,Apaansih pesan gofood sejam lebih driver pada ngancel ga jelas udah laper palah lama dan akhirnya dicancel ga jelas error dimananya parah,1,2023-12-24 10:04:39,4.80.4,negative,rating_rule,137
Khorida Firoh,Sangat menyenangkan mengenal aplikasi ini fitur nya lengkap dan mudah,5,2023-12-28 04:40:40,4.80.4,positive,rating_rule,69
Tari Lestari,Ini kenapa sii tiap buka app gojek ada masalah mulu sma jaringan  pdhal sinyal aman aja,1,2023-12-28 12:17:59,4.80.4,negative,rating_rule,87
Dimas Adha,Di GoFood ngga menampilkan menu makanan aplikasinya busuk,1,2023-12-28 11:32:52,4.80.4,negative,rating_rule,57
purwantoro noviyanto,More Good Services Excellence,5,2023-12-24 10:47:53,4.80.4,positive,rating_rule,29
AL,Kalau dah hujan pake gocar kan  ini gocar mana yg mau narik,1,2023-12-24 10:29:17,4.80.4,negative,rating_rule,59
Dahlia Aisyah,Minta d update kok hbs d update malah g bs ke buka Jengkel bgt q Mana lg btuh2 nya gofood Ampe uninstl mulu Jengah gw Pindah ke grab aja dah,1,2023-12-28 12:03:09,4.80.4,negative,rating_rule,140
Ryan Pramoedya Galoeling,Tidak berubah bahkan lebih buruk setelah update Good job  Waktu pemesanan tidak realtime dengan driver update lokasi driver tidak realtime penempatan lokasi map sering terlempar di area yg jauh dengan aslinya aplikasi sering crashforce close kalo bilang masalah jaringan kenapa aplikasi lain game atau streaming bisa lancar Habis akuisisi kok malah blunder aneh,1,2023-12-28 12:11:58,4.80.4,negative,rating_rule,361
Agus Prastyo,sejauh ini oke tapi dibuat banyak promo lagi ya,5,2023-12-28 12:51:14,4.80.4,positive,rating_rule,47
Farid Maulana,Kenapa gopaylater tidak bisa dipake lagi yyy,2,2023-12-28 12:33:24,4.80.4,negative,rating_rule,44
Muhammad Ridho Jorghi,Aplikasi buruk sekali masa pesanan otomatis dibatalkan hanya karena tidak menemukan driver Konyol sekali masa pelanggan yang menanggung akibatnya bukan sebentar nunggu nya 1 jam loh Haduh,1,2023-12-24 10:22:11,4.80.4,negative,rating_rule,187
M. Athaariq Ardi,Ga bisa beli rokok lagi di gomart,1,2023-12-24 10:20:01,4.80.4,negative,rating_rule,33
Jamaluddin Lubis,Gojek aplikasinya bukan makin bagus tapi makin anjlok Upgrade gopay ke tabungan apalah it top up saldo jadi lama masuknya Aplikasi lemotnya parah Order sllu dapat drivernya jauh Gopaylater limitnya naik jutaan tp di blokir Udah deh gak mau pakai lagi LEMOT,1,2023-12-28 12:39:55,4.80.4,negative,rating_rule,256
bagas hadi pomo,Gembel,1,2023-12-28 12:42:44,4.80.4,negative,rating_rule,6
Hartini 1,kog sy bikin gojek tdk bisa di buka,5,2023-12-24 10:15:13,4.80.4,positive,rating_rule,35
Muhammad Ihsan Abidillah,Dulu saya terbantu sekali dengan adanya fitur gotix Tapi setelah di update kenapa fitur ini hilang di hp saya Apakah harus berlangganan plus untuk menikmati fitur gotix lagi Mohon klarifikasinya pihak developer,1,2023-12-28 14:03:23,4.80.4,negative,rating_rule,210
H Loho,Tingkatkan kualitas para team ahli yg memelihara aplikasi ini,4,2023-12-28 14:05:24,4.80.4,positive,rating_rule,61
raiinbowl 29,Cepet promonya melimpah minus kadang suka kurang jelas nih apknya,3,2023-12-28 14:06:47,4.80.4,neutral,rating_rule,65
Aldo Riski,Aplikasi jelek saldo di top up gak masuk lalu laporan robot semua fix jelek aplikasi jelek udah tarif untuk naik gojek gw saranin jgn top up apa pun disini ribet,1,2023-12-28 18:09:37,4.80.4,negative,rating_rule,161
Jhonn Jhony,Baru beli nomor tapi ngk bisa buka gojek  Alasan di blokir ngk di kasih tau,1,2023-12-28 18:51:18,4.80.4,negative,rating_rule,75
Angel Lunlun,makin k sini makin k sna ongkirnya mahal bnget percuma d adaain vocer juga ga ngaruh segala ada biaya penanganan  harga makanan sma dgn harga ongkir tolong gojek d perbarui dong ongkir nya mahal bnget,2,2023-12-24 08:01:38,4.80.4,negative,rating_rule,200
fitri fathiyah,GOJEK tidak punya solusi mengenai masalah Lupa PIN GOPAY dan nomor handphone yg didaftarkan ke GOPAY sudah nonaktif Berbagai cara sudah dilakukan sesuai arahan dan intruksi tapi TIDAK MEMBANTU SAMA SEKALI alasan email saya ke customer service gak ada belum di bales padahal di email saya terkirim lancar dan dibales oleh pihak GOJEK Tibatiba laporan ditutup padahal masalah saya belum terselesaikan Emang sudah jelas gak punya solusi sih apk ini tuh Di apk arahannya beda,1,2023-12-28 20:40:14,4.80.4,negative,rating_rule,471
Arif Rahman Hakim,Tul tul mantul,5,2023-12-24 08:01:22,4.80.4,positive,rating_rule,14
Drunee Gt,Udah kurang diskonya dan mapnya sering crash,2,2023-12-24 07:53:29,4.80.4,negative,rating_rule,44
Habibi Awalin,Driver baik,5,2023-12-28 22:16:45,4.80.4,positive,rating_rule,11
sinoka,Membantu tpi harga yg di pasang di aplikasi lebih mahal sama di real life,5,2023-12-28 22:28:17,4.80.4,positive,rating_rule,73
Rose Scent Breeze,GOTIXNYA MANA,1,2023-12-28 14:11:41,4.80.4,negative,rating_rule,13
Syamsul Hilal,Batalin pesanan aja gabis go food  udh gitu apk nya ribet mau rating aja bingungapk goblog,1,2023-12-28 22:48:37,4.80.4,negative,rating_rule,90
7I Muhammad Farabi Ainur Rahman,Harus nambahin fitur kasih nilai buat gojek yang makanan tinggal di kirim terus di cancel,1,2023-12-24 07:52:13,4.80.4,negative,rating_rule,89
Dewi Fadjarwati,Limit gede gopay later tapi gak bikin salah apa2 limit diblokir 30 harifreak,1,2023-12-24 07:50:05,4.80.4,negative,rating_rule,76
Asep saepulloh,Makin buruksaldo saya tdk bisa d gunakanhati2 pake apk gojek ntr saldonya busuk d apkudh nunggu ampe 1mnggu masih aja g ada jawabanmnding pindah ke sebelah,1,2023-12-28 17:42:14,4.80.4,negative,rating_rule,155
Fifie Tia,Pesan dari jam 10 tulisan nya 3040mnt sampai tapi sampai jam 12 gak sampai juga,1,2023-12-28 16:50:11,4.80.4,negative,rating_rule,79
veni dwintasari,Parah sering banget error gofood nya terutama Lama ga ada driver yg respon ganti driver berkali2 ga ada yg respon satu pun Batalin jg ga bisa Parah bgt Gojek,1,2023-12-28 16:21:59,4.80.4,negative,rating_rule,157
robani 1234,Coba coba,5,2023-12-24 08:49:19,4.80.4,positive,rating_rule,9
Grizella Abriana,Sekarang ongkirnya mahal klo GrabFood jd mls mending ke toko oren ada voucher gratis ongkir,1,2023-12-28 14:34:39,4.80.4,negative,rating_rule,91
UQIYA Facemaker,Tolong ajarkan attitude kepada para driver ketika mengantarkan barang kerumah orang cukup salam dari luar jangan asal nyelonong masuk aja,1,2023-12-28 15:01:50,4.80.4,negative,rating_rule,137
saeful Maulana,Buat Scan qris susah ngga bisa bisa,1,2023-12-28 15:03:03,4.80.4,negative,rating_rule,35
budi Bun,Aplikasi yang sangat membantu saya,5,2023-12-28 15:03:07,4.80.4,positive,rating_rule,34
Eva Singal,Aku sk,5,2023-12-28 15:25:28,4.80.4,positive,rating_rule,6
Nola Tamin,blm ada makanan di lobby,1,2023-12-28 15:28:39,4.80.4,negative,rating_rule,24
Ramdhoni Achmad,Sering lag,1,2023-12-28 15:49:37,4.80.4,negative,rating_rule,10
Nur Muhammad,Solusi disaat lapar melanda,5,2023-12-28 15:52:47,4.80.4,positive,rating_rule,27
cilokida ida,Transaksi Sangat puas pake gopay,5,2023-12-28 15:55:29,4.80.4,positive,rating_rule,32
cucun masdjide,sikap dan kenyamanan driver membawa mobil y baik,5,2023-12-24 08:25:24,4.80.4,positive,rating_rule,48
Hantu Jalan,Sopan dan ramah,5,2023-12-28 16:07:39,4.80.4,positive,rating_rule,15
Hamdani Mustafa,Good is veri good,5,2023-12-28 11:31:08,4.80.4,positive,rating_rule,17
Iki Gojeke Vian,pelayanan mantap,5,2023-12-24 10:51:20,4.80.4,positive,rating_rule,16
Salsabila yuniar alwafa,apknya knp yaa sy pesen gocar sekali aja tpi knp tiba kepencet 2x sy kira kejadiannya hanya di apk gojek mama sy gtau nya di apk gojek sy jg gitu,1,2023-12-28 11:08:06,4.80.4,negative,rating_rule,145
V I A N A,sejauh ini bagus,5,2023-12-28 06:34:07,4.80.4,positive,rating_rule,16
Rahmat Ajo,Mantap la promonya pokoknya,5,2023-12-28 06:15:39,4.80.4,positive,rating_rule,27
Mega Putri,SAYA ISI SALDO GOPAY MALAH MASUK OTOMATIS KE GOPAY TABUNGAN GMN SIH GOJEK INI MANA SUSAH BANGET PROSESNYA UNTUK MENONAKTIFKAN GOPAY TABUNGANNYA TOLONG DI PERBAIKI SEGERA,1,2023-12-28 06:19:06,4.80.4,negative,rating_rule,169
Nova Dwifayani,SALDO GOPAY TIBA TIBA ILANG,1,2023-12-28 06:23:32,4.80.4,negative,rating_rule,27
navi,kereen saya suka,5,2023-12-24 12:26:35,4.80.4,positive,rating_rule,16
daniel hermani,Kenapa baru isi saldo langsung masuk ke Gopay Tabungan  Tolong jelaskan login ke tabungan gak bisa,5,2023-12-28 06:31:13,4.80.4,positive,rating_rule,98
M ali Akbar,Kenapa dari tadi saldo saya nggak masuk 2 bospadahal biasa nya lancar2 saja,1,2023-12-28 06:35:08,4.80.4,negative,rating_rule,75
Siti Wahyuni,Permisi kakak developer alangkah lebih baiknya kalau mencari driver terlebih dahulu baru pesanan makanan dibuat Saya sudah menunggu satu jam tapi ga dapet driver Endingnya dibatalkan Selama 1 jam itu saya berharap makanannya datang loh kak kalau dikonfirmasi lebih awal kan saya bisa langsung nyari makanan lain,1,2023-12-24 12:23:37,4.80.4,negative,rating_rule,311
Idris Sardy,Perdana lgsg dpt abangnya yg ramah padahal sy bw koper gede loh Mksh y,5,2023-12-28 06:44:16,4.80.4,positive,rating_rule,70
Debie,Keren aplikasi nya,5,2023-12-28 06:51:37,4.80.4,positive,rating_rule,18
Lv TM,aplikasi sangat membantu apalagi adanya fitur laporan dan adanya program pengembalian dana dari gojek ini sangat membantu kami yg telah kena tipu,5,2023-12-28 06:58:30,4.80.4,positive,rating_rule,145
Wahyu 1212,Gak jelas banget gojek gopaylater di bayar selalu tepat waktu tapi sekarang gopalater saya malah di blokir,1,2023-12-28 07:09:04,4.80.4,negative,rating_rule,106
ghanda ™,Gimana caranya matiin akun bang jago di gopay bikin pusing,1,2023-12-28 06:12:52,4.80.4,negative,rating_rule,58
Keyla Anindya,Sebenernya sudah bagus sihcuma kemarin ada kendala waktu mau pakai gopaylatertgl 18 des 2023 tagihan sudah lunastapi tgl 19 des 2023 mau transaksi di tokopedia malah gak bisa dipakek katanya coba lagidicoba lagi malah gak ada pilihan gopaylaternya saya coba sampek besoknya juga masih samapilihan gopaylaternya hilang padahal di app limitnya ada dan gak ada keterangan apa2 baru kemarin tgl 23 des 2023 buka gofood baru di situ tau kalo diblokir ini kenapa ya padahal saya gak telat bayar,4,2023-12-24 12:27:45,4.80.4,positive,rating_rule,488
Andi Abdulrahman,Bagus dan semoga bermanfaat,5,2023-12-28 05:54:28,4.80.4,positive,rating_rule,27
Benny Surjoatmodjo,Sat set bat bet trengginas,5,2023-12-28 04:46:20,4.80.4,positive,rating_rule,26
Jumian Sudarto,Kok aku daftar ga bisa ya emailny gagal terus,1,2023-12-28 04:50:56,4.80.4,negative,rating_rule,45
shiinsen gumi,nge blank payah,1,2023-12-28 04:55:48,4.80.4,negative,rating_rule,15
luka moreaz,Flash,5,2023-12-28 04:59:18,4.80.4,positive,rating_rule,5
arni nur hikmah,Banyakin promonya lagi ya gojek,4,2023-12-28 04:59:38,4.80.4,positive,rating_rule,31
Riki Arfandi,Setiap saya isi saldo selalu hilang terus saldo saya kagak masuk padahal udah masuk notif nya Tolong kembaliin saldo saya yg hilang itu bukn nominal kecil,1,2023-12-28 05:04:47,4.80.4,negative,rating_rule,154
Christine Hartanto,Apk sering error sekarang mana makin lama banyak tambahan biaya dll yg gak jelas makin mahal semua uda mau uninstall jg bentar lg Mending beli langsung dahh murah jauh,2,2023-12-28 05:07:20,4.80.4,negative,rating_rule,167
Yuriko Nuraeni,Aplikasi susah d buka lemot,5,2023-12-28 05:25:40,4.80.4,positive,rating_rule,27
Jamuri Jamz,Sudah sering upgred gopay ples slalu gagal krn gopay ples sy kembali ke reguker padahal yg lalu lalu tidak ada masalah ktp asli poto wajah asli slalu gagal jd bete ya wislah ga perlu di upgred upgred aja cape deeeh,1,2023-12-28 05:26:22,4.80.4,negative,rating_rule,214
Patar Simarmata,Sangat buruk pelayanannya Banyak driver yg online tapi tidak ada yg confirmasi orderan saya krn hujan Percuma di kota besar tp tak bisa diandalkan,1,2023-12-24 12:59:02,4.80.4,negative,rating_rule,146
Janooar (Jee),Semakin menurun pelayanannya paylater error terus bintang saya turunkan smg kedepan pelayanannya tambah baik dan bintang pasti naik,3,2023-12-24 12:39:07,4.80.4,neutral,rating_rule,131
Fachri Ubay Dillah,min kok gaada gotixnya yaaa ini saya aja atau yang lain sama perbaiki donggg,3,2023-12-28 05:50:48,4.80.4,neutral,rating_rule,76
Tiyas Makeup,Makin kacau aplikasinya Sering banget nge lag Padahal sinyal oke Nyebelin Sinyal internet saya stabil yaaaaa jangan nyalahin sinyal mulu Suka sebel ga ada solusi,1,2023-12-28 05:53:52,4.80.4,negative,rating_rule,161
Dewi Novianti Sapitri,Gc bgt org2nya,5,2023-12-28 07:30:12,4.80.4,positive,rating_rule,14
Aat Priatna,kocak paylater di blokir pdahal byar tepat waktu,1,2023-12-24 10:51:59,4.80.4,negative,rating_rule,48
Arif Bakolomah,Sangat membantu Dan Tarifnya Masih Terjangkau,5,2023-12-24 11:00:06,4.80.4,positive,rating_rule,45
slam riyadi,Bagus banyak promotapi ada kendala pembayaran pulsa gagal saat pakai coint,5,2023-12-28 09:17:32,4.80.4,positive,rating_rule,74
Aufaa Farhan,Gojek g punya nomer yg bisa d hubungi real time yagembel bngetklo misal ada jngn d umpetin lahd taro dmn sihmasa iya klo ada apa2 ngirim k email,4,2023-12-24 11:08:10,4.80.4,positive,rating_rule,144
irma julyana,Apa2in tiba2 akun gopaylatter terblokir bener2 yaa gojek pdhl biasanya aman2 aja ga ada masalah Gopaylatter jd gabisa dipake transaksi nyesel dehh bayar tepat waktu,1,2023-12-28 09:49:58,4.80.4,negative,rating_rule,164
Luqman Hakim,aman dan nyaman,5,2023-12-28 09:50:56,4.80.4,positive,rating_rule,15
Dee,Ko jd gajelas si padhl ga ngapangapain akunnya tiba eror gabisa pesan grabfood Coba dong solusinya mana akunnya udah premium lagi,1,2023-12-28 09:53:34,4.80.4,negative,rating_rule,129
Mama Vitri,Cepat tepat hebat,5,2023-12-24 11:02:54,4.80.4,positive,rating_rule,17
hasan basri,Cepat dapat m9bilnya,5,2023-12-24 12:00:44,4.80.4,positive,rating_rule,20
Putri Manha,Menghemat waktu,5,2023-12-28 10:21:37,4.80.4,positive,rating_rule,15
Fitri Mahardika,Gak pernah kecewa pesan gojek,5,2023-12-28 10:35:20,4.80.4,positive,rating_rule,29
Fadlur Rahman,Apk sampah Kenapa fitur gotix nya malah hilang Gimana solusinya,1,2023-12-28 10:43:05,4.80.4,negative,rating_rule,63
Ninda Oktaviani,Kenapa bentar2 minta diupdate mulu apknwsya  baru juga 2mingguq ywsAg lalu diupdate minta diupdeate lagia Kalo ga diupdate ga bisa di sF,3,2023-12-28 11:01:49,4.80.4,neutral,rating_rule,136
TETEN PERMANA,servis memuaskan,5,2023-12-28 11:03:39,4.80.4,positive,rating_rule,16
Afrizal Arab27,Gua mau daftar ya kali kendala mulu elah ribet ni apk,1,2023-12-28 09:06:54,4.80.4,negative,rating_rule,53
Indra kusuma,Dulu pertama dapat limit kecil gopaylater tenor cicilan dapat 12x cicilan skrg dpt limit besar tenor cicilan max cuma dpt 3x cicilan jadi ga ke pake,3,2023-12-28 08:59:04,4.80.4,neutral,rating_rule,148
Mujiono Ajja,33Care qmwmana,1,2023-12-24 11:10:36,4.80.4,negative,rating_rule,14
Nafa Azizah,Berkalikali mau mesen buat ke dokter dalam keadaan urgent malah driver pada batalin semua Mereka cuman mau nerima yang ga pake promo kek Ini mau kedokter loh anjiir Yakali harus mesen 1000 lagi dalam keadaan urgent Parah banget sumpah,1,2023-12-28 07:38:50,4.80.4,negative,rating_rule,234
Patris Tio,Sangat memuaskan dari aplikasi gojek terimakasi gojek selalu jaya terus,5,2023-12-24 11:56:42,4.80.4,positive,rating_rule,71
Benni Andriyanto,Sangat berguna sekali,5,2023-12-28 07:42:13,4.80.4,positive,rating_rule,21
Muhammad Afif,Susah up ke gopay plus,1,2023-12-24 11:33:21,4.80.4,negative,rating_rule,22
Jesaya Sembiring,Luar biasa kalian Disaat butuh kami begitu susahnya mendapatkan driver sementara di map nya terlihat ada beberapa driver Bila ada separuh bintang utk rating itu yg paling sepadan dengan service mu yg ga becus Bagus tutup saja perusahaanmu kalau kau ga mau ngasih service disemua kondisi,1,2023-12-24 11:30:19,4.80.4,negative,rating_rule,286
Ahmad Yani,Good Application,5,2023-12-28 08:10:02,4.80.4,positive,rating_rule,16
dodi setiaji,Setelah di update apk malah sering eror dan tidak bisa di buka padahal jaringan lainnya bagus dan tidak kenapa2,1,2023-12-28 08:14:19,4.80.4,negative,rating_rule,111
KILLER GAMING,Buka di timika juga,5,2023-12-28 08:19:34,4.80.4,positive,rating_rule,19
ganjar noviar,Membantu bgt mantap,5,2023-12-28 08:23:47,4.80.4,positive,rating_rule,19
GALAXY COMPUTER TANJUNG,Aplikasinya ringan dan terpercaya sangat membantu utk masyarakat,5,2023-12-24 11:28:19,4.80.4,positive,rating_rule,64
armylda bethez,good aplikasi,5,2023-12-28 08:37:58,4.80.4,positive,rating_rule,13
Khalidinul Ihsan,Okee mantap banyakin lagi dong promo nyaa,5,2023-12-25 03:17:33,4.80.4,positive,rating_rule,41
imm immanuel,setelah update lha kok malah posisi saya di jakarta padahal saya di surabaya,4,2023-12-27 07:44:27,4.80.4,positive,rating_rule,76
Dewi Harahap,Amplikasi nggk bisa di buka,1,2023-12-26 08:35:25,4.80.4,negative,rating_rule,27
Hasnan Rocker,Ga bisa pake fitur Gopaylater mengecewakan,1,2023-12-26 08:03:09,4.80.4,negative,rating_rule,42
Aditiya Firmansyah,Gopaylater error boslimit saya fulltidak pernah telat sama sekali sya dapat membuktikannymn lagi diskon besarbesaran lagiinimah ada niat jahat kali ya agar jangn pakai limitnyaktnya aplikasi gk da bugIni gara siapa sih jadi error gopaylater anak baru di timEdit Sudah saya Email yahtp masalah belum selesai,1,2023-12-26 08:11:07,4.80.4,negative,rating_rule,306
Alammytc,UDAH BAGUS TAPI SAYANG TIDAK BISA KIRIM KE EWALLET LAINNYA SEPERTI DA,3,2023-12-26 08:18:23,4.80.4,neutral,rating_rule,69
Rahmad Hardita Julija,Gopaylater tidak bisa digunakan PAYAH,1,2023-12-26 08:26:22,4.80.4,negative,rating_rule,37
Randi Wijaya,Tolong di perbaiki,5,2023-12-26 08:26:43,4.80.4,positive,rating_rule,18
Frida Aryanti,Perbaharui alamat koq kga bisa di ketik,1,2023-12-26 08:32:08,4.80.4,negative,rating_rule,39
Selvi Yanti,Sikit promo,1,2023-12-26 07:59:49,4.80.4,negative,rating_rule,11
Umar Aziz,Sangat terbantu saat darurat perlu transportasi cepat,5,2023-12-26 09:06:40,4.80.4,positive,rating_rule,53
muda ombink,Pokokny ok,5,2023-12-26 09:12:00,4.80.4,positive,rating_rule,10
Le Meizid,Saya topup 40000 di gopay pake mbangkin bca virtualaqun sudah 4 hari saldo saya belum masuk dri tgl23 sekarang dah 26 desember ini kenapa pihak gojek ko bisa bisa nya saldo gak masuktolong itikad baik nya kembalikan saldo saya meski cuma 40000 tpi kan snagat berarti dan bergunakecewa anjirrrrbalikin saldo gua,1,2023-12-26 09:22:28,4.80.4,negative,rating_rule,310
Nurul aisyiyah,saya sudah melakukan pelunasan sebelum jatuh tempo tapi kenapa selalu ada pihak yang menelpon mohon ditindak lanjuti karena saya sudah tidak memiliki pinjaman apapun terimakasih,1,2023-12-26 09:25:26,4.80.4,negative,rating_rule,177
Citra 08,Kalau sore kalau mau kirim barang selalu gak dapat mobil  jadi membuat pengiriman terlambat,1,2023-12-26 09:27:40,4.80.4,negative,rating_rule,91
Caca Wawa,Solusidr masalah transportasi yg jauh jadi dekatlapar jadi kenyangkarna ada gofood,5,2023-12-26 08:00:52,4.80.4,positive,rating_rule,82
Dini Amalia,bagus banyak fitur promo nya nyaman buat transaksi,5,2023-12-26 07:50:41,4.80.4,positive,rating_rule,50
iwan indramaulana,sangat manfaat bwt otw cepat,5,2023-12-25 12:21:16,4.80.4,positive,rating_rule,28
Sundariani Ani,Hai gojek Ada driver yg protes ke sy krn paket hemat padahal sy byar nya tak lebihkan kl ad promo yg merugikan driver knp protes nya ke penumpang kita kan pny hak untuk pilih yg mn,1,2023-12-26 06:05:38,4.80.4,negative,rating_rule,180
Tetty Dita,Banyak promo dan pelayanan ok,4,2023-12-26 06:16:39,4.80.4,positive,rating_rule,29
dwi purwanti,Punya limit 1jt trus turun jado 500rb pake gopaylater gak telat trus abis bayar diblokir eh tau2 abis update nongol limit 15jt tapi gak bisa di pake keterangan nya di blokir mending di delete aja itu gopaylater nya daripada ada limit tapi gak bisa di gunain,2,2023-12-26 06:33:58,4.80.4,negative,rating_rule,257
Caca Alby,Katanya dikenakan biaya 2 nyatanya tiap transaksi malah kena 495 pdhal udh berharap bener nyatanya di coba terus bgtu,5,2023-12-25 12:18:25,4.80.4,positive,rating_rule,117
Hthur,Aplikasi ga jelas jaringan stabil dibilang koneksi tidak ada,2,2023-12-26 07:47:56,4.80.4,negative,rating_rule,60
harjono rianto,Menjadi semua lancar aman dan nyaman,5,2023-12-26 06:50:02,4.80.4,positive,rating_rule,36
rian nurdiansyah,ahh,5,2023-12-26 06:53:23,4.80.4,positive,rating_rule,3
Devin Achmad Firdaus,Kurang,1,2023-12-26 07:02:59,4.80.4,negative,rating_rule,6
Sasa Zaki,ya suka aja tapi ongkirnya terlalu mahal tapi tidak apa2,4,2023-12-26 07:10:07,4.80.4,positive,rating_rule,56
Nining Suprianingsih,Tetap waktu,5,2023-12-26 07:10:33,4.80.4,positive,rating_rule,11
Andro Meda,Beberapa hari terakhir aplikasi nya eror nunggu driver nya aja lamaaaaaaaaaa bnget,3,2023-12-26 07:18:40,4.80.4,neutral,rating_rule,82
Nurul Oktaviani,Aplikasinya minus banget sih sekarang Mau buka keluar terus loadingnya lama pdhl sinyal udah bagus Makin kesini makin jelek udah gitu yg komen juga banyak yg rating 1,1,2023-12-25 12:17:37,4.80.4,negative,rating_rule,166
irwansyah setyo,Untuk wilayah jogja Driver Gocar terlalu memilih milih Orderan membuat pengguna kurang Nyaman,2,2023-12-25 12:04:03,4.80.4,negative,rating_rule,93
ari yanto,Makin bobrok ini apk muter mulu Mau pesan goride aja susah Pembayaran tokped pake gopay koin susah Maunya apa,3,2023-12-26 09:37:42,4.80.4,neutral,rating_rule,109
bayu ramadhan k,Udah on berjam jam ga dapet orderan 1 aja gilaa Padahal udh dengan resto terdekat kocak anying makin sini makin dongon aplikasi,1,2023-12-25 10:04:35,4.80.4,negative,rating_rule,127
Zaky Mubarok,Sekarang aplikasinya semakin jelek udh di donlowd nunguin Masih gk bisa padahal memori besar dan jaringan bagus,1,2023-12-26 11:05:33,4.80.4,negative,rating_rule,111
Daniel Simamora,Di Kalimantan Tengah Gk Ada Gojekkk Gimana Nihh Gojekk Lappetttt,1,2023-12-25 10:44:05,4.80.4,negative,rating_rule,64
Brutal Banget,Mantap saya sangat puas,5,2023-12-25 10:18:31,4.80.4,positive,rating_rule,23
Dewa's,saya mau ambil uang tapi ga bisa soalnya gara2 pin salah padahal bener orang saya setiap belanja aja pembayaran nya pake gojek terus dan masukan pin nya benar tapi ini kenapa tiba2 salah padahal akun nya cuman di hp saya ndak ada kaitannya sama hp lain udah ganti pin tapi sama aja tulisannya kebanyakan nyoba,1,2023-12-26 11:15:08,4.80.4,negative,rating_rule,309
teguh wibowo,Jadi bisa kirim food ke ortu meski tinggalnya jauh dikampung Tinggal set lokasi beres,5,2023-12-26 11:15:52,4.80.4,positive,rating_rule,85
James Rionando,Tagihan gopay later 1 januari 2024 aku lunasi 26 desember 2023 tapi mengapa malah akun gopay later ku diblokir sehingga aku tak bisa order barang di tokopediaaneh banget dilunasi diawal malah diblokir,1,2023-12-26 11:17:06,4.80.4,negative,rating_rule,200
asep safei,bagus dan memuaskan,5,2023-12-25 11:51:58,4.80.4,positive,rating_rule,19
Pahlawan Betawi,ok banget,5,2023-12-25 10:00:04,4.80.4,positive,rating_rule,9
Dani Eko,Sangat puas sekali,5,2023-12-26 11:18:18,4.80.4,positive,rating_rule,18
Mbak Bro,Mohon maaf gojek sy awalnya mau hapus akun sy krn skr susah cari gocar Namun tidak bs dihapus dg alasan ada tagihan paylater Padahal tidak pernah sy aktifkan Sy bahkan cek tidak ada tagihan apapun di paylater maupun pinjaman Maaf sy rasa sangat tidak aman lagi menggunakan gojek apalagi tidak bs chat langsung dg admin gojek,1,2023-12-26 11:36:55,4.80.4,negative,rating_rule,324
NXM crotz,Mohon maaf atas ketidaknyamanannya Setelah dilakukan pengecekan di sistem kami status transaksi yang kamu laporkan masih dalam proses Mohon kesediaan km untuk menunggu selama 2 hari kerja tidak termasuk hari Sabtu Minggu dan libur nasional Gila aja 2hari LAMA banget ini mah apa jadinya klo urgent begini tau begini ceritanya mah mending pakai uang cash,2,2023-12-26 11:41:53,4.80.4,negative,rating_rule,353
Suryono HW,Buka aplikasi kok susah banget yaa,1,2023-12-25 09:57:48,4.80.4,negative,rating_rule,34
Jaka gledeg77 Gledeg77,Payah bgt ga bisa di buka,1,2023-12-26 10:52:56,4.80.4,negative,rating_rule,25
LOL LOL,Kembalikan aplikasi gojek yg dulu apk yg sekarang sering eror alasan nya jaringan padahal jaringan sudah stabil,1,2023-12-25 10:54:48,4.80.4,negative,rating_rule,111
Liheng Ohara,Sanggat membantu dsaat hujan,5,2023-12-26 09:50:25,4.80.4,positive,rating_rule,28
bayu nur arief,Terlalu bnyk kemudahan yg di dpt dr apk gojek ini mksh,5,2023-12-26 09:54:17,4.80.4,positive,rating_rule,54
Delisha Aretha,Terima kasih pak,5,2023-12-25 11:50:21,4.80.4,positive,rating_rule,16
Andri Lastanto,Selalu pakai dr awal aplikasi nya ada sampai dengan saat ini,5,2023-12-26 10:07:07,4.80.4,positive,rating_rule,60
Nadira Safia,Ll,2,2023-12-26 10:07:59,4.80.4,negative,rating_rule,2
Sedang mengetik,Udah 3 hari saldo belum masuk ke aplikasi padahal udah ada bukti pembayaran sukses dari konter maksud saya Gojek kan udah besar kan yak Terus nasib user dan driver kalo ada kendala seperti saya gimana Harus nunggu hari kerja kah,2,2023-12-26 10:14:56,4.80.4,negative,rating_rule,228
kurniawan eko saputro,Kesekian kalinya padahal lagi buru2 mau ibadah si driver2nya gak ada yg trima ordernya gojek tolong dong mitranya di tertibkan lagi,1,2023-12-25 11:25:39,4.80.4,negative,rating_rule,131
Raul Jimiwiliam,Padahal akun gopay saya sudah premium dah udh sering melakukan transfer ke rekening mana aja tpi knp sekarang akun saya gk bisa transfer perlu upgrade premium lagi,1,2023-12-25 11:15:01,4.80.4,negative,rating_rule,163
Any Atin,PERTAHANKAN KWALITAS,5,2023-12-25 11:12:06,4.80.4,positive,rating_rule,20
Dewi Anggreini Puspita Sari,Syukaaa bangeett,5,2023-12-26 10:33:22,4.80.4,positive,rating_rule,16
Pengguna Google,masalah support cs tidak membuahkan hasil dengan masalah kurangnya barang yg di beli lewat gofood laporan di tutup tanpa hasil trims sudah kirim bukti barang dan bukti struk,1,2023-12-26 10:37:41,4.80.4,negative,rating_rule,173
Femas Saputra,Beli kuota di gojek g bisa bilangnya aktivitas tidak wajar cara mengatasi gimana aku beli kuota di Tokopedia pake gopay bisa,1,2023-12-26 05:36:33,4.80.4,negative,rating_rule,124
Abdul Zaelani,Banyakin lagi diskon nya,5,2023-12-25 22:41:26,4.80.4,positive,rating_rule,24
Devi Maulida,good job,5,2023-12-25 20:13:58,4.80.4,positive,rating_rule,8
Bim Salabim,Driver terima order goride dari saya tapi posisi motornya malah menjauh Karena dia gamau cancel gamau rusak rating dia Tapi yang jelek saya Sering begitu tuh driver Kalo siang hari saya biarin mau sampe 24 jam juga lah ini malam Kasih opsi cancel dong itu driver menjauh Malah customer yg rugi jadi susah cari driver pdhl yg nakal ya mereka,1,2023-12-25 20:51:11,4.80.4,negative,rating_rule,340
Widiy Klareyqn,Mantap sukses selalu Gojek Indonesia,5,2023-12-25 21:02:56,4.80.4,positive,rating_rule,36
Agus Expose,Semakin baik pelayanan nya,5,2023-12-25 21:40:03,4.80.4,positive,rating_rule,26
Sukada Bendosan,Gimana caray lupa pin y bos sdangkan nomer yg buat daftar gopay sudah hilang sma hpy,4,2023-12-25 13:42:03,4.80.4,positive,rating_rule,84
pem 86,memudahkan dan efisiensi waktu,5,2023-12-25 22:52:26,4.80.4,positive,rating_rule,30
suhartana Oke,Sangat membantu tapi diskonan dikit2,4,2023-12-25 23:02:14,4.80.4,positive,rating_rule,36
galih ady,bagus dan mudah di andalkan dalam bentuk dompet berkualitas,5,2023-12-25 13:33:43,4.80.4,positive,rating_rule,59
Gordon Situmorang,Aplikasi ini tidak kolom saran dan kritik untuk perbaikan aplikasi,4,2023-12-25 23:58:28,4.80.4,positive,rating_rule,66
Mantovaya Adriyana,Lumayan cuma kurang diskon yg nyata seperti di shopee khusus gofood,4,2023-12-26 00:10:43,4.80.4,positive,rating_rule,67
Mutia Karima,GO transit eror apa gbs lagi di pake lagi buat krl,5,2023-12-25 13:32:50,4.80.4,positive,rating_rule,50
yoyok prasetyo,memudahkan,5,2023-12-25 13:18:36,4.80.4,positive,rating_rule,10
Kumar Gaurav,Tarif mahal kedrever terimanya tdk seberapaapalagi di double ordermisal custamer potongan onkir 18 rb kedrever cm 3200g punya otak CEO catherin,1,2023-12-25 19:48:37,4.80.4,negative,rating_rule,143
Zio Ndut,Toplahhh,5,2023-12-25 13:44:35,4.80.4,positive,rating_rule,8
Faisal Cahyono putra,Layanan ongkir 5000 nunggunya lama sejammau makan aja nunggu sejam tolong di perbaikin lagi saya pake gojek dari tahun 2016 masa makin tahun ke tahun kaya gini layanannya buruk,1,2023-12-25 18:17:02,4.80.4,negative,rating_rule,176
Rosid Setiawan,Menang baik,5,2023-12-25 17:54:49,4.80.4,positive,rating_rule,11
kartika Intan,Sangat kecewa payah gojek sekarang Minim Driver di estimasi waktu 3043 menit ditunggu sampe 1jam 30 menit belum juga dapet driver Payah sekaliiiii,1,2023-12-25 13:53:57,4.80.4,negative,rating_rule,146
Uyun Sianto,Masih nyaman dengan Gojek dibanding yang lain Teruslah tumbuh dan berkembang dengan ide2 baru agar tetap menjadi yang terbaik dengan persaingan sekarang yang semakin ketat,5,2023-12-25 15:25:38,4.80.4,positive,rating_rule,171
Naya88,Susah ganti no hp,1,2023-12-25 15:29:11,4.80.4,negative,rating_rule,17
Vanezza Cantik,Gopay later nya bagus,5,2023-12-25 15:29:14,4.80.4,positive,rating_rule,21
Sobana Sobana,Apl buruk,1,2023-12-25 15:33:58,4.80.4,negative,rating_rule,9
rudi setyawan,Semoga ga sering nge lag,5,2023-12-25 13:51:15,4.80.4,positive,rating_rule,24
RUDI ANSYAH,miris gocar purwakarta mnta cancel gara2 pembayaran pakai gopay pengalaman saya td sore mau ke RSradjak smua driver mnta cancel dan meng cancel pesanan saya saya mau tanya ke gojek apa pungsi gopay kalo emang driver nya gk mau di bayar gopay apa pbayaran lewat gopay merugikan driver kalo gtu gojek gk usah ada di purwakarta klo kalian gk mau di bayar pakai gopay yg tertera di apk kalian mudah2n gk terjadi pada kalian driver gocar ketika kalian urgent mau ke RS pada di tolak sama driver nya,1,2023-12-25 16:33:38,4.80.4,negative,rating_rule,493
Blue Begula (BlueRaann),Adain Gotix lagi dong min,3,2023-12-25 16:59:38,4.80.4,neutral,rating_rule,25
nisar art,Gopay tolol akun gopay saya tiba terblokir padahal saya tidak melakukan transaksi apa pun katanya ada nya pelanggaran komunitas gopay tolol,1,2023-12-25 17:24:15,4.80.4,negative,rating_rule,139
Wahyu Lingga,Saya ingin protes epada pihak gojek yang terhormat Mengapa akun aplikasi gojek saya ditutup dengan alasan melanggar peraturan padahal saya rasa saya tidak pernah menyalahgunakan dan ketika saya laporkan hal ini ke fitur bantuan dan saya tanyakan apa sebab dan kesalahannya mereka hanya hanya menjawab bahwa akun saya teridentifikasi akun curang loohhhhhh aneh sekali layanan gojek memang sudah baik dan bagus tapi mohon intuk diperbaiki lebih baik lagi terimakasih,1,2023-12-26 00:56:47,4.80.4,negative,rating_rule,464
Syahrulanaruddin Anaruddin,Oke langsung otw,5,2023-12-25 13:18:20,4.80.4,positive,rating_rule,16
Rahel Rinando,Matab,4,2023-12-26 05:31:21,4.80.4,positive,rating_rule,5
Rahulee,Ini gimana sih aplikasinya dari kemaren ga bisa bayar pake gopay udah komplain diemail tapi blom ada jawaban sama sekali saya butuh buat kerjaan tapi ga pernah direspon sama admin gojek nya tolong dong agak profesional dikit,1,2023-12-26 04:24:51,4.80.4,negative,rating_rule,224
Rofi Alkhoiri,Transportasi murahan kuning makanan murahan oren Aplikasi suka ngefreeze drivernya random kelakuannya kayak gak ada pelatihan dari pt,2,2023-12-25 12:45:32,4.80.4,negative,rating_rule,133
Imam Abdul fatah,Sejak update aplikasi ngga bisa dibuka cuma sampe logo gejek lalu kembalikeluar sendirikenapa y,1,2023-12-26 03:45:03,4.80.4,negative,rating_rule,95
werika silitonga,Hemat lebih memudahkan dalam beraktivitas terimakasih gojek,5,2023-12-26 03:47:41,4.80.4,positive,rating_rule,59
Cumi cumuy (cumicumuy),Permudah terus yah buat pengguna app ini makasih Sejauh ini udh bagus,4,2023-12-25 12:44:28,4.80.4,positive,rating_rule,69
Mario Mitra Copierindo,Sangat memudahkan saya Untuk berpergian dan Memesan makanan Mantab,5,2023-12-26 03:59:17,4.80.4,positive,rating_rule,66
M Nur ILHAM,Tidak bisa bertransaksi menggunakan gopay later padahal tagihan selalu dibayar tepat waktu Tolong bisa cepat cepat diperbaiki,2,2023-12-25 12:30:24,4.80.4,negative,rating_rule,125
Igusti Bagus,Sukses,5,2023-12-26 04:17:16,4.80.4,positive,rating_rule,6
kall 01 gaming,Aela uang gua hilang di gopay,1,2023-12-26 04:39:39,4.80.4,negative,rating_rule,29
Muhammad Iqbal,Sangat merugikan customer Tidak ada penyelesaian masalah sama sekali Sangat tidak profesional Gopaylater tibatiba di blokir yang padahal tidak ada masalah apapun Di komplain keras malah tidak ada penyelesaian masalah sama sekali Sangatsangat buruk sekali,1,2023-12-26 01:18:44,4.80.4,negative,rating_rule,254
Neni Nuraini,Selama pake aplikasi gojek tidak pernah mengecewakan,5,2023-12-26 04:56:47,4.80.4,positive,rating_rule,52
Rachma Nia,Tertolong  tdk ada gangguan error,5,2023-12-26 04:59:47,4.80.4,positive,rating_rule,33
Yohan Santoso,Selalu josss,5,2023-12-26 05:09:23,4.80.4,positive,rating_rule,12
Yuni Suhendrik,PIHAK GOJEK YANG TERHORMAT SAYAS SUDAH MELAKUKAN TOP UP SALDO GOPAY DARI TANGGAL 231223 SAMPAI SEKRANG BELUM MASUK TOP TELAH BERHASIL TETAPI SALDO TIDAK MASUK DAN SAYA MELAKUKAN LAPORAN MALAH LAPORAN SAYA DITUTUP TIDAK DI PROSES,1,2023-12-26 05:18:50,4.80.4,negative,rating_rule,228
Nur Mujadilla,Aplikasi kok gak bisa d buka aneh,1,2023-12-25 12:22:23,4.80.4,negative,rating_rule,33
Yan ard,Banyak driver yang ugal2an,2,2023-12-26 05:29:31,4.80.4,negative,rating_rule,26
Asbi Gunawan,SALAM SATU ASPAL  JANGANKAN UNTUK ANAK ISTRI KU DI RUMAH UNTUK DREPERNYA SENDIRI HARUS PUASA  KALAU BEGINI TERUS TERUSAN BISA BISA MATI DREPERMU JEK  12 jam ONLINE CUMA DI KASIH 3 ORDERAN HARUSNYA GOJEK LEBIH CAKAP TENTANG PEM BAGIAN ORDERAN SAYA MENAFKAHI KELUARGA BERGANTUNG SAMA GOJEK  MUDAH MUDAHAN UNTUK KEDEPANNYA GOJEK DAPAT MENINGKATKAN ORDERAN SAYA  SALAM SATU ASPAL,5,2023-12-26 03:25:38,4.80.4,positive,rating_rule,375
Ketan Keju,Jadi gini gojek buat ngemis onlein Saya tiap order goofod driver sll bilang saya cuma dapet goceng Padahal saya di apk bayar 17k untuk ongkirnya Tpi driver sll saja bilang saya cuman dapat goceng kaklo bisa di lebihin nanti y ka ongkirnya lewat tip Trimakasih,1,2023-12-26 03:24:40,4.80.4,negative,rating_rule,259
Priyatno Prie,OK Mantabss,5,2023-12-26 01:41:07,4.80.4,positive,rating_rule,11
Ali Mahsun,Banyak yg kecewa dengan adanya double order karena waktu nunggu jdi lebih lama dan driver jarang ada yg mau ngambil double order kerena potongannya yg tidak manusiawi,1,2023-12-25 13:15:57,4.80.4,negative,rating_rule,166
Irma Virgian,perfect,5,2023-12-26 02:17:29,4.80.4,positive,rating_rule,7
Lena Nurlalena,Males skrg pake gopaytransaksi seringtp ajukan pinjeman selalu ditolak terus berkali2,5,2023-12-26 02:43:04,4.80.4,positive,rating_rule,85
Muchsin Alkatiri (Ochen),Yang bikin gw lebih memilih yg lain dan sudah tidak pernah memakai jasa ini karena dari jaman apk ini lahir gw orang pertama yg memakai jasa gocartp ketika pengajuan entah gopaylater or gopaypinjam selalu ditolak tanpa ada penjelasancoba liat sono akun q udh jadi boss tp gw sdh bbrp lama bulan ini najis pakai lagi,5,2023-12-26 02:43:30,4.80.4,positive,rating_rule,315
Hendrik 92,sy pengguna setia gojek sudah lama kenapa gopay pinjam sy di tolakalasanya ap,1,2023-12-26 03:00:50,4.80.4,negative,rating_rule,77
Dian Dewi,Gofood jadi tidak senyaman dulu Sekarang tampilan maps setelah pemesanan dihilangkan Juga semakin sering pengantaran sekaligus dengan alasan pengantaran searah yg kadang malah antar ke lokasi lebih jauh dulu Padahal saya membayar tarif ongkir reguler Seharusnya jika diberlakukan pengantaran sekaligus ada penyesuaian ongkir krn menunggu lebih lama Mana logikanya Komplain pun percuma lgsg ditutup krn merasa benar,1,2023-12-25 12:53:30,4.80.4,negative,rating_rule,414
Untung Suryadi,Pengemudi tahu tempat tujuanjujur dansopan,5,2023-12-26 03:07:52,4.80.4,positive,rating_rule,42
Moestiko Wati,Saat inu mejelang rh baru ini aku udah sakit3 bulan paksyarat terkunci sehingga aku bukankan diarternatipmasuk karntor pulusi masuk tukan bekel berusaha supaya saya sembuh habis dari dr bedah mulut sata halo tampa sepiker hali2 siapa disini yg tau aternatip untuk menyembuhkan tubuhku yang sakit saya buk rulis mas ya bak ya yg cocok dari pak desa mentoro pansmdai banget tau aku baru sembuh dari jatung tau parah 2 kali terapi sama dibekam hasilnya indah sekali,5,2023-12-26 03:10:00,4.80.4,positive,rating_rule,462
Retno Kartini,gojek termasuk gofood menerapkan edit bahasa di menu ulasan Masak ngulas makanan yg kita beli aja harus seperti nulis karya ilmiah pakai kaidah PUEBI KBBI tdk boleh campur bahasa Indonesia Inggris istilah prokem apalagi bahasa daerahalah emak ribet banget aturannya Jadinya malas ngulastrus berimbas malas kasih bintanghayo siapa yg rugi,3,2023-12-25 09:54:52,4.80.4,neutral,rating_rule,337
Lilis Cantik,Bagus suka sekali mantap,5,2023-12-27 04:14:56,4.80.4,positive,rating_rule,24
Romi Gunawan917,Good bgt lah voc sama promonya ga Kya merek sblah,5,2023-12-27 03:32:55,4.80.4,positive,rating_rule,49
Fajar. Ramadhan isnaini,Good apps,5,2023-12-27 03:37:58,4.80.4,positive,rating_rule,9
Heri Yanto,Gojek sudah penah daftar ktp Sekarang daftar ktp lagi jangan keamanan data terjaga Hilang karena tidak di backup atau hack oleh hacker Apa tanggung jawab pihak gojek Saya akan pakai gopay karena data ktp tidak di jaga ujung kita registrasi ktp lagi Tingkat keamanan dan backup server buruk tak bermutu Harus server perbanyak jangan iklan perbanyak Sdm masih tak bermutu Iklan suara gojek sangat mengganggu,1,2023-12-27 03:52:30,4.80.4,negative,rating_rule,405
Cahyo Yono,Saya gk bisa pesan lagi Terahir pesan buan kemaren katanya ada kendala,1,2023-12-27 04:07:53,4.80.4,negative,rating_rule,70
inaya upi70,Baik se x n semuanya aman,5,2023-12-27 04:13:49,4.80.4,positive,rating_rule,25
Juned Aisyah,Adanya aplikasi ini memudahkan kita untuk bertransportasi  bertransaksi,5,2023-12-25 05:58:35,4.80.4,positive,rating_rule,71
Muhammad Hasbi,Satu aplikasi untuk seluruh kebutuhan,5,2023-12-25 05:49:04,4.80.4,positive,rating_rule,37
destav ryanluv,pas untuk kaum mendang mendingsnoga sukses slalu gojek dan driver ya,5,2023-12-27 04:36:48,4.80.4,positive,rating_rule,68
Gita,kenapa ya sekarang tiap driver jalan atau sudah sampai di lokasi tidak ada notifikasi muncul apalagi kalo lagi pesen gofood benerbener ga bisa keluar dari aplikasi karna ga bakal muncul notifikasi nya masa harus stay di aplikasi terus kadang juga ga sinkron driver sudah sampai tapi di aplikasi masih diam saja saya jadi ribet kalau tiba tiba sudah sampai padahal di aplikasi masih diam saja,2,2023-12-27 04:41:28,4.80.4,negative,rating_rule,391
Razita Julia,Tidak dapat di download,1,2023-12-27 03:21:04,4.80.4,negative,rating_rule,23
Nada Transwisata,Makin lama makin gak jelas payleternya,1,2023-12-25 06:09:31,4.80.4,negative,rating_rule,38
Dheka Aditya,Teu di bere gopay pinjam aing badot,1,2023-12-25 06:55:35,4.80.4,negative,rating_rule,35
Steven C.I,Kenapa suka ganti alamat sendiri dah Jadi gaenak sama driver jalan lagi,1,2023-12-27 01:54:42,4.80.4,negative,rating_rule,71
sulaiman anwar,cukup baik,5,2023-12-27 02:21:39,4.80.4,positive,rating_rule,10
Yaya Sari,Aplikasi gak jelas gak pernah promo,1,2023-12-27 02:22:53,4.80.4,negative,rating_rule,35
Digital Future,Banyak orderan fiktif penjemputan jauh ongkos driver tdk sesuai banyak customer berulah tapi di biarkan saja bahkan setelah order di cancel dengn sepihak  sengaja katanya bukan fiktif berarti sistem dan aturan gojek berat sebelah dan bobrok sistemnya selain itu masih ada yg pakai MOD  dasar aplikator PKI kalian,1,2023-12-27 02:30:11,4.80.4,negative,rating_rule,312
AdiE,Bsa satset,5,2023-12-27 02:51:30,4.80.4,positive,rating_rule,10
Alfito Lumbanbatu,Susah nyari driver,1,2023-12-25 06:25:47,4.80.4,negative,rating_rule,18
Dozhans keong macan,Saldo gopay tidak kunjung kembali dari kemarin,1,2023-12-27 04:42:42,4.80.4,negative,rating_rule,46
Iin Indrawati kala Bryant Juan,Terjangkau harga aman n cepat,5,2023-12-27 04:47:05,4.80.4,positive,rating_rule,29
Akhmad Amay,Okeeh bangeddbonus dan promo nya buanyakmksh gojek,5,2023-12-25 05:45:04,4.80.4,positive,rating_rule,50
The Gunards,GOPAY later yg baru bikin ribet ngga bisa bayar cepat kaya yg dulu,1,2023-12-27 06:48:07,4.80.4,negative,rating_rule,66
Rudal Coy,Pesan gocar XL kapasitas 6 orang yang datang gocar biasa kapasitas 4 orang Aplikasi menyebalkan Klo ga kepepet males pakai gojek,1,2023-12-25 04:01:59,4.80.4,negative,rating_rule,128
joko andi triyono,Ok sudah lama pakai gopay laatter skrg sdh tdk bs dipakai,5,2023-12-27 06:20:17,4.80.4,positive,rating_rule,57
yanto sipit DX,Pertahankan pelayanan yang maksimal,5,2023-12-27 06:27:54,4.80.4,positive,rating_rule,35
Astri Berlianti,Banyak bug suka eror ngeblank berat Mohon diperbaik,1,2023-12-27 06:29:18,4.80.4,negative,rating_rule,51
Pengguna Google,Gak bisa pesen Gocar pdhl lokasi atau GPS udh hidup,5,2023-12-27 06:42:09,4.80.4,positive,rating_rule,51
Bima Satria,The best la,5,2023-12-25 03:59:57,4.80.4,positive,rating_rule,11
Ayu Putri,Selalu terbantu di saat mager Banyak diskon jugamantap,5,2023-12-27 06:53:13,4.80.4,positive,rating_rule,54
Just Lissa,Banyakin promo,5,2023-12-27 06:57:39,4.80.4,positive,rating_rule,14
Rofiq Alghifari,Aplikasi sering blank,1,2023-12-25 03:59:54,4.80.4,negative,rating_rule,21
Imam Santoso,Layanan gofood skr lamasaya sbg konsumen skr kecewa,1,2023-12-25 03:49:34,4.80.4,negative,rating_rule,51
Bastian,Apa sih ini aplikasi bukannya mempermudah malah bikin emosi buka youtube dan yg lain lancar aja kenapa giliran buka gojek malah gk bisa,1,2023-12-27 07:16:38,4.80.4,negative,rating_rule,135
Afrizal Ramadhan,Gk bisa diupgrade nyusahin gk bisa buat transfer jdi males pake gojekk dan gopay aku uninstal ajalah kalo gk ada perbaikan,1,2023-12-27 06:13:22,4.80.4,negative,rating_rule,122
Arsya Septian,Lemot bgt apk ampas,1,2023-12-27 06:11:46,4.80.4,negative,rating_rule,19
Fathurrahman Syam,Tarif kompetitif dan gampang pesannya,5,2023-12-25 04:08:55,4.80.4,positive,rating_rule,37
Vergian Faizal,Tepat waktu dan aman d jln,5,2023-12-25 04:25:56,4.80.4,positive,rating_rule,26
GONDRONG SERBA BISA,Mau pakai ngeblank gak bisa order padahal sinyal lancar dan sudah up date versi terbaru tambah ribet aja aplikasinya,1,2023-12-25 05:23:25,4.80.4,negative,rating_rule,116
Kacungg,Jelek gopay nya kadang gak bisa tf ke rekening manapun tiba ada gangguan sistem lah ini lah gk kaya sebelah mau tf pun gak pake ribet ini justru malah makin di ribetin kecewa sm aplikasi ini bukan nya makin berkembang malah makin buruk performa lu,1,2023-12-27 05:14:01,4.80.4,negative,rating_rule,247
Hebdrikus Torimtubun,Mantap lebih murah dri grab,5,2023-12-27 05:33:24,4.80.4,positive,rating_rule,27
Gun Gunawan,Pokoknya puas pelayanannya,5,2023-12-25 05:07:23,4.80.4,positive,rating_rule,26
Syamsul Bahar,Saya diblokir lagi padahal cuma beli geprek,1,2023-12-27 05:40:10,4.80.4,negative,rating_rule,43
Aa Isur,Its Ok,5,2023-12-27 05:40:44,4.80.4,positive,rating_rule,6
Arif Koenigsegg,Buset ulasan saya dihapus apa ya,5,2023-12-25 04:54:34,4.80.4,positive,rating_rule,32
Sinar Baru Running Text (Sinar Baru Led Madiun),Terima Kasih Atas Bantuannya Min,5,2023-12-27 05:59:38,4.80.4,positive,rating_rule,32
Sayra Ihsani,L,1,2023-12-25 07:17:06,4.80.4,negative,rating_rule,1
Ricky Bp,Mantap pelayanannya,5,2023-12-27 01:03:38,4.80.4,positive,rating_rule,19
andi s,saran jgn kebanyakan biaya lainnya,5,2023-12-26 14:18:04,4.80.4,positive,rating_rule,34
Alice Angel,apiklah,5,2023-12-25 08:41:38,4.80.4,positive,rating_rule,7
Ikhsan Ridzq,Akun gojek saya tiba ke blokir tanpa sebab padahal sedang saya tidak pakai Mohon bantuan nya,1,2023-12-26 13:43:58,4.80.4,negative,rating_rule,92
endang dwi setyowati,Insya Allah selalu membantu di saat yang pas dan mengutamakan kualitas,5,2023-12-26 14:00:59,4.80.4,positive,rating_rule,70
Visiana Surya,Gopay later yg sdh lama ga bisa dipakai lagi Selalu ada tulisan Oops sedang ada perbaikan Mending paylater yg dulu sebelum diupgrade ke MAB Semakin menurun,1,2023-12-26 14:11:31,4.80.4,negative,rating_rule,155
Andry Widjaja,Thank you,5,2023-12-26 14:22:10,4.80.4,positive,rating_rule,9
Abdul malik Ibrahim,Drivernya lama,2,2023-12-26 15:10:48,4.80.4,negative,rating_rule,14
Ari syamsul Bahri,Oke keren,5,2023-12-26 14:27:39,4.80.4,positive,rating_rule,9
Darso Acho,Dulu saya kasih rating 5 tpsekarang kok Pemakaian aplikasi ribet sinyal internet padahal bagus aplikasinya yg ribet akhirnya pake aolikasi lain yg mudah kapok,1,2023-12-26 14:39:39,4.80.4,negative,rating_rule,158
SkuyyyTV Official,akun driver gw sepi gk kayak biasanya kek gini moga cepet di fix in,1,2023-12-26 14:50:47,4.80.4,negative,rating_rule,67
Pengguna Google,Gopay later udah di lunasin eh malah diblokir Ditelpon koperatif eh udah lunas malah di blokirduh mau di andelin malah nyebelin,1,2023-12-26 15:00:18,4.80.4,negative,rating_rule,127
e.y pranggo,Sering order yg perlu buru2 tapi dapat driver yg posisinya jauh padahal yg deket banyak Pengaturannya gmna ya biar bisa dapat driver terdekat,5,2023-12-26 15:07:59,4.80.4,positive,rating_rule,141
Restian Noviantara,Good mantab joss,5,2023-12-26 13:33:38,4.80.4,positive,rating_rule,16
Stefanny Anesia,Sangat memudahkan untuk pesan online,5,2023-12-26 13:33:25,4.80.4,positive,rating_rule,36
Asari Acun,Kalo bisa gofood selalu diskon 45,5,2023-12-26 13:28:55,4.80.4,positive,rating_rule,33
Murottal Channel,Hayo Gojek naikkan lagi sahammu I yakin Gojek akan berkembang pesat,5,2023-12-26 11:59:54,4.80.4,positive,rating_rule,67
Jawa Shinoda,Semenjak update terakhir Aplikasi kenapa terasa berat banget ya dan sering error,5,2023-12-26 12:01:22,4.80.4,positive,rating_rule,80
Yunus Ardiansyah,Mau dipakai bayar gak bisa gak berguna ada di handphone saya aplikasi ini,1,2023-12-26 12:03:08,4.80.4,negative,rating_rule,73
zulkarnain Zulkarnain,Mantap buat apk gojek nya tapi sayang gopaylatter punya sy sdh tdk bisa digunakan tolong dong admin sy pernah dapat gopaylatter limit 100000 tapi sdh tdk ada lagi Terima kasih gojek,5,2023-12-26 12:18:45,4.80.4,positive,rating_rule,181
Angela,Terusin promo go food nya karena harga nya manusiawi,5,2023-12-26 12:21:08,4.80.4,positive,rating_rule,52
denny andra,Masih susah pakenya bagi orang awam Ribet Kmren saya lihat histori malah cari driver Rute kebalikan yg kmren,1,2023-12-26 12:25:51,4.80.4,negative,rating_rule,108
Mega Shinta,Udah dicoba ngatur alamat lewat peta Eh malah tulisan alamat rumah tetap salah Malah ditulis masuk gang samping rumah Jd gk brani pesen apapun,2,2023-12-26 12:28:44,4.80.4,negative,rating_rule,142
Yusron Pgb16,Akun baru kasi voucher gofood dong,1,2023-12-26 12:29:33,4.80.4,negative,rating_rule,34
Achmad Razzaq Sumardiono,SERING TERJADI GANGUAN PAYAH  LEBIH BAIK PAKE APLIKASI SEBELAH YANG SELAMA GUA PAKE SETIAP HARI ENGGA PERNAH ADA GANGGUAN,1,2023-12-26 12:31:25,4.80.4,negative,rating_rule,121
Rumah Sukarame,Pesen go food gk ada kepastian Nyangkut,1,2023-12-26 12:46:08,4.80.4,negative,rating_rule,39
Dedi Sumiaji,Gimana ceritanya minkok GopayLater saya gak bisa digunakan Ngapain juga dinaikan limit nya kalau ujung nya gak bisa digunakan,5,2023-12-26 12:47:43,4.80.4,positive,rating_rule,125
Capuccino Latte,Banyak minuss setelah di update,1,2023-12-26 13:00:42,4.80.4,negative,rating_rule,31
Ruhana Fadhila Khair,Mantabb karya anak bangsa,5,2023-12-26 13:11:49,4.80.4,positive,rating_rule,25
Arie Gripis,Ada apa dgn aplikasi gojek Setelah di update malah ngawur aplikasinyalayanan gosend paket lagi di anter tapi status nya msh lagi di ambildan saat paket sdh di terima tapi statusnya msh lagi di ambil dan map nya pun ngawurrrrr alamat tujuan jadi alamat pengirim Jadi menyesal saya update,2,2023-12-26 15:09:24,4.80.4,negative,rating_rule,286
David Goo,Setelah di update malah force close sendiri nih gimana min,1,2023-12-26 15:11:32,4.80.4,negative,rating_rule,58
Rodia Safar,Aplikasi gojek sangat membantu sekali,5,2023-12-27 00:57:11,4.80.4,positive,rating_rule,37
Steven Saputra,semua driver nya skrg jd pengemis berkedok tarif goceng ya atau memang kalian di divisi kantor gak membayar driver dengan semestinya,1,2023-12-26 18:33:14,4.80.4,negative,rating_rule,132
Syarifah Fatimah,Penyelesaian masalah yang baik pesanan saya tidak sampai lalu ditindak lanjuti dengan pengembalian saldo Terima kasih gojek,5,2023-12-25 07:43:09,4.80.4,positive,rating_rule,123
Rony Tri Herlambang,Aplikasi apaan ini g ada Drive ya aplikasinyaa jelek sekali kayak taik,1,2023-12-26 18:51:22,4.80.4,negative,rating_rule,70
Mawar hidayana Sallata,Aplikasinya sangat mengecewakan,1,2023-12-26 18:53:42,4.80.4,negative,rating_rule,31
Tca 391,Pesanan mudah,3,2023-12-26 20:52:31,4.80.4,neutral,rating_rule,13
HAR TINI,Gojek emang matappp,5,2023-12-25 07:39:28,4.80.4,positive,rating_rule,19
muslim nur subhan,Susah banget skg masuk ke apl gojeg,1,2023-12-25 07:31:59,4.80.4,negative,rating_rule,35
Kodhoq Ngorex,Gojek memudahkan perjalananku,5,2023-12-26 15:15:44,4.80.4,positive,rating_rule,29
Sugiarto Rudi,Tooooop,5,2023-12-25 07:21:25,4.80.4,positive,rating_rule,7
Herdi Hidayat,Sangat tidak manusiawi Selalu mendapatkan driver yg jauhjauh menunggu lama bisa udah 8 tahun pake gojek  fix unistal,1,2023-12-27 00:29:35,4.80.4,negative,rating_rule,116
PIpit Oktaria,Saat membutuhkan gosend driver selalu cancel dengan alasan kejauhan padahal di map dekat,2,2023-12-27 00:38:04,4.80.4,negative,rating_rule,88
iar wiarsih,Kenapa gopaylater saya tidak bisa d gunakan padahal saya selalu bayar tepat waktusaya sangat kecewa dengan aplikasi gojek sekarangmohon perbaiki lagi sistemnya jangan sampai mengecewakan custamer,3,2023-12-27 00:51:06,4.80.4,neutral,rating_rule,195
Maitsaatiara Nugraha,Susah banget masuknya otp gagal dikirim trs Trs kalo daftar aja pake nomer yg sama ga bisa trs maksudnya kita suruhh masuknya gimanaaa Log in gabisa sign in gabisa,1,2023-12-25 07:43:37,4.80.4,negative,rating_rule,163
Yosep Sahetapy,Tolong dong yang baru pakai bsa pnjam uang di go jek,5,2023-12-26 17:57:18,4.80.4,positive,rating_rule,52
iqbal rmdhn,Gopaylater tidak bisa digunakan di Tokopediaada apa ya min Maaf  metode ini tidak tersedia di akun kamu  kenapa ya minemang belum bisa,1,2023-12-26 17:26:01,4.80.4,negative,rating_rule,134
dian nisa,Gopaylater tidak dapat digunakan Sebelumnya lancar lancar aja nih pake gopaylater Dah mau sebulan Limit tersedia Cuma muncul tulisan ooppsss ada sedikit gangguan,1,2023-12-25 07:53:40,4.80.4,negative,rating_rule,161
RETDAWATI,2 kali dalam seminggu ini dana saya kepotong pertama 7rb hr ini 5rb aplikasi sudah versi terbaru ya  yg ke 2 ini tidak ada masalah dgn koneksi internet,4,2023-12-26 15:19:44,4.80.4,positive,rating_rule,151
siti Sumiati,Selalu dapat promo gofood,5,2023-12-25 08:24:46,4.80.4,positive,rating_rule,25
Teras Info,Mudah dan praktis,5,2023-12-25 08:09:57,4.80.4,positive,rating_rule,17
MahardikaYoga Pratama (Yoga),Mantaf Siip Ok,5,2023-12-26 15:53:55,4.80.4,positive,rating_rule,14
meliana ridha hutagaol,Martabaknya enak pengantaran cepat driver ramah,5,2023-12-26 15:54:21,4.80.4,positive,rating_rule,47
Uhsein Uhsein,Dk ush bikin ajg duit awk ilang manjang pilat,1,2023-12-26 15:58:28,4.80.4,negative,rating_rule,45
NEW SATRIA MUSIC,TOLONG DIHAPUS SAJA  BIKIN KECEWA PELANGGAN PESAN GOFOOD DAPET DRIVER AJA LAMA BANNGET HAMPIR 2 JAM BAHKAN LEBIH TOLONG SISTEM NYA DIPERBAIKI JIKA MAU PELANGGAN TETAP SETIA PAKAI APLIKASI GOJEK TERIMAKASIH,1,2023-12-26 16:00:57,4.80.4,negative,rating_rule,205
Indri Yani,Multifungsii,5,2023-12-26 16:03:18,4.80.4,positive,rating_rule,12
Isnaini AzfarulZahra,amat sangat membantu berkalikali bukan cuma sekali,5,2023-12-26 16:15:43,4.80.4,positive,rating_rule,50
Andhika Nobon,Oke banget fitur experience yang ditawarkan sangat memudahkan costumer,5,2023-12-26 16:23:57,4.80.4,positive,rating_rule,70
Ari Budiarto,Saya tidak sengaja mengapus gopay saya trus saya upgred lg k gopay plus tidak bisa harus mengapus tabungan gopay jago cara mengapus nya bagaimana sedangkan saya tidak bisa terhubung lg akun yg lama,1,2023-12-26 16:26:07,4.80.4,negative,rating_rule,197
Zai Nuri,Mantap semoga makin sukses,5,2023-12-26 16:41:52,4.80.4,positive,rating_rule,26
Wisnu Wardana,Banyakin promo untuk sistem tunai dong,5,2023-12-24 07:42:19,4.80.4,positive,rating_rule,38
AMLCT CLAYMRX,Bintang 1 tol,1,2023-12-29 01:18:34,4.80.4,negative,rating_rule,13
Juantama Sitanggang,Sulit mendapatkan driver dan banyak masalah lainnya,1,2023-12-23 11:23:15,4.80.4,negative,rating_rule,51
Somantri Family,Good Gojek Indonesia,5,2023-12-31 01:52:45,4.80.4,positive,rating_rule,20
Gibran Rafa,Mempermudah sya mau jln kmna2 ongkos terjangkau,5,2023-12-31 01:57:26,4.80.4,positive,rating_rule,47
Devi Yanah,lol aplikasi,1,2023-12-31 02:16:12,4.80.4,negative,rating_rule,12
Deiza Vitria,Mau searching makanan di gofood Ngetik ayam aja bisa ga muncul sama sekali Tidak ada menu tersedia di restoran Aneh aneh aja Jadi susah mau nyari warung yg lagi di inginkan,1,2023-12-31 02:33:29,4.80.4,negative,rating_rule,172
Cellyweran Art,Sekarang rutenya ngasal kadang suruh nembus tembok nembus portal nyemplung kali lewat sawah Tolong perbaiki rutenya kasian driver nya,2,2023-12-31 01:34:36,4.80.4,negative,rating_rule,133
Rudy Wijaya,Good aplication,5,2023-12-31 02:37:51,4.80.4,positive,rating_rule,15
Abdurrahman Muttaqin,Sugoi,5,2023-12-31 02:58:20,4.80.4,positive,rating_rule,5
Dodo Marguswan,Cepet dan ramah,5,2023-12-23 10:55:57,4.80.4,positive,rating_rule,15
Syauqi Jrz.,Kok pas saya mesan di kota Tegal belum ada yah,1,2023-12-31 03:14:37,4.80.4,negative,rating_rule,46
Julaeha Setia,wowcepet banget driver sopan dan ramah,5,2023-12-31 03:14:43,4.80.4,positive,rating_rule,38
Ferry Tan,Halo bangkakak gojek jadi gini saya kan mau ganti pin nomor saya salah sudah tidak aktif jadi saya mau ganti nomor pin saya lupa karena itu saya mau ganti pin jadi saya mau nelpon service customer Saya telpon dibilangnya nomor yang anda tuju sedang tidak menerima panggilan tolong ya bangkakak gojek ada 100k di gopay ku,1,2023-12-31 01:40:53,4.80.4,negative,rating_rule,320
Mohamad Yusuf,Mudah mendapatkan kendaraan,5,2023-12-31 06:09:04,4.80.4,positive,rating_rule,27
Chubpank Project,Payleter turun banget Ga bisa di gunakan Balikin sistem yg dl aja,1,2023-12-30 22:22:17,4.80.4,negative,rating_rule,65
Liana Eva,Ini akun ke 2 dari dulu sampe sekarang gak pernah ke Laen aplikasi,5,2023-12-23 12:02:17,4.80.4,positive,rating_rule,66
Sumarah Sumarah,Mau masuk aplikasi gojek lagi kok sulit,5,2023-12-23 11:57:38,4.80.4,positive,rating_rule,39
yono irwanto,Pakai gojek lumayan membantu urusan jadi lebih mudah dan gak ribet,5,2023-12-23 11:52:19,4.80.4,positive,rating_rule,66
Rasyid Ridha,akhir akhir ini susah banget dapet driver gocar entah pada sombong atau memang aplikasinya jelek banget beda banget sama aplikasi ijo sebelah yg garcep,1,2023-12-30 21:52:56,4.80.4,negative,rating_rule,151
ジュリアンJul ian,Sangan membantu,5,2023-12-23 11:50:49,4.80.4,positive,rating_rule,15
mimun emon,good apk,5,2023-12-31 01:33:13,4.80.4,positive,rating_rule,8
Muhammad Ali Noor Fadli,Saran untuk aplikasi gofood untuk bisa kita chat ke restojangan nunggu resto dulu baru chat ke customer,4,2023-12-30 22:46:06,4.80.4,positive,rating_rule,103
Retno Hariadi,Gojek sangat membantu saya dalam hal tranportasi dan GoFood Alhamdulillah Makasih Gojek,5,2023-12-31 00:21:56,4.80.4,positive,rating_rule,87
Ima Rohmawati,Ia juga sama black,4,2023-12-31 00:24:54,4.80.4,positive,rating_rule,18
Ayep Rasidin,Terus berinofasi dan lebih baik lagi,5,2023-12-31 00:26:56,4.80.4,positive,rating_rule,36
Muji Yanto,Ooke,5,2023-12-31 00:26:56,4.80.4,positive,rating_rule,4
Desak made Cendrawasih,Sulit gunakan utk bayar gocar dibilang gak ada dana padahal ada banyak Diisi lagi tetap dibilang Zong Kemana itu dana yg tersimpan Dulunya gak begini Sampe2 kemaleman aku di jln Thx,2,2023-12-31 01:13:25,4.80.4,negative,rating_rule,181
Ivan Ahmad,Memudahkan semuanya,5,2023-12-31 03:17:21,4.80.4,positive,rating_rule,19
8.5_Ahmad Ramadhani,kalo ngasih notif tuh gausah muncul dong gw lagi main epep ada notif kepencet anjjjj,1,2023-12-31 03:18:30,4.80.4,negative,rating_rule,84
Yani Nsc16,Sering sekali ngelag Agak mengganggu Tolong diperbaiki,3,2023-12-31 03:25:54,4.80.4,neutral,rating_rule,54
Anwar Rianto,Godjoob,5,2023-12-23 09:16:50,4.80.4,positive,rating_rule,7
Ahmad Afifi,lebih di tingkatkan lg promo nya,5,2023-12-31 04:56:33,4.80.4,positive,rating_rule,32
Syahlinda Listiawati,Top baik,5,2023-12-31 05:00:10,4.80.4,positive,rating_rule,8
Abo Surbo,Goodlah,5,2023-12-31 05:02:28,4.80.4,positive,rating_rule,7
annisa ramadhanirizka,Mantap sangat terbantu,5,2023-12-31 05:06:43,4.80.4,positive,rating_rule,22
Angela Tati,Sangat baik responnya,5,2023-12-23 09:21:43,4.80.4,positive,rating_rule,21
Christabel Florence Lodewyk,senang pakai gojek tapi kalo bisa promonya dibanyakin,5,2023-12-31 05:18:27,4.80.4,positive,rating_rule,53
Adia nesya queennova,Praktis nggk perlu keluar rumah kalo mau jajan,5,2023-12-31 05:18:50,4.80.4,positive,rating_rule,46
Abdullah Prasetyo,ma nyus lah pokoke,1,2023-12-31 05:25:40,4.80.4,negative,rating_rule,18
Edy Heryadi,Membantu sekali dan sangat bermanfaat,5,2023-12-31 05:30:45,4.80.4,positive,rating_rule,37
Mieke Nurul Azmi,Terima kasih gojek udh menemani setahunku bekerja,5,2023-12-31 05:33:30,4.80.4,positive,rating_rule,49
Bamagin fatwansyah,Sulit dapet driver,2,2023-12-31 05:38:12,4.80.4,negative,rating_rule,18
Dinda Mitasyah,Kok gk bosa dibukak yah asal mau bukak tiba2 keluar sendiri,1,2023-12-31 05:40:08,4.80.4,negative,rating_rule,59
nina wartini,Sekrang kok jauh2 untuk lokasi pnjmputan bkin lma nunggumsak nunggu stgah jamini dprhatikan ya bagian admin biar penumpang tidak kecewadg alasan ngedrop penumpang klu ada penumpang knp dtrima aja,1,2023-12-23 09:14:30,4.80.4,negative,rating_rule,195
arneto2021,Sy menggunakan aplikasi ini tiap kali memesan mkanan dr Jakarta utk Ortu sy di Manado Dan semua lancar sprti yg diharapkan Top,5,2023-12-31 05:53:39,4.80.4,positive,rating_rule,126
Pom Idik,Oke punya,5,2023-12-31 04:55:24,4.80.4,positive,rating_rule,9
Harzem Aura,Puas pelayanan nya,5,2023-12-31 04:54:02,4.80.4,positive,rating_rule,18
Aas Gussusanto,Buruk sekali Mitra Mitra nya pada manja seneng batelin orderan sepihak jangkauannya juga tidak luas seperti merk sebelah,1,2023-12-23 09:23:31,4.80.4,negative,rating_rule,120
Galery Muchlis,Saya kasih bintang satu karena akhirakhir ini nggak bisa dibuka aplikasinya Ntah apa sebabnya Setiap buka aplikasi nggak pernah bisa,1,2023-12-31 04:49:06,4.80.4,negative,rating_rule,132
Kevin Ivander,Karena om saya bekerja sebagai gojek yah saya kasih Rating 4,4,2023-12-31 03:32:22,4.80.4,positive,rating_rule,60
paska marpaung,Sangat membatu sekali untuk kaum rebahan mohon di perbanyak gratis ongkir donksss,5,2023-12-31 03:37:56,4.80.4,positive,rating_rule,81
Jun Tallu,Trima kasih untuk pelayananx,5,2023-12-31 03:49:09,4.80.4,positive,rating_rule,28
fredy nashihin,Maaf masih Bintang 1 dpet drivernya jauh2 mulu,1,2023-12-23 09:44:37,4.80.4,negative,rating_rule,46
Artia Sitanggang,Sejak migrasi goto payah untuk gofood selalu ada tambahan biaya gaib entah pelayanan entah bungkus promo diskon selalu tidak ada gopay later tiba2 akun dinonaktifkan pdhl dr findaya nominal paling tinggi pun saya gag pernah telat bayar bahkan bayar sebelum tanggalnya  skrg tiba2 dinonaktifkan Oke gpp bye goto gag akan g pake lagi gojeknya pun potongan ke abangnya tyta tinggi sering banget driver gojek curhat potongan yg gag wajar,1,2023-12-31 04:12:19,4.80.4,negative,rating_rule,433
Ellvish Waruwu,Saya coba aktif kan kembali dulu,5,2023-12-31 04:20:38,4.80.4,positive,rating_rule,32
Hari Wijaya,Penarikan 350k gak da Jika mau menarik 350k harus 2x penarikan Rugi di biaya admin,1,2023-12-31 04:21:12,4.80.4,negative,rating_rule,82
anto ansaibu,Aplikasi terbaik untuk pemesanan alat transportasi,5,2023-12-23 09:42:53,4.80.4,positive,rating_rule,50
Faldo Wattimena,Lucu dikt limit dikit limitpdhl ga premprem ttp aja limit anehgausa pake ni apk gw saranin kalo mau saldo aman,1,2023-12-31 04:34:30,4.80.4,negative,rating_rule,110
Makmur Ganteng,Mantap lebih bagus lagi kasih diskon,5,2023-12-23 09:27:48,4.80.4,positive,rating_rule,36
Muhammad Zayyin,Mlm jg alhamdulillah masih dpt gojeg,5,2023-12-30 18:24:16,4.80.4,positive,rating_rule,36
Tina Lusiyanti,Makasih udah bantu,5,2023-12-30 17:46:30,4.80.4,positive,rating_rule,18
Alwia Difinubun,terimah kasih ini sanggat membantu perjalanan kami,3,2023-12-23 12:50:22,4.80.4,neutral,rating_rule,50
MUHAMMAD YUDI,memudahkan saat ingin bepergian,5,2023-12-30 13:01:34,4.80.4,positive,rating_rule,31
tria novita,Aplikasi gojek sekarang super bad Kecewa,1,2023-12-30 13:06:32,4.80.4,negative,rating_rule,40
Ricky Wahyu,pelayanan kuramg bagus,1,2023-12-30 13:07:41,4.80.4,negative,rating_rule,22
Tabita Stefani,Cari driver susah  lama sekali Pesan makanan sudah telat lebih dari 1 jam tapi tidak bisa dibatalkan padahal belum dapat driver dan estimasi waktu tidak berubah sejak awal pesan,1,2023-12-30 13:09:56,4.80.4,negative,rating_rule,177
Gusti Indra,Mantapss,5,2023-12-30 13:11:24,4.80.4,positive,rating_rule,8
Roci Ro,lama bet cari driver nya sampe 3jm,1,2023-12-30 13:51:58,4.80.4,negative,rating_rule,34
Ari Santoso,Niceee,5,2023-12-30 13:23:28,4.80.4,positive,rating_rule,6
Kiki Novitasari,Gojek kenapa sih gopay later nya sekarang ga bisa di gunakan padahal limit ada terus limit jadi turunpadahal udah bayar tagihan ga telat Hadeuh Payah aaahhh,1,2023-12-30 13:31:59,4.80.4,negative,rating_rule,156
Egi Mahendra,Memudahkan saya untuk kmna pun,5,2023-12-23 12:45:03,4.80.4,positive,rating_rule,30
Sur Yanto,Semakin susah dipake,1,2023-12-30 13:42:39,4.80.4,negative,rating_rule,20
Ariya Saputra,Apk ajg,1,2023-12-30 13:45:12,4.80.4,negative,rating_rule,7
Shafiyah Fikri,Sangat sangat membantu dan berguna,5,2023-12-30 13:45:47,4.80.4,positive,rating_rule,34
Rafi Mar,Sy beri 1 karena dah beberapa x sy buka ngga bisa,1,2023-12-30 12:38:10,4.80.4,negative,rating_rule,49
Rully Wijaya,Gojek sangat membantu dalam bepergian,5,2023-12-30 12:36:50,4.80.4,positive,rating_rule,37
Abrar chesta Samadya,Susah dapet driver anj sampe basah kuyup,1,2023-12-30 12:28:15,4.80.4,negative,rating_rule,40
Risna Nurhayati,Nagus,4,2023-12-30 11:18:10,4.80.4,positive,rating_rule,5
Agus Chandani,Cepat tangap,5,2023-12-30 11:25:11,4.80.4,positive,rating_rule,12
Dina Sri Lisna Asih,Gangguan mulu susah ke buka mulu aneh kenapa ya apa lagi gangguan juga gojex nya,1,2023-12-30 11:29:15,4.80.4,negative,rating_rule,80
Bang Mahly,mempermudah perjalanan,5,2023-12-30 11:33:03,4.80.4,positive,rating_rule,22
Eji Nugroho,Halo ka kalo ada total pengeluaran transaksi lebih bagus lagi ka,3,2023-12-30 11:38:17,4.80.4,neutral,rating_rule,64
Mitha Stephani,Kenapa gopaylaternya gangguan terus yah Gak bisa di gunakan Harus nunggu berapa lama saya Udah satu bulan lebih gangguan teruss Gak guna gopaylaternya,1,2023-12-30 11:43:20,4.80.4,negative,rating_rule,150
ali yusup,Kok pay leter saya saldonya TDK bisa dipakai untuk transaksi padahal pembayaran saya bagus,4,2023-12-30 11:50:24,4.80.4,positive,rating_rule,90
Arfan Channel,Gojek semakin kesini ko makin susah untuk order goshop sampe bosan saya menunggu Berjam jam Maaf saya kasih bintang 1 untuk kali ini,1,2023-12-30 11:54:18,4.80.4,negative,rating_rule,132
M Nasir,Kenapa layanan Gotux gak ada lagi di aplikasi gojek Kalau mau nonton bioskop pesan tiketnya lewat Gotix,5,2023-12-30 11:57:14,4.80.4,positive,rating_rule,103
Okta Viani,Sip dah,5,2023-12-23 13:14:04,4.80.4,positive,rating_rule,7
diah ndud,Kalo hujan wassalam Kaya kuburan Ga ada driver Sekarang byk banget vouchernya tp ga guna Bikin bingung Mending ga usah,2,2023-12-30 12:07:54,4.80.4,negative,rating_rule,118
Blue Biru,Kalau gak perluperlu amat rasanya pingin uninstal aja aplikasi ini Garagara buka aplikasi ini HP jadi ngehang selama beberapa menit Udah tutup aplikasi paksa juga gak bisa Kenapa setelah diupdate malah makin ngaco aplikasinya,1,2023-12-23 12:38:29,4.80.4,negative,rating_rule,225
Rafindra Yuananda,Cape nungguin gofood malah kami mengalami kendala saat mencari driver mana udh nahan laper lagi,1,2023-12-30 17:29:34,4.80.4,negative,rating_rule,95
Luki Setiawan,Okee mantaapp,5,2023-12-30 16:18:35,4.80.4,positive,rating_rule,13
Kusuma k,2 kali pesan dibatalkan sepihak sudah menunggu lamaanak2 sampai kelaparanyang terakhir pesan dibatalkan makanan tidak datang saldo hilang,1,2023-12-30 15:40:04,4.80.4,negative,rating_rule,137
3018_Ananda,Saya sakit perut maag saya kambuh nunggu gofood gak dateng dateng,3,2023-12-30 15:40:34,4.80.4,neutral,rating_rule,65
bagus irawan,Bagus Sayang kalo hujan driver kayanya pada Males Kerja nyari driver paling bisa dapet pas saya udah punya anak cucu,4,2023-12-30 15:44:22,4.80.4,positive,rating_rule,116
Jimmy tambunan,pelayanan yang BURUK driver gojek TIDAK memberikan helm dan ugal2an plat nomer juga berbeda dengan yang tertera di aplikasi saat komplain ke CS tidak ada solusi sangat buruk GAK berguna juga lapornke CSgak dikasih solusi ternyata gojek cuma mementingkan mitra dan bisnis nya TIDAK dengan konsumen nya,1,2023-12-30 15:50:51,4.80.4,negative,rating_rule,300
Erlinda Chong,Aplikasi buruk karena pelayanan kurang dikala hujan atau macet,1,2023-12-30 14:09:12,4.80.4,negative,rating_rule,62
Syahrul Romadhan,Ini kenapa tarif gofood jadi naik drastis tiba tiba ya Biasanya untuk 165 Km cuma 1214rb sekarang kok jadi 35rb Apakah ada pembaruan Tidak ada info sama skali jadi kesulitan mau order makanan,1,2023-12-30 16:23:24,4.80.4,negative,rating_rule,191
Dedi Gunawan,Sangat terbantu dengan adanya aplikasi ini harapan semakin banyak promo diskon dan voucher untuk pelanggannya,5,2023-12-30 16:26:30,4.80.4,positive,rating_rule,109
Rizky Mubarok,ko ga bisa masuk sihpadahal sinyal bgus ko mau top up jdi ga bisaparah segera perbaiki lah,1,2023-12-30 17:23:53,4.80.4,negative,rating_rule,90
Ayu Prastia,plis kak aku pengen hapus akun gojek aku aja limit gopay later aku bikin aku shock terakhir pake gopay later tgl 13 nov 2023 dan pas aku cek tagihan saat ini itu ga ada dan aku yakin aku udh bayar tagihan paylater sebelum jatuh tempo tapi pas mau hapus akun gojek itu selalu kendala di gopay later katanya masih ada tagihan saldo gopay udah aku kosongin pesanan dalam perjalanan juga ga ada tolong lah kak bantuinnnn,1,2023-12-23 12:04:03,4.80.4,negative,rating_rule,416
Andi Agung Frh,Sangat membantu banget,5,2023-12-30 17:26:08,4.80.4,positive,rating_rule,22
Dawud Methodius,Lumayan okelah,5,2023-12-23 12:19:53,4.80.4,positive,rating_rule,14
Son Of Zeus,Untuk di daerah Tasikmalaya saya kesusahan untuk pesan gofood dan goshop ada yang bilang 10 km kejauhan ya ok gapapa tapi tolong bilangin ke Abang2 gojeknya kalo ga butuh duit jangan daftar gojek  nyusahin 2024 gojek 2 kali lipet lebih mahal driver nya lebih ga butuh uang kalo gini terus jangan harap maju Mohon maaf saya yg dulu suka banget aplikasi ini pengen gojek kembali lagi,1,2023-12-30 15:22:41,4.80.4,negative,rating_rule,381
Rama Dani,Cepat tanggap,5,2023-12-30 15:19:54,4.80.4,positive,rating_rule,13
Al Farizie Al Faro Aurora_26,Lagi pulang kantor masak eror nih Sinyal aman update app udah masih kurang apa Makin kesini makin aneh gojek semenjak tiktok beli saham tokopedia tang padahal saham masih berkontribusi dengan goto saya sangat kecewa,1,2023-12-23 12:29:24,4.80.4,negative,rating_rule,215
Chinta Orchidae,aplikasinya bagus dan sangat membantu,5,2023-12-23 12:28:48,4.80.4,positive,rating_rule,37
Pengguna Google,Mencari driver yg ready lamaaaaaa Bisa 1 jam lebih,1,2023-12-30 14:26:10,4.80.4,negative,rating_rule,50
mas bagus,Untuk pemesanan goraid tolong diprbaiki saya prnah pesan 1 driver tpi apkasi heng ahirnya 3 driver ya nyangkut,3,2023-12-30 14:39:38,4.80.4,neutral,rating_rule,110
Sandhyitia Yoanisa,Pesan food dgn mode hemat tapi sudah satu jam lebih tidak kunjung mendapat driver,1,2023-12-30 14:42:08,4.80.4,negative,rating_rule,81
ERICK ARDIANSYAH,Transfer bank gabisa apk gajelas Gw kasih tau jangan mau download dah ngerugiin,1,2023-12-23 12:26:06,4.80.4,negative,rating_rule,79
Mario L,Gimana pesan trus seenak di batalin harus cari solusi atau apa ke Maslh ini makananuntuk yg driver yg suka nolak di beri sangsi,1,2023-12-30 14:52:27,4.80.4,negative,rating_rule,127
Ramadhana Mega,Menunggu Driver kelamaan Aplikasi tidak melayani dengan maksimal,1,2023-12-30 14:56:22,4.80.4,negative,rating_rule,64
maul qiu2,Makin parah hujan hujan lapar pesen go food bukannya cepet nunggu lama sekali sekarang parah parah,1,2023-12-30 14:56:50,4.80.4,negative,rating_rule,98
Ari Tori,Ramah dan yaman,5,2023-12-23 12:24:00,4.80.4,positive,rating_rule,15
haji sahrul,Ok sngt membantu,5,2023-12-30 15:09:56,4.80.4,positive,rating_rule,16
Raina,Aplikasi sering ngecrash setiap search gofoodlokasi sering ngebug sehingga harus keluar masuk aplikasi,1,2023-12-31 06:03:34,4.80.4,negative,rating_rule,102
Muntasirin Irin,Drever nggak beres,2,2023-12-31 14:28:59,4.80.4,negative,rating_rule,18
ganjar basuki,Profesional,5,2023-12-31 13:52:29,4.80.4,positive,rating_rule,11
Abdul Tholib,Gila tukang ojek arogan banget kalo di censel pukul pelanggan gila si kata gue Tolong dong buat tukang ojek parung panjang Belagu banget ya Sombong,1,2023-12-31 14:00:10,4.80.4,negative,rating_rule,147
MaLe_5,Gojeknya pemalas,1,2023-12-31 14:01:24,4.80.4,negative,rating_rule,16
Cerewet,Aplikasi yang sangat membantu dan bikin mudah,5,2023-12-23 03:32:27,4.80.4,positive,rating_rule,45
Ni Kadek Swandari Dewi,Saya lupa nomor yang pernah saya daftarkan di aplikasi gojek sudah menggunakan berbagai macam cara untuk login pergi ke bantuan pengajuan lewat email sudah dilakukan tapi tetap tidak ada jalan keluar Jadi tolong please dipermudah untuk masuk ke akun gojek dan tolong dipermudah untuk masuk kembali,1,2023-12-31 14:25:46,4.80.4,negative,rating_rule,297
fajeri `,app saat ini sulit login  konto,1,2023-12-31 14:28:38,4.80.4,negative,rating_rule,31
Samsul Bahri,Mode hemat apaan sampe 60mnt Padahal deket Gila kali jaral ga jauh bisa sampe 60 mnt Apus tuh opsi ga guna,1,2023-12-31 14:33:33,4.80.4,negative,rating_rule,106
Teguh Wibowo,Mantap pertahankan,5,2023-12-31 13:46:35,4.80.4,positive,rating_rule,18
Deni Herdi,driver kalo lagi hari besar gaada yg mau ambil orderan dan terang2an driver bilang terlalu jauh macet pdahal sudah ku tawarin extra payment 50 dari harga normal,1,2023-12-31 14:33:44,4.80.4,negative,rating_rule,160
Listyana DR,tiap pesen pasti kena php kendala mencari driver mana 2x nunggu 1 jam 1 jam kalau dulu misal driver ngga ada yang nyantol bisa langsung cari resto yang lain sekarang orderan dah siap drivernya yang ngga ada mana nunggu cancel nya lama bgt,2,2023-12-31 14:34:46,4.80.4,negative,rating_rule,238
Amita Parmawinata,Selalu happy,5,2023-12-23 03:30:05,4.80.4,positive,rating_rule,12
Sri Devi,Susah banget mau bayar salah pin sekali habis itu voba masuk pin lagi katanya kebanyakan coba pin,1,2023-12-31 14:38:04,4.80.4,negative,rating_rule,97
leonard theo,tolong diperbaiki status pesanan kok tidak berubah padahal sudah melewati estemasi pengiriman dibatalkan tidak bisa dichat restonya nda bisa drivernya nda nemu kata cs nya dibatalin nda dibatalin 1,1,2023-12-31 14:39:25,4.80.4,negative,rating_rule,197
Kelana Nurhidayat,Brngsek udah pesen gk nyangkut 2 giliran nyangkut malah di batalin tanpa kata,1,2023-12-31 14:53:47,4.80.4,negative,rating_rule,77
Mega Wati,Itu gocar harus lebih cepat ya,5,2023-12-31 15:07:02,4.80.4,positive,rating_rule,30
Emil Damanik,Pencarian Driver lama,1,2023-12-31 06:30:19,4.80.4,negative,rating_rule,21
irvan btw,Sekarang Tidak bisa gopay later beli pulsa dan token,4,2023-12-31 12:56:41,4.80.4,positive,rating_rule,52
Muhamad Haedar,ini sampai kapan kak sya mau bayar traksaksi eh malah muncul kebanyakan coba tapi sampai 2 jam saya coba masukin pin saya masih tetap sama ini sebenar nya berapa lama sih woii samai sekarang saya masih ditagih tapi masih tetap muncul lagi padahal saya sudah coba setiap 30 menit loh bug nya diperbaikin kali gak di benarin sya mending pindah aplikasi,1,2023-12-31 12:33:26,4.80.4,negative,rating_rule,350
Deasy Ardiyani,Mo pesen food lama bener dapat drivernya padahal bnyk yg nganggur di jln blm dpt orderan,2,2023-12-31 12:38:08,4.80.4,negative,rating_rule,88
Zanny 67,Sangat membantu dlm aktivitas,5,2023-12-31 12:40:02,4.80.4,positive,rating_rule,29
Roby Syabillah,Kelamaan order makan tapi makanan disiapin sejam an walau resto sedang tidak ramai,3,2023-12-31 12:40:08,4.80.4,neutral,rating_rule,82
Thomas Wiyoga,Ngapain pake auto potong gopay kalau udh di bikin payment cash ya full cash lah gojekgojek,1,2023-12-23 05:19:35,4.80.4,negative,rating_rule,90
Gigih Wicaksono,Cocok,5,2023-12-31 12:48:42,4.80.4,positive,rating_rule,5
Hendrik Nehemia Gunawan,Gojek kalah dengan kompetitornya Grab Beli kupon promo tapi makenya ribet Menunya pusing nyari Tolong aplikasinya jgn dibkin ribet kasihan kalau makenya sudah tua Kalau boleh simpel kayak Grab Terimakasih,1,2023-12-31 12:54:01,4.80.4,negative,rating_rule,204
Jonathan Manurung,Mau bayar pakai gopay sering error di minimart bikin malu bikin antrian panjang GoBlok,1,2023-12-31 13:06:49,4.80.4,negative,rating_rule,86
Kepin Wu,Coba dulu,5,2023-12-23 04:02:02,4.80.4,positive,rating_rule,9
Marsel Aja,Bsik,5,2023-12-31 13:10:53,4.80.4,positive,rating_rule,4
Aulia nadra Nadra,tidak pelit promoo semogaa alwayss bagi bagi rezeki promo yaaa trimkasih sudah membantu anak kos hehehe,5,2023-12-31 13:11:51,4.80.4,positive,rating_rule,103
aan qusy,MAAF YA APLIKASINYA UTK SAAT INI JELEK SEKALI UTK SEMENTARA GW BERALIH KE SEBELAH GOPAY GW TARIK SEMUA TRIMS,1,2023-12-23 04:44:36,4.80.4,negative,rating_rule,108
Syarifah Dhea Almunawwarah,Setelah update malah ga muncul Tombol promo lucu,1,2023-12-31 13:24:32,4.80.4,negative,rating_rule,48
Teddy Satriawan,Aplikasi jelek,1,2023-12-31 13:24:54,4.80.4,negative,rating_rule,14
Aedhy Arata,Akhir2 ini sering banget ngeblank aplikasinya mana sekarang pesan go food lama bener Bru dpt driver Jgn salahin internet yg krg bagus soalnya internet ku lancar2 aj,2,2023-12-23 04:17:50,4.80.4,negative,rating_rule,164
Arumdhany,Gojek sekarang pelit karena jarang kasih promo gofood buat anak kos,1,2023-12-31 13:35:15,4.80.4,negative,rating_rule,67
Alfh Nurjihan,mahalllll,1,2023-12-31 15:07:02,4.80.4,negative,rating_rule,9
Satya Nugraha,Niat kasih promo gofood gak Kalau gak niat gausah kasih bikin orang capek nunggu kalo gak bisa ya bilang gak bisa dari awal Jangan bikin nunggu orang laper,1,2023-12-31 15:07:07,4.80.4,negative,rating_rule,155
Dikiansyah,Tidak bisa menampilkan QRCode buat bayar di Minimarket,3,2023-12-31 15:28:29,4.80.4,neutral,rating_rule,54
Imam Foodie,Oke deh,5,2023-12-31 22:18:35,4.80.4,positive,rating_rule,7
all delton,Ajg lah gua di bali pada mata duitan gua jalan jauh gara gara gojek nya batal pesanan mulu,1,2023-12-31 19:37:22,4.80.4,negative,rating_rule,90
Veri Octavian,Tiba tiba gopaylater di blokir padahal pembayaran tidak pernah telat dan limit nya pun baru naik,1,2023-12-31 20:41:54,4.80.4,negative,rating_rule,96
Taufik,Tidak ada ulasan,2,2023-12-31 20:44:06,4.80.4,negative,rating_rule,16
Defit Endang,Gojek sangat membantu dalam urusan transportasi sayabila sedang urjen trmksh,5,2023-12-31 21:01:19,4.80.4,positive,rating_rule,76
Agus Wibowo,Sangat membantu disaat kita sangat membutuhkan,4,2023-12-31 21:24:17,4.80.4,positive,rating_rule,46
nugraha yunan,Gojek selain mahal juga sering crash dah gitu milihkan driver yg jauh2 gada bintang 12 apa,1,2023-12-31 23:55:16,4.80.4,negative,rating_rule,90
Chrisna Oke,Jombu,5,2023-12-31 15:37:38,4.80.4,positive,rating_rule,5
Gustin Riyanti,Kecewa skarang sama gojek Padahal udah setia pakai dari 2017 dan sempet jadi promotor gopay waktu awal launching Skarang aplikasinya kaya ga guna,1,2023-12-23 01:50:25,4.80.4,negative,rating_rule,145
Jenni Mimo,Ini apk knp lg mw dipake bayar gak bisa pakai gopay mulai bikin ulah,1,2024-01-01 00:34:04,4.80.4,negative,rating_rule,68
rud koto,sangat buruk setelah di update makin buruk aplikasi nya,1,2024-01-01 00:47:59,4.80.4,negative,rating_rule,55
faqih,Tolong perbaiki bug nya masa saya mau TF aja GK bisa gimana sih terus terusan bulak balik masukan pin,3,2024-01-01 01:03:28,4.80.4,neutral,rating_rule,101
John Priyono,Mantap gojek Tetap beri pelayanan yang terbaik,5,2023-12-31 19:33:39,4.80.4,positive,rating_rule,46
Samsul Aziz,Server sering down tidak profesional,1,2023-12-31 19:27:27,4.80.4,negative,rating_rule,36
Mr. Rager,Makanan telat sampai 4 kali yg 3 cancel masa mau makan dari jam 11 malem sampe jam 2 pagi gaada driver jemput pesenan,1,2023-12-31 19:11:27,4.80.4,negative,rating_rule,117
Andre Bungsu,Knpa si gojek kalo lagi ada acara besar suka susah trus kaya aji mumpung dan memangpatkn kedan trus KLO order susah nya minta ampun dan harga nya suka xg di mas7k akal aji mumpung bngt,1,2023-12-31 19:10:32,4.80.4,negative,rating_rule,184
Ayu Afivah,wahai gojek tercinta perbanyaklah voucher gofood bagi pengguna setia gojek dan ya saya dari kemarin sampe skrg gojek nya trouble mulu kadang force close kadang juga ngelag app nya tapi gojek tidak mengecewakan kok,4,2023-12-23 03:26:17,4.80.4,positive,rating_rule,213
Dewi Sitoresmi,Mksh ya bang,5,2023-12-31 16:05:54,4.80.4,positive,rating_rule,12
Ahmad Salabi,tidak bisa gunakan gopaylater,1,2023-12-31 16:24:57,4.80.4,negative,rating_rule,29
Aquena Michelle,Aneh beda dng sebelah Gopay  gofood  gocar sering dipakai malah bukan diskon dibanyakin biar tambah sering dipakai eh malah tidak dikasih diskon lagi Hrsnya sering pakai dan diisi ya tambah didiskon Nyebelin ya jadinya pindah balik sebelah lagi kr dia tetep diskonya kl kita sering pakai,1,2023-12-31 17:02:11,4.80.4,negative,rating_rule,287
Eko Budi Santoso,Servicenya ok,5,2023-12-23 02:55:32,4.80.4,positive,rating_rule,13
Ricko Kristanto,apa jadi lebih mudah pakai gojek,5,2023-12-31 17:55:54,4.80.4,positive,rating_rule,32
alex andrias,Gopay pinjam kenapa gak bisa sudah 4 bulan nyoba yg Lain kenapa bisa  Mending di hapus saja fiturnya kalau tidak bisa,1,2023-12-31 17:56:52,4.80.4,negative,rating_rule,117
Mada Rahmadani,Sopan,5,2023-12-31 18:03:56,4.80.4,positive,rating_rule,5
Novi Ayu lestari,top,5,2023-12-31 18:21:33,4.80.4,positive,rating_rule,3
donyitsm 86,Pesen gofood bayar murah tapi lama bgt keburu ga mood lagi mau makan Lebih baik mahal dikit tapi pelayanan cepat,1,2023-12-31 18:44:00,4.80.4,negative,rating_rule,112
El Hanan,kecewa gua lgsg uninstall seketika,1,2023-12-31 19:01:42,4.80.4,negative,rating_rule,34
Bambang Purwanto,Sangat tidak profesional driver selalu cancel dan tidak mau Nerima saat jam mlm,1,2023-12-31 19:10:02,4.80.4,negative,rating_rule,79
Khairu_ M,Kalau lg hujan pd ngga mau ambil orderan lebih baik jangan ada sekalian untuk seterusnya saja Sangat mengecewakan pengguna sekali kami pesan pasti kami bayar bukan kami minta gratisan,1,2023-12-31 12:32:47,4.80.4,negative,rating_rule,183
tito rahmat,lahtiba gopaylater sya gbisa dipake ini knapalimit blm dpakai jga,1,2023-12-31 12:28:17,4.80.4,negative,rating_rule,65
Muhammad Ilmawan,Not reliable,1,2023-12-31 12:24:50,4.80.4,negative,rating_rule,12
Dadang Ardianzah,Ongkos go ride semakin mahal padahal trip nya juga normal Kadang 13rbtibatiba bisa berubah 165rb dan bisa berubah lagi menjadi 185rbTolong di evaluasi untuk biaya nya karna sangat memberatkan customer,3,2023-12-31 09:03:02,4.80.4,neutral,rating_rule,200
Benderang Filosofi,hehehe Auuuuu,5,2023-12-23 07:47:46,4.80.4,positive,rating_rule,13
Gwen Alodia,pesanan tidak bisa di cancel sangat merugikan pihak konsumen,1,2023-12-23 07:31:30,4.80.4,negative,rating_rule,60
Arisa Yasuda,Enak,5,2023-12-31 09:21:06,4.80.4,positive,rating_rule,4
alexander turnip,Payah driver nya pada nolakin orderan padahal bukan nya murah driver nya sok kaya Bngst,1,2023-12-31 09:23:57,4.80.4,negative,rating_rule,87
Asha Saputra,Tolong dong update a gar bisa login dan verifikasi lewat email jgn nomer hp soalnya kartu saya ilang sedangkan untuk login via sms dikirim kode otpnya ke nomer yg terdaftar,5,2023-12-31 09:34:12,4.80.4,positive,rating_rule,172
Anisa Astrinawati,BINTANG 1 SAMPAI SEKARANG GAK BISA MASUK KE AKUN  PADAHAL SINYAL BAGUS  KUOTA GEDE  GAK PERNAH TELAT BAYAR TAGIHAN  INI KENAPA TETEP AJA GAK BISA MASUK KE AKUN NYA,1,2023-12-31 10:03:14,4.80.4,negative,rating_rule,163
Yesi rohayati,Dulu sering banget pesen tiket bioskop di gotix sekarang baru mau pesen udh gaada padahal saya sudah update,1,2023-12-31 09:35:28,4.80.4,negative,rating_rule,107
Khanifatul Fajariyah,Cepet kilat,5,2023-12-31 09:51:59,4.80.4,positive,rating_rule,11
Lusianus Persilius,Mudah dan nyaman,5,2023-12-31 09:58:22,4.80.4,positive,rating_rule,16
Iqbal friday,CARI DRIVER GOCAR SENGSARA  SANGAT SUSAH,1,2023-12-23 06:39:00,4.80.4,negative,rating_rule,40
Vina Noviana,Dlu gopaylater pas dikelola sm pihak apa enak ga ribetbs blnja d minimarket skrg kbijakan gopaylater cm buat d marketplace g asik,1,2023-12-31 08:38:32,4.80.4,negative,rating_rule,129
Romi Abidin,Membantu kegiatan usaha saya,5,2023-12-31 08:34:27,4.80.4,positive,rating_rule,28
Acep Cahyadi,GOPAY leter nya parah,1,2023-12-31 08:32:15,4.80.4,negative,rating_rule,21
Joshuka Neihiro,lagi buruburu kaga dapat driver,1,2023-12-31 06:38:36,4.80.4,negative,rating_rule,31
Putri Bunga Azzahra,Makan nikmat tetap hemat Hemat Hemat Hemat dari mana kak tolong deh plis Mksd saya knp ongkirnya mahal bgt Ongkirnya bahkan melebihi harga pesanan Karena ini disesuaikan lokasi kak lokasi Lokasi Lokasinya deket loh padahal Tapi knp sllu aja ongkirnya mahal Pengen beli ini itu tapi ragu karna ongkirnya kemahalan Walau ada gratis ongkir tapi cuman seribu rupiah Tolong dongg kurangin ongkirnya,4,2023-12-31 06:46:11,4.80.4,positive,rating_rule,393
Oma Ku,best banget,5,2023-12-23 08:50:21,4.80.4,positive,rating_rule,11
Warsito Agung,ok bagus,5,2023-12-23 08:46:21,4.80.4,positive,rating_rule,8
Sartika,kok gaada gotix,5,2023-12-23 08:39:40,4.80.4,positive,rating_rule,15
TAUFIQ SYAHRIR,Ok I liked,5,2023-12-23 08:27:28,4.80.4,positive,rating_rule,10
Sri Astuti,Sangat membantu dlm situasi sulit,4,2023-12-31 07:42:21,4.80.4,positive,rating_rule,33
Afifah Mardhiyah,gini amat dah gojek gada voucer apa apa mentok cuma disc 2rb delivery,2,2023-12-31 07:43:09,4.80.4,negative,rating_rule,69
Adis Alfiah,Makin makin ga bisa pake voucher makin susah,1,2023-12-31 08:05:04,4.80.4,negative,rating_rule,44
Saras Heryudha sidiarta,Baik sekali,5,2023-12-31 08:13:08,4.80.4,positive,rating_rule,11
Juwita Asih,aplikasi tololudh di lunasin tagihan malah di tolak Aplikasi sampah,1,2023-12-31 08:25:26,4.80.4,negative,rating_rule,67
Wahana Komala,Ok aplikasinya,5,2023-12-31 10:16:30,4.80.4,positive,rating_rule,14
Lilis Suryati,Saya uninstall dulu ya kak ganti ke aplikasi sebelah Dari kemarin blank terus Uninstall kemudian install lagi malah gk bisa login Padahal jaringan stabil,4,2023-12-23 05:29:00,4.80.4,positive,rating_rule,153
Rusdi Yanto,Lengkap dan bagus sikap semua drivernya dan cepat pencarian drivernya,5,2023-12-31 11:51:49,4.80.4,positive,rating_rule,69
boyboy channel,Benerin dlu go pay nya gw bayar pake gopay ke menu masukan pin terus padahal pin udh bener bikin susah aja saldo gw kan jadi mendem bodoh,1,2023-12-31 11:10:57,4.80.4,negative,rating_rule,137
Ronni Setia,satusemua ada saat nya,1,2023-12-31 11:13:39,4.80.4,negative,rating_rule,22
David Maulana,Lama bgt cari driver doang pada milih driv nya,1,2023-12-31 11:15:40,4.80.4,negative,rating_rule,46
Etha Rosita,Klo di tolak trus pay later mending gak usah di tawarin Dan disc makanan pakai tunai atau gopay harus ada donk kasian yg gak punya kartu bank dan paylatter,1,2023-12-31 11:24:23,4.80.4,negative,rating_rule,155
Paijo Paijo,aplikasi terburuk,1,2023-12-31 11:36:10,4.80.4,negative,rating_rule,17
sweety christ,pengalaman pertama pesan gofood untuk anak yg diluar kota giliran pak driver nanya lokasi pasti kos anak eh mlhan suru tutup aplikasiuntung drivernya baik mau cari muter dulu,3,2023-12-23 05:51:52,4.80.4,neutral,rating_rule,174
Dewi Lukitosari,Kenapa belakangan aplikasinya suka error ya aplikasi tidak menanggapi lah tau keluar sendiri lah tolong dong dibenerin jujur saya aplikasi ojol cuma pake Gojek cukup mengganggu kalau pas error gitu,3,2023-12-23 05:44:15,4.80.4,neutral,rating_rule,197
Bimo Bimo akbar perkasa,Jelek banget apk nya lamaaaaa banget kalo mesen,1,2023-12-31 12:11:07,4.80.4,negative,rating_rule,47
Allura Syifa,Terbantu dengan apk,5,2023-12-31 12:16:45,4.80.4,positive,rating_rule,19
Muhammad Akbar Fadillah,Gini yah wir lau klo modelan mitra gini kalo promo yah abang ojol nya jan dipotong nya pendapatan nya Customer yg repot mesen 30 menit gk dapet akhir nya gk pake promo taeee Buat apa ada promo kalo berat sebelah pantes goto turun mulu sama sebagian aset nya dijual DOA ORANG2 TERSAKITI DIJABAH OLEH Allah swt,3,2023-12-31 12:22:45,4.80.4,neutral,rating_rule,308
Ikhsan Suhendro,Gopay is great Tapi sekarang mudah sekali para diver membatalkan pesanan sudah oke tapi tiba2 membatalkan pesanan Sampai 4 kali sore ini saya memgalaminya Seharusnya mereka dapat pinalty,2,2023-12-31 11:06:41,4.80.4,negative,rating_rule,186
Zryy Xtens,5 kali lebih ga nemu nemu,1,2023-12-31 11:01:44,4.80.4,negative,rating_rule,25
y6 Bre,Mau tanya ini kok saya mau bayar pake gopay sidik jari sama pin sudah benar tapi kok tetep ga masuk yah,5,2023-12-31 10:18:50,4.80.4,positive,rating_rule,103
Diah Riski,Driver ramahsopan dan perjalanan aman,5,2023-12-31 10:19:29,4.80.4,positive,rating_rule,37
Bleck Bleck,Mantap cepat,5,2023-12-23 06:38:36,4.80.4,positive,rating_rule,12
Riyan Rizki Nurahmat,TIBATIBA GOPAY LATER SAYA DIBLOKIR PADAHAL SAYA TIDAK PERNAH TELAT BAYAR CICILAN GOPAY LATER,1,2023-12-23 06:32:22,4.80.4,negative,rating_rule,92
Elly Simanjuntak,Sudah lama pakai aplikasi Gojek dan biasanya lancarkenapa seminggu ini setiap mau order selalu ngeblank dan tidak bisa order lagi,1,2023-12-23 06:25:45,4.80.4,negative,rating_rule,129
Kevin krisan,Parah saya pesan di cancel terus padahal pakai grab mobil tolong di perbaiki driver nya,1,2023-12-31 10:37:47,4.80.4,negative,rating_rule,87
Ekayanti,Pengen ngemil tanpa keluar rumah,5,2023-12-31 10:41:42,4.80.4,positive,rating_rule,32
Sutan Bangun Hsb,Makin ga jelas mau lihat riwayat transaksi ga bisa mana driver suka ngambil2 tol sm parkir pdhl ga parkir sengaja turun d pinggir jalan,1,2023-12-23 06:15:22,4.80.4,negative,rating_rule,135
Dewi Yuliantiugttb.ĺ,Pada pp Q,1,2023-12-23 06:08:53,4.80.4,negative,rating_rule,9
Syukri Lukman,Dakhori sangat ramah dan friendly membawa tamunya,5,2023-12-23 05:59:19,4.80.4,positive,rating_rule,49
Nabila Mayasyarah,Lama banget sumpahhhhh nungguin gocar kok lama bamget padahal make gocar prioritas,2,2023-12-31 10:49:55,4.80.4,negative,rating_rule,82
Muhammmad rafasha Rahmanu putra,KOCAK saya sudah mau bayar di Alfamart saat masuk ke password di suruh masukan password berkali kali padahal sudah benar,1,2023-12-31 10:56:20,4.80.4,negative,rating_rule,120
Kihas Tanto,Setelah di up date kok malah nda bisa dibuka aplikasinya,2,2023-12-31 10:57:32,4.80.4,negative,rating_rule,56
demonic audio,Alamat point tidak sesuai akhirnya makanan tidak bisa diantar Ayolah perbaiki masalah sepele kayak gini,1,2023-12-30 11:13:55,4.80.4,negative,rating_rule,103
Andy Hermawansyah,Nice good,5,2023-12-30 10:57:04,4.80.4,positive,rating_rule,9
Abd Rahman Rasyid Rasyid,Nggak Bisa Di Buka Setelah Download,2,2023-12-24 04:04:43,4.80.4,negative,rating_rule,35
joyce fransiska,Very helpful for my daily activity,5,2023-12-29 13:17:56,4.80.4,positive,rating_rule,34
Agus Subali,Terimakasih pak udah di antar,5,2023-12-24 04:15:58,4.80.4,positive,rating_rule,29
Ardi Wae,Bermasalah,1,2023-12-24 04:15:23,4.80.4,negative,rating_rule,10
iin damayanti,Nyesel kenapa baru sekarang downdload gojek,5,2023-12-24 04:10:07,4.80.4,positive,rating_rule,43
i Prat,Pesan gofood dapat drivernya aja lama resto nunggu driver datang baru pesanan di buat udah ilang laper orang nunggu pesanan diantar,1,2023-12-29 13:28:39,4.80.4,negative,rating_rule,131
Sulfinar Megawati,Kenapa aplikasi susah digunakan,1,2023-12-29 13:31:55,4.80.4,negative,rating_rule,31
seles dinaci,Semoga selalu ad promo setiap harinya,5,2023-12-29 13:42:33,4.80.4,positive,rating_rule,37
Nabilay Bislami,Tidak bisa login sudah saya coba beberapa kalitolong perbaiki,2,2023-12-29 13:08:23,4.80.4,negative,rating_rule,61
yonzeni21 yonzeni21,Gofood paling murah terkadang dibanding grab Thx ya,5,2023-12-29 13:46:21,4.80.4,positive,rating_rule,51
008_Yuni Ester lumban gaol,Makin buruk dikit vouchermakin mahal,1,2023-12-24 03:30:25,4.80.4,negative,rating_rule,36
Agung Indoprint,kalo pesan gofood lama ga cocok buat yang sedang laper bisa maag kalo makanan datang makanan panas pun jd dingin,2,2023-12-24 03:13:54,4.80.4,negative,rating_rule,112
EMAN THEA,cukup cepat biasanya nunggu lama sip,5,2023-12-29 14:00:49,4.80.4,positive,rating_rule,36
ari tresno,Aplikasi aneh Sampai hari ini tdk bisa dipakai Tiap kali mau pesan gojek tdk bisa Apa krn libur Nataru shg aplikasi crowded,1,2023-12-29 14:02:17,4.80.4,negative,rating_rule,123
Rudi Rusdiyanto,Good joob,5,2023-12-29 14:04:57,4.80.4,positive,rating_rule,9
Aqsal Ardiana,Selalu mengecewakan akun saya di batasi tanpa alasan yg jelas memang saya ada 2 akun di 2 HP yang beda kedua akun ga pernah saya gunakan buat yang enggak2 tapi malah di blokir Ga jelas orang lagi laper langsung kenyang lagi tiap tahun ada aja masalah ma akun gw nih gojek,1,2023-12-24 04:19:09,4.80.4,negative,rating_rule,271
Diko Rogate,JOSSSSS POKOKNYA,5,2023-12-29 17:28:15,4.80.4,positive,rating_rule,16
Rohmat Mamat,Ini kenapa kok engga bisa ke buka,1,2023-12-29 12:05:22,4.80.4,negative,rating_rule,33
joko purnomo,Tolong tegas mobil mengurangi rokokmasuk dalam mobil bau rokok nnti kasihan anak n bayi masih kecil gmn Rokok boleh tp luar rokokjangan masuk mobil sambil rokok,5,2023-12-29 11:30:31,4.80.4,positive,rating_rule,160
nurmareta labonisa,Kalau ujan susah banget gada yg nge pick,3,2023-12-29 11:35:49,4.80.4,neutral,rating_rule,40
Natanael Wei,Ada gojek pengiriman jadi lebih mudah dan praktis Ada promonya juga lagi Makasih Gojek semoga sukses selalu,5,2023-12-29 11:35:56,4.80.4,positive,rating_rule,107
dieta martha,Tolong dong gojek biaya lain2 nya jgn terlalu mahalbikin males pake gofood,3,2023-12-29 11:54:31,4.80.4,neutral,rating_rule,74
surya plmas,ongkir driver tolong di naikankasihan apa2 udah mahal,5,2023-12-29 11:55:59,4.80.4,positive,rating_rule,53
Sahri Boz,Kok sekarang sangat sulit u tuk membuka bos,1,2023-12-24 04:50:42,4.80.4,negative,rating_rule,43
Muhammad Faqih,Tetep support pakai app lokal dari pada app luar negeri,5,2023-12-29 12:11:53,4.80.4,positive,rating_rule,55
Muhammad Taryadi,Saya setiap hari menggunakan jasa Gojek dengan tujuan yang sama setiap harinya tapi bukan discount yg semakin murah justru harganya yang terus naik bener kecewa,1,2023-12-29 12:50:00,4.80.4,negative,rating_rule,160
AMPERA -87,Love love love love,5,2023-12-29 12:19:57,4.80.4,positive,rating_rule,19
Dewi Siswati,Udah ga nge hang lg tapi notifnya ga keluar kalau ga buka aplikasinyajd ga tau kalau drivernya chat,4,2023-12-29 12:48:34,4.80.4,positive,rating_rule,99
Rizki Tri yunianto,Mapsnya eror terus,2,2023-12-29 12:49:55,4.80.4,negative,rating_rule,18
Onick Saputri,Hai gojek kami pelanggan lama kalian nih Knp skrg untuk dapetin Gocar lama bgt ya Dan posisi armadanya jauh jauh banget Mengingat Medan banyak pengerjaan pelebaran jalan dan perbaikan jalan Kami yg di Medan jadi susah bgt buat dapet driver Tolong dong di kasih solusinya Thanks,2,2023-12-24 02:28:53,4.80.4,negative,rating_rule,277
Muhammad Iqbal,gopay gajelas,1,2023-12-29 16:28:11,4.80.4,negative,rating_rule,13
Ryzal Koto,Mantap mudah dan hemat,5,2023-12-29 15:53:02,4.80.4,positive,rating_rule,22
Erika Ayuu,Eror,1,2023-12-24 01:04:30,4.80.4,negative,rating_rule,4
Leni Nuraeni,Lebih lama estimasi waktunya  terus gampang banget ganti drivernya udh nunggu lama2,1,2023-12-29 16:11:01,4.80.4,negative,rating_rule,83
Reksa Purwadinata,Gopay ku belum masuk sejak tanggal 22 Desember 2023,1,2023-12-29 16:16:26,4.80.4,negative,rating_rule,51
Maulana Salim,Min parah sih saldo gopay saya hilang sendiri,1,2023-12-29 16:22:35,4.80.4,negative,rating_rule,45
Hegar Fatraida,Bagus membantu,5,2023-12-29 16:32:02,4.80.4,positive,rating_rule,14
edy zaky,Driver nya sopann beretika juga ramah,5,2023-12-29 16:53:01,4.80.4,positive,rating_rule,37
Kirana Listya Cipta,Gopay saya hilang tolong di kemablikan  padahal udha jadi member juragan udah keamanan double udah upgrade gopay plus,1,2023-12-29 16:55:07,4.80.4,negative,rating_rule,117
Adinatha Shaquille,Tolong deiver nya di beri ketegasan jngan asal cancel ajatp orderan nya di ambil gmna mau cancel,1,2023-12-29 17:17:47,4.80.4,negative,rating_rule,96
edd cell,Bagus lebih mundah kalo lapar untuk pesan makanan,5,2023-12-29 17:22:40,4.80.4,positive,rating_rule,49
pandu wirayudha,Dari dulu gak pernah yg namanya ngecewain Kenapa barubaru sekarang deh min padahal sinyal saya bagus tapi aplikasi bilang sinyal eror mulu Mohon di perbaiki ya,1,2023-12-29 15:28:01,4.80.4,negative,rating_rule,159
Su hardy,Mahal ongkossudah sperti pemerasan,1,2023-12-29 15:27:13,4.80.4,negative,rating_rule,34
Dik Fahrah,Apa yg mau dijelasin pokoknya semua layanan2nya baik sekali Vitur2 lengkap terutama fitur alat bayar atau fungsi ewaletnya,5,2023-12-29 14:30:10,4.80.4,positive,rating_rule,122
Hei Ndin,Sebelum ini aku suka make gojek karena simple tapi pas gopay punya apk sendiri Malesin Bayar kudu pindah apk Ngga simple,3,2023-12-29 14:32:07,4.80.4,neutral,rating_rule,120
Muhammad Naufal,Saldo hilang komplain belum dibalas,1,2023-12-29 14:34:44,4.80.4,negative,rating_rule,35
Lily Silalahi,Gojek sisa saldo gopay saya tiba tiba hilang tanpa ada transaksimelapor pun tidak diresponbalikan duit saya,1,2023-12-29 14:37:13,4.80.4,negative,rating_rule,107
etherista utoyo kang,Sekarang gojek sdh beda,4,2023-12-24 01:48:00,4.80.4,positive,rating_rule,23
Risky betta fighter,Driver go car distasiun rangkas bitung tidak mau ngambil ordeesdm yang tidak ptofesionallebih baik kalian evaluasi,3,2023-12-29 14:41:55,4.80.4,neutral,rating_rule,114
Diah Purwanti,Alhamdulillah tidak pernah ada masalah,5,2023-12-29 14:53:56,4.80.4,positive,rating_rule,38
Ahmad Sopyan,Makanan ga datang nungguin lama dan promonya kepakaiyah,1,2023-12-29 15:15:50,4.80.4,negative,rating_rule,55
Kasmuri Uwi,Bawa mobilnya enak,5,2023-12-29 11:13:32,4.80.4,positive,rating_rule,18
Kuswahyuningtia,Padahal lg butuh bgt  Tp dr pagi g bsa sign up,3,2023-12-24 06:30:08,4.80.4,neutral,rating_rule,46
Rolando Andre,B aja,3,2023-12-29 05:13:10,4.80.4,neutral,rating_rule,5
Ricky Haryadi,applikasi sering nge lag sekarang,5,2023-12-29 05:16:13,4.80.4,positive,rating_rule,33
Nurul Aiinee,gojek emng mantul penolong saat darurat,5,2023-12-29 05:35:22,4.80.4,positive,rating_rule,39
Gilang Muhardi,Lambat utk pembayaran via gopay saat ini lemot 29122023,1,2023-12-29 05:41:28,4.80.4,negative,rating_rule,55
Zenita Hasanah,Tolong kasih tau pelayanan fore coffe Sunter mall kalau promo rasa nya tawar  saya tanya malah galak kan dia Barista kaca mata prini Kusuma dan Muhammad Syaiful Bahri jgn sampai saya viralni,1,2023-12-29 05:56:23,4.80.4,negative,rating_rule,190
Kinn Too,Punya limit Gopaylater tapi gbisa digunakan buat apa min,2,2023-12-29 06:59:36,4.80.4,negative,rating_rule,56
Selalu “lalala” Dihati,Drivernya payah selalu alasan  kalo mau cari driver yg bener2 deh,1,2023-12-29 06:08:18,4.80.4,negative,rating_rule,65
Eka Adi Juliarsa,Gopaylater setelah peralihan sekarang makin kacausetiap akan dipakai selalu tulisan oopss ada perbaikankalau emang gak niat kasih paylater ya dihapus saja tomending paylater yang dulu tidak pernah ada kendalayang sekarang selalu tulisan oops aneh mana dendanya telat sehari kena 50 ribu tapi pelayanan aplikasinya tidak sesuai dengan denda yang diberikansetelah di bayar tetap sama saja tulisan oopsssss jalan berlobang hahadalam perbaikan sampai batas yang tidak ditentukan,1,2023-12-29 06:16:00,4.80.4,negative,rating_rule,474
alvino bintang,gaada promo biaya ongkir mahal pdhl makanan yang mau di order deket dr rumah,3,2023-12-29 06:20:32,4.80.4,neutral,rating_rule,76
Aryo Atma,driver nya sopan ok lah,5,2023-12-24 06:09:52,4.80.4,positive,rating_rule,23
Muh candra Kirana,Tidak memuaskan,1,2023-12-29 06:30:56,4.80.4,negative,rating_rule,15
S U H U GAMING,Sekarang driver gojeg pada songong2 Beda bgt sama yg dulu Mentanng2 sekarang udh gde jadi songong,1,2023-12-24 06:31:14,4.80.4,negative,rating_rule,97
RONNY AHMAD007,Luar Biasa segalanya lbh mudah bersama si ijo GOJEK,5,2024-01-07 08:41:52,4.80.4,positive,rating_rule,51
Wan Qhodir,Orderan kemna nih,1,2023-12-29 04:34:16,4.80.4,negative,rating_rule,17
Ayi,Makin kesini makin kesono  Bayar pun susah ga bisa tf qris dll Sapa yg ga emosi coba Dah lah males,1,2023-12-29 01:53:55,4.80.4,negative,rating_rule,98
Wahyu Ismoyo Djati,Driver nya arogan pingin berantem aja,1,2023-12-24 07:01:34,4.80.4,negative,rating_rule,37
Dewi April,Kebanyakan pengemudinya ramah enak suka ngajak ngobrol penumpang walaupun ada bbrp sopir yg seenaknya sendiri,4,2023-12-29 02:07:23,4.80.4,positive,rating_rule,109
Liponk TV,Kereeeen,5,2023-12-29 02:20:57,4.80.4,positive,rating_rule,8
Hari Chan,tidak memberi jawaban sesuai pertanyaankirim email untuk buat aduan di jawab pake tamplate yang selalu nongol di aplikasiemang gak niat bgt yah min tuk jawab pelanggan,1,2023-12-29 02:34:45,4.80.4,negative,rating_rule,167
AzzorA Wibowo,Mamtapz,5,2023-12-24 06:56:46,4.80.4,positive,rating_rule,7
Achmad Riyan_MNA,Gopaylater saya kenapa tiba2 diblokir ya,1,2023-12-29 03:02:16,4.80.4,negative,rating_rule,40
Riyan Ciluta,Tolong banyakin diskon,5,2023-12-29 03:42:19,4.80.4,positive,rating_rule,22
David Alrasyid,Perjalanan aman,5,2023-12-24 06:31:33,4.80.4,positive,rating_rule,15
LovKenAr Fam's,Gojek kenapa semakin gak bagus Buka aplikasi gak bisa,1,2023-12-29 06:48:16,4.80.4,negative,rating_rule,53
Umam Motor,Lama dapat nya sekali nya dapat jauh2 giliran deket malah diem driver nya,1,2023-12-29 07:09:03,4.80.4,negative,rating_rule,73
Bedi,Intinya hemat,5,2023-12-29 11:07:40,4.80.4,positive,rating_rule,13
anjani rinjani,Akhir akhir ini apk ga bisa dipakai Selalu jawabannya sedang padat merayap  oops ada sedikit gangguan Udah hampir seminggu saya ga bisa order Pdhl pengen banget pesen lewat apk ini Tapi selalu ga bisa Untuk internet saya aman Dan sinyal juga bagus Tapi sama aja jawabannya,1,2023-12-24 05:08:05,4.80.4,negative,rating_rule,272
Mesin cuci second garansi,ngleg paraaah,1,2023-12-29 09:49:05,4.80.4,negative,rating_rule,13
Indah Setiawardani,Drivernya baik banget  sehat selalu ya pak gojek,5,2023-12-29 09:49:39,4.80.4,positive,rating_rule,48
Nurdin Al Mahri,Proses Upgrade nyako lama ya,4,2023-12-29 10:08:59,4.80.4,positive,rating_rule,28
Tulis Me,Sering dibilang jaringan mati padahal sinyal stabil,1,2023-12-29 10:27:50,4.80.4,negative,rating_rule,51
Dirhamsyah aam,Selalu ada di kala di perlukan,4,2023-12-29 10:33:11,4.80.4,positive,rating_rule,30
Kessya Prami,gajelas apk erorr erroran setiap nyari driver drivernya cancel seenak jidat,1,2023-12-29 10:35:03,4.80.4,negative,rating_rule,75
Yayat Qomarul Hayat,Rekomended semoga semakin maju,5,2023-12-29 10:35:19,4.80.4,positive,rating_rule,30
Leni Cen,Harga gila gila an  Baru keluar apk ga sampe 2 menit buka apk lg udah naik tarif nya,1,2023-12-29 07:09:34,4.80.4,negative,rating_rule,84
Erma Risty,Top up gopay gak masuk sampe 2hri uangnya mau kepakai malah eror  Kenapa belum masuk gopay nya  dari hari Rabu sampai sekarang belum masuk  Nomer dan email dan nama sudaah benar dan bolak balik saya memakain gopay lancar saja cuma kali ini saja kok mengecewakan  Trimakasih,1,2023-12-29 10:37:15,4.80.4,negative,rating_rule,273
Yusron Agustian,Terimakasih aplikasi berjalan dengan baik walaupun kalau transfer gopay harus pake app eksternal tapi Ui nya simple jadi gak berat ke hp,5,2023-12-29 10:49:29,4.80.4,positive,rating_rule,136
Junianto,kalo hujan knpa susah cari driver dan kalopun ada yg ambil pasti dicancel lagii padahal kondisi urgent,2,2023-12-29 10:53:24,4.80.4,negative,rating_rule,102
Vira,DUA KALI SAYA TRANSAKSI DI GOJEK MEMAKAI GOCAR 1X DRIVER MEMINTA TARIF LEBIH DAN SELALU MERENGGUT DISEPANJANG JALAN INI JUGA DRIVER OKE TP TRANSAKSI KEPOTONG DUA KALI CS TIDAK MEMBERIKAN SOLUSI SAYA TETAP DISURUH BAYAR PADAHAL SUDAH JELAS BUKTINYA KALAU BUKAN SAYA YANG SALAH DISINI,1,2023-12-29 10:55:41,4.80.4,negative,rating_rule,282
Azka Dut,Sekarang gojeg kagak bisa di bukakluar trspadahal sya pake apk ini dah lmaknp sekarang2 ini yg gak bs digunakan,3,2023-12-29 10:55:44,4.80.4,neutral,rating_rule,111
Boby Setiawan,mantap jiwa,5,2023-12-29 10:55:48,4.80.4,positive,rating_rule,11
diio arisca,Maju terus lokal,5,2023-12-29 11:03:58,4.80.4,positive,rating_rule,16
Damia Travel,Aplilasinya jadi lemot dan sering nge Lag Alasan jaringan bermasalah padahl apk lain normal2 aja Please improve your server Apalagi ini apk Jasa dan ada sirkulasi payment juga,1,2023-12-29 09:48:57,4.80.4,negative,rating_rule,175
Jasa Landingpage,sinyal kenceng gk ada masalah udah 2 tahun di hp ini tp pas nopember desember 2023 udah gk bisa pake lg aplikasi ini crash gk bisa sama sekali dibuka untung nya masih ada gopay apk untuk pembayaran tp untuk lainnya goofood dan ojek online gk bisa pake lg  klo udah normal saya revisi lg ratingnya,1,2023-12-29 09:47:15,4.80.4,negative,rating_rule,296
Lili Karina,Gojek skrg susah banget buat Daftarnya orang perlunya cepet malah jadi telat,1,2023-12-29 09:25:08,4.80.4,negative,rating_rule,76
Code Name,fleksibel,5,2023-12-29 09:22:10,4.80.4,positive,rating_rule,9
Ahmad Fauzi,Aplikasi sudah tidak eror lagi skrg sudah normal mntap,5,2023-12-29 07:23:55,4.80.4,positive,rating_rule,54
Yohanes Wahyu Suryawidayat,Gopay saya terpotong 77700 dan 16650 dari google play saay HP saya dipakai anak saya yang sayq sayangkan mengapa security nya sangat rendahanak saya ga tau PIN gopay saya tapi kenapa bisa kepotong,1,2023-12-29 07:38:09,4.80.4,negative,rating_rule,196
RINI PROPERTY AGENT,Wes langganan suwe Apik Cuman skrg ongkir mahal,5,2023-12-24 05:31:14,4.80.4,positive,rating_rule,47
Mutiah Muti,Kenapa akun gopaylater saya tiba2 diblokir padahal saya baru ingin menggunakan nya untuk pemesanan makanan di gofood,2,2023-12-29 08:18:12,4.80.4,negative,rating_rule,116
Prasetyo Hendrawan Triadianto,App banyak crash nya saat tlpn driver di app driver nda asa notif begitupun jga sebaliknya,1,2023-12-24 05:30:21,4.80.4,negative,rating_rule,90
Ilham Ham,Knpa gk bsa dibka gojeknya,5,2023-12-29 08:24:40,4.80.4,positive,rating_rule,26
RYAN OFFICIAL,pokonya the best dehh,5,2023-12-29 08:59:46,4.80.4,positive,rating_rule,21
Aden Abdurrahman,kecewa parah barang tertinggal di mobil driver bukannya di kembalikan malah di ambil nama driver MAWARDI mobil TOYOTA CALYA no plat B2587SOZ,1,2023-12-29 09:03:41,4.80.4,negative,rating_rule,140
saeranti S. Pramoda W.,Akhir ini kenapa ya setiap mau dipake buru pasti aja kaya blank gitu aplikasinya Ampe install ulang eh malah sama aja ga bisa masuk Signal padahal oke buka aplikasi lain juga oke,1,2023-12-29 09:18:48,4.80.4,negative,rating_rule,178
Rezky Sopyan Effendi,Ko saldo saya hilang dengan sendirinya sih padahal blom dipake apa  apa Kenapa ya bisa hilang,1,2023-12-29 17:27:08,4.80.4,negative,rating_rule,93
Cahyo Agung,Ini kenapa aplikasi gotransit gabisa selalu minta nyalain lokasi padahal dah aktiftapi goridegotransit lancar jaya,1,2023-12-30 10:45:56,4.80.4,negative,rating_rule,114
ali harozim,Saldo tiba ilang di gopay ga ada di gopay tabungan jg ga ada di cek di tokped ada tp giliran coba cekout barang saldo nya hilang jg coba chat ke cs ga ada respon,5,2023-12-30 06:45:46,4.80.4,positive,rating_rule,161
Muklasin,Suiiiiip,5,2023-12-30 06:54:29,4.80.4,positive,rating_rule,8
Nur Wijiastutik,Aplikasinya lelet,1,2023-12-30 06:55:33,4.80.4,negative,rating_rule,17
Juniar Abul Basar,Sdh berulang kali diinstal masih tetap saja tdk mau terakses sprti biasanya DiGojek Gopay sy ada Tolong lah kerjasama nya Jgn buat pelanggan kecewa dan merasa drugikan,1,2023-12-30 06:56:29,4.80.4,negative,rating_rule,167
Daedi Waradani,Gojek pasti ada jalan,5,2023-12-30 06:58:14,4.80.4,positive,rating_rule,21
Rumianah Rumi,Manteep,5,2023-12-30 07:15:43,4.80.4,positive,rating_rule,7
Anni Liong,Komunikasi dengan driver bagus dan pengantaran brgnya cpt,5,2023-12-23 15:44:56,4.80.4,positive,rating_rule,57
Achmad Hidayat Driver,Pelayanan Mantab  Terpercaya,5,2023-12-30 07:26:37,4.80.4,positive,rating_rule,28
imsay channel,Taiiii,1,2023-12-23 15:32:30,4.80.4,negative,rating_rule,6
Bagas Avianto,Gmpng di ajak ngobrol,5,2023-12-30 07:48:06,4.80.4,positive,rating_rule,21
Pengguna Google,Tarifmu mahal,1,2023-12-23 15:02:07,4.80.4,negative,rating_rule,13
Muji Ono,Pakai gocar nyaman sampai tujuan dapat promo juga,5,2023-12-23 14:49:50,4.80.4,positive,rating_rule,49
Eduardus Hermawan,Semoga semesta berbahagia,5,2023-12-30 06:38:30,4.80.4,positive,rating_rule,25
Riun24,Sangat sial dan merepotkan Tiap mau TF gopay ke rek selalu kode tdk valid padahal baru masuk Trauma pakw gojek parah,1,2023-12-30 06:36:06,4.80.4,negative,rating_rule,116
Wanapacker ID,CS NYA SLOW RESPON TIDAK MEMBERIKAN SOLUSI MAKANAN NUNGGU SATU JAM LEBIH TAPI GAADA SOLUSI,1,2023-12-29 17:31:06,4.80.4,negative,rating_rule,90
Rezka Abdurachman,Dengan GOJEK semua jadi mudah Terimakasih,5,2023-12-30 05:05:23,4.80.4,positive,rating_rule,41
aldilatama hs,makin kemari app nya makan data gede banget susah login antar device padahal app lain bisa otp atau 2 way ver klo link ribet UI nya alamak klo ga hati2 bisa kelewat harga wajar nya fee nya juga ga main2 ada fee top op dan fee jasa app klo ditotal minim 2ribu udah deket aja ama harga BI fast cape deh Use it wisely this app may help u but need more cash and smart decision,4,2023-12-23 16:57:49,4.80.4,positive,rating_rule,372
Pj Risma,Saya udah bertahun2 pakai gopay tp hari ini saya top up tp kok ga masuk ke kantong utama malah pindah ke tabungan mau di bawa ke kantong utama ga bisa saya mau bayar tagihan tolong segera di perbaiki ya takut ntr kena denda kalo saya blm bayarpdahal uang saya ud disana Oke terima kasih,5,2023-12-30 05:08:42,4.80.4,positive,rating_rule,286
Bruno C S,Nyari Gojek dapatnya yang Jauh2 Teruss padahal Butuh Banget Giliran Dijalan Bnyak Gojek2 dduk2 Dijalanan sambil Nunggu Orderan Jelek Banget udah Paling cocok Bintang satu Ayok Semuanya Hapus aja Aplikasi Gojek pindah Ke GRAB AJA MAHAL TAPI PASTI,1,2023-12-30 05:11:28,4.80.4,negative,rating_rule,245
Gita Atma Nagara,Wowww deh pokoknya,5,2023-12-23 16:54:31,4.80.4,positive,rating_rule,18
Nurul Anam,enak dlm perjalanan,5,2023-12-30 05:25:12,4.80.4,positive,rating_rule,19
The Proaj,Anjeng,1,2023-12-30 05:50:38,4.80.4,negative,rating_rule,6
Dorlima Florensia,Makin menyebalkan Bisa2nya driver ga bs dihub No hp ga sesuai aplikasilah Giliran plat ganjil genap plat mobil ga sesuai malah cust yg disuruh cancel Giliran kita bantu cancel sangat susah lagi utk dpt kendaraannya Makin ditingkatkan atuh biar ga berpaling ke tetangga Makin jijay bajay,5,2023-12-23 16:43:41,4.80.4,positive,rating_rule,286
Lil Rain,Gak ada keterangan upgrade gopay paylater parah,1,2023-12-30 05:59:51,4.80.4,negative,rating_rule,47
Deta Intan Herdyan,Aplikasi bermanfaat Sayang ongkir dan promo nya sekarang terbatas,3,2023-12-30 06:12:47,4.80.4,neutral,rating_rule,65
Mbak Londo,Saya paling suka pke gojek pengiriman cepat,5,2023-12-30 06:18:23,4.80.4,positive,rating_rule,43
Irfan Sinaga,Sama aja Masi belum bisa Jaringan udah paling bener masi belum bisa Boleh email saya,1,2023-12-30 06:21:22,4.80.4,negative,rating_rule,84
Andi ramlah,beralih ke produk negeri sendiri,5,2023-12-30 07:53:35,4.80.4,positive,rating_rule,32
Ananda Nuriman,Barusan mengunakan aplikasi go food Awalnya milih pengantaran sesuai titik lokasi kemudian setelah klik yang kedua kali otomatis tujuan pengantaran tidak sesuai jaraknya jauh banget sama lokasi sbnarnya Padahal jaringan internet sy memadai Alhasil drivernya sudha sampai titik yg tidak sesuai Untungnya drivernya baik hati mau nganter ke lokasi sebenarnya Dan sya nombokin drivernya karena lokasi tidak sesuai Mohon sistemnya lebih di perhatikan lagi Supaya tidak terjadi lagi seprti ini,2,2023-12-30 07:53:53,4.80.4,negative,rating_rule,487
ambar setiabudi,semoga membantu,5,2023-12-30 07:56:28,4.80.4,positive,rating_rule,15
Iwan Setiawan,Mudahtetapi untuk rubah alamat kirim setelah isi saldo ada pengurangan saldo apakah karena finalty pembtalan,5,2023-12-23 13:35:22,4.80.4,positive,rating_rule,108
franciscus ricky,Aplikasi dan sistem payah di denpasar Di map driver sliweran tp nggak ada yg menanggapi sama sekali Mending goride dihapus ganti go food krn driver memilih go food drpd go ride Percuma pake go ride denpasar PAYAH,1,2023-12-30 09:26:41,4.80.4,negative,rating_rule,212
M. Najib S. Ardavan,sangat membantu kehidupan sehari2,5,2023-12-30 09:46:30,4.80.4,positive,rating_rule,33
Muhammad Aditya,gopaylater di bekukandi tokopedia pun tak bisa di gunakanbye lempar nih aplikasi ke kotak sampah update 23122023dpt notif kenaikan limittp tetap tak bs di gunakan gopaylater nya,1,2023-12-23 13:45:47,4.80.4,negative,rating_rule,177
Rayza Mahendra,Gimana ni apk banyak bug nya sekarang tiap lagi buka sering keluar ke menu sendiritolong di perbaiki,1,2023-12-23 13:42:18,4.80.4,negative,rating_rule,100
Moh Rusmin Tjatjo,Agak kecewa,4,2023-12-30 09:51:06,4.80.4,positive,rating_rule,11
Arif Masthori,Solutif,5,2023-12-23 13:38:25,4.80.4,positive,rating_rule,7
asep dadan hamdani,udah mau 1tahun loyall pakai gojekk smakin di update aplikasi nya semakin lancarr semakin cantik animasi2 nya apalagi pass pesen go foodd  gojekk adalah aplikasi kendaraan online pertama di indonesia yang sudah sejak dulu ada  gojekk bukan aplikasi kndaraan online abal aball gojekk lebih mantap lebih matang dan lebih profesionall  tingkatkan lagi pelayanna nya dari saat ini sangatbaik pertahan kan dan next level menjadi sangat sangat baik laggi  i love you gojekkk tiapharipakaigojek,5,2023-12-30 10:06:08,4.80.4,positive,rating_rule,487
Suwito 122,Driver ramah dan komunikatif,5,2023-12-30 10:13:57,4.80.4,positive,rating_rule,28
Puji Lestari,Sangat2 mmbntu,5,2023-12-30 07:59:20,4.80.4,positive,rating_rule,14
Neng nongnong,Pesen mobil pada susah belagu bgt pada gamau duit di kasih rezeki,1,2023-12-30 10:23:29,4.80.4,negative,rating_rule,65
Al Maulana,GOJEK KUG MAKIN KOPLAK  MASAK KALAH SAMA NEGERI SINGA APLIKASI DIBUKA KELUAR LAGI BUKA KELUAR LAGI GIMANA KITA BISA CINTA PRODUK INDONESIA KALO EROR WAEE,1,2023-12-30 10:29:44,4.80.4,negative,rating_rule,153
Pengguna Google,Mudah cepat praktis,5,2023-12-30 10:29:57,4.80.4,positive,rating_rule,19
Nur Fitria Sari,Lumayan promonya ga kaleng2,5,2023-12-30 10:35:05,4.80.4,positive,rating_rule,27
Puji Astuti,Aplikasinya after log in tiba2 blank dan crash udah berulangkali coba log in ga bisa prosesnya berhenti di setting gps abis itu ngeblank jadi aku mutusin untuk uninstall dan ga pakai gojek lagi,1,2023-12-23 13:31:30,4.80.4,negative,rating_rule,193
Agus Hidayat,D Bagindas,2,2023-12-30 10:45:20,4.80.4,negative,rating_rule,10
uray ryan,Ada problem di akun giliran ditanya bilangnya melakukan aktivitas mencurigakan Masalahnya saya ngapain sampe gitu Ga ada penyelesaian masalah sama sekali Customer service jawab kaya bot,1,2023-12-30 09:21:34,4.80.4,negative,rating_rule,185
Akbar Nabil Raufa Adzani,Min kalo bisa jangan tambahin bayaran layanan apk dong makanan  ongkirnya jadi lebih mahal mana pas gaada diskon pula plis min remove,3,2023-12-30 09:19:50,4.80.4,neutral,rating_rule,133
Affendri masrimardia,Harga bisa diturunkan lagi,4,2023-12-30 09:17:19,4.80.4,positive,rating_rule,26
Ovi Febrina,Saya baru saja melunasi tagihan gopaylater yang jatuh tempo pada tanggal 1 Desember 2023kan itu hitungannya tidak terlambat dong tetapi setelah tagihan dibayar kok limit gopaylater saya jadi hilang Dan itupun tidak ada pemberitahuan dari email atau apapun secara tiba tiba hilang,1,2023-12-30 08:10:15,4.80.4,negative,rating_rule,279
Rejeki ramadhan,Tambahin cabang di galang sumut,2,2023-12-23 14:47:48,4.80.4,negative,rating_rule,31
Cri_ Pshy,Terima kasih atas dukungan dan bantuan selama ini sukses selalu GOPAY saya izin off gopay karena saya sudah tidak bisa lagi memakai jasa gopay later untuk pembelian poin google play yang padahal semua tagihan saya sudah lunasi sebelum jatuh tempo dan semua upgrade saya sudah lakukan Salam sukses dari mantan nasabahmu,5,2023-12-23 14:29:07,4.80.4,positive,rating_rule,318
Satria Anas,Benar membantu,5,2023-12-30 08:30:04,4.80.4,positive,rating_rule,14
Albion Aljabar Giordanno,Empat dlu aj,4,2023-12-23 14:21:28,4.80.4,positive,rating_rule,12
Sri Ratnasari,semenjak driver 5rbu orderan bnyk bgt di Cancel,1,2023-12-23 14:07:12,4.80.4,negative,rating_rule,47
adlan karami123,apk yg bagus,5,2023-12-30 08:49:26,4.80.4,positive,rating_rule,12
Julian Sadrin,Kenapa setiap order Goride daoat driver yg jauh posisinya,2,2023-12-23 14:07:03,4.80.4,negative,rating_rule,57
Hana ruu,Limit gopaylaternya naik tapi tidak bisa digunakan padahal tidak pernah telat bayarbuat apa dinaikan limitnya kalau begitu,1,2023-12-30 08:55:12,4.80.4,negative,rating_rule,122
arsyad zaed,Dapat driver susah banget,1,2023-12-23 13:52:47,4.80.4,negative,rating_rule,25
Nurul Khomariah,Kalau masih lama saat memesan saya akan uninstall ini aplikasi,1,2023-12-30 09:02:51,4.80.4,negative,rating_rule,62
Prinze Aziizu Harriswan,Rada rada,4,2023-12-30 09:05:32,4.80.4,positive,rating_rule,9
Uji Coba,Sangat membantu sekali trims,5,2023-12-30 09:14:34,4.80.4,positive,rating_rule,28
Aira Putri Nur Aini,gjls dptnya susah bnget pdhl bnyk driver terdekat dan trkadang sinyal nya jelek pdhl bagus,1,2023-12-30 04:58:15,4.80.4,negative,rating_rule,90
Yultinar Wulandari,Suka sekalii,5,2023-12-30 04:48:10,4.80.4,positive,rating_rule,12
Heppy Fun,Gopayleter tidak bisa di gunakan lagi,3,2023-12-23 17:11:58,4.80.4,neutral,rating_rule,37
Thomas Martua,Diskonnyadiseringkan,5,2023-12-29 23:30:54,4.80.4,positive,rating_rule,20
Susan Susana,Sanggat membantu,5,2023-12-29 21:41:37,4.80.4,positive,rating_rule,16
Mas wanto,Sejauh ini sih bagus bgt,5,2023-12-29 22:17:40,4.80.4,positive,rating_rule,24
Budi Priyatno,Apl yang berguna untuk keperluan di sela situasi keperluan,5,2023-12-29 22:37:34,4.80.4,positive,rating_rule,58
Oktantry Tantry,Gopaylater gak bisa dipakai padahal gak ada tagihan,1,2023-12-24 00:08:12,4.80.4,negative,rating_rule,51
Monalisa Z,Gak bisa nentuin titik lokasi rmh dgn pas Pdhal udah bener nulisny al hasil tiap nganter gofud ojekny muter2 terus kesusahan nyari lokasi Beda sm si oren yg bisa nentuin titik alamat dgn pas n ojekny gk pernah nyasar Tlg d tingkatin lgi ya,2,2023-12-24 00:07:09,4.80.4,negative,rating_rule,239
Nasikhun Nasikhun,o,4,2023-12-30 01:52:20,4.80.4,positive,rating_rule,1
Eddo 1933,Saldo gopay tiba tiba hilang 34 RB dan jumlah koin asal nya 160 koin jadi 41 jujur azah jadi ga nyaman pakai gopay tidak ada live chat buat pengaduan Kirim pengaduan balasan nya lama banget 15 hari baru di balas,1,2023-12-30 00:02:18,4.80.4,negative,rating_rule,211
Kazeyynkk,Makin ampas setiap bulannya semakin lama responding nya aneh biasanya dapatnya cepat banget ini tiba lama banget bisa 30 menitan barubdapat kocak bet dah,1,2023-12-30 00:18:56,4.80.4,negative,rating_rule,153
Budi Suryanto,Banyak kendala dan masalah di gopay saat transaksi ketika disinkronkan dengan tabungan jago saran jangan sekali kali mengaktifkan tabungan jago di aplikasi gojek mulai dari tiba tiba saldo gopay maupun saldo tabungan jago hilang jadi 0 rupiah trus tup up enggak masuk masuk ke saldo gopay kesini sini makin mengecewakan padahal kita customer sudah lama,1,2023-12-30 00:52:30,4.80.4,negative,rating_rule,352
Anistasya Js,Aneh banget makin ke sini makin aneh apk nya nih banyak errornya,1,2023-12-30 00:57:48,4.80.4,negative,rating_rule,64
Aufa Zara Azzalea,Gotix oh gotx kemana,3,2023-12-24 00:04:51,4.80.4,neutral,rating_rule,20
Nita Yunita,Makin lemot bgt sih,1,2023-12-29 21:31:09,4.80.4,negative,rating_rule,19
Agatha Dian,Tapi sayang ongkirnya mahal bisa GK biaya lain lain di hapus,5,2023-12-29 21:27:50,4.80.4,positive,rating_rule,60
Mira Wanti,Heran deh tiba aja gopaylater di blokir padahal tiap bayar ga pernah telat saldo ada tapi ga bisa di pake buat apa  Udah mah sering loading nih aplikasi padahal jaringan bagus,1,2023-12-29 21:15:39,4.80.4,negative,rating_rule,175
Rio Inzaghi,terpercaya dan ngerti jnl,5,2023-12-24 00:15:44,4.80.4,positive,rating_rule,25
FERIBENDOT,Kalau sedang di perbaiki dimohon malam harikalau pagi banyak yang guna in apk inmalah di perbaiki pagi,1,2023-12-24 00:14:37,4.80.4,negative,rating_rule,102
matanya memandang,Gojek ni masih memberlakukan sehari cs offline cuma melayani 20 orangya,1,2023-12-29 18:11:31,4.80.4,negative,rating_rule,71
Leonardo Nainggolan,Bagus dan sangat membantu,5,2023-12-29 18:28:20,4.80.4,positive,rating_rule,25
Wiwik Pratiwi,Aplikasi gojek saya kok gk bisa dibukak mohon dijelaskan ada mslh ap ya,5,2023-12-29 18:30:44,4.80.4,positive,rating_rule,71
Rizal Fahrurrozi,Dipati blm ada gocarnya sampe kpan dibuka,3,2023-12-29 18:48:11,4.80.4,neutral,rating_rule,41
ermi tholabul ilmi,Entah kenapa Didalam satu minggu terakhir ini aplikasi tdk bisa saya bukaMohon diperbaiki Terimakasih,1,2023-12-29 19:08:25,4.80.4,negative,rating_rule,101
Reza Paramita,Parahh gopaylater saya di blokir pdahal saya tidak pernah telat membayar dan applikasi sering error dengan tulisan koneksi tidak stabil padahal pesanan sudah masuk ke pihak resto,1,2023-12-29 19:22:27,4.80.4,negative,rating_rule,178
Andri Hidayat. AR,ribet sekarang aplikasinya  tidak bisa melihat titik driver sudah sampai mana,1,2023-12-29 19:23:26,4.80.4,negative,rating_rule,77
Rojikin,Semua ada di gojek,5,2023-12-29 19:54:45,4.80.4,positive,rating_rule,18
siti asmik,Tolong di tambahkan login menggunakan email di kolom login masuk applikasi gojek autautenfikasi login google sebelum masuk di halaman gojek dan tidak hanya di applikasi di androind di playstore tapi juga berlaku di appstore,4,2023-12-30 01:38:33,4.80.4,positive,rating_rule,223
leonard gonardo,Gofood makin lama makin mahal Biaya bungkus biaya apa lah ada aja biaya nya Padahal harga di makanan sudah lebih mahal di aplikasi dibanding beli di restorannya Ongkir juga sudah kena Tp msh ada aja biaya2 lainnya Di klik informasinya ternyata pake ada biaya bungkus biaya kiriman harusnya biaya kiriman sudah masuk ke ongkir kiriman BIAYA APLIKASI 5500 BIATMYA BUNGKUS 3000 GOJEK MINTA PARKIR 2000 GA SALAH INI HAHAHA,1,2023-12-30 01:56:53,4.80.4,negative,rating_rule,418
Eka Deni handoko,pokok nya the best,5,2023-12-30 04:34:24,4.80.4,positive,rating_rule,18
Antoni Iriawan,Puasok banget,5,2023-12-30 03:33:16,4.80.4,positive,rating_rule,13
indra hutauruk,Bagaimana caranya saya bisa log in dengan menggunakan email saya sementara untuk konfirmasi no HP saya sudah lupa,5,2023-12-23 21:12:00,4.80.4,positive,rating_rule,113
gusti wahyuningsih,ko gabisa login2 ya gojeknya,1,2023-12-23 18:56:31,4.80.4,negative,rating_rule,28
Talita Kurnia M,Dulu waktu awal make gopay pinjam mudah bgt 3x di acc Skor kredit bagus nggak ada penurunan dan keterlambatan bayar eh pas lagi butuh bgt keadaan darurat pengajuan ditolak demi apasih sakit bgt kgk bisa memprioritaskan nasabah Saya pengguna aktif lho pdhl dan akhir ini apknya lemot suka ngecrash terus loadingnya lama pdhl jaringan bagus,2,2023-12-30 03:43:04,4.80.4,negative,rating_rule,338
Ade Ade,Puassss,5,2023-12-23 18:51:01,4.80.4,positive,rating_rule,7
Selvia Via,Aplikasi yg memudahkan orang yang tidk bisa berkendara antar pesanan dan makanan dengan cepat,5,2023-12-23 18:30:23,4.80.4,positive,rating_rule,93
eza hipop,Malesin bgt skg klo order goofood suka kebagian yg driver nya nganter orderan ke tempat lain dlu  jdi nya kelamaan  laper nya ilang  ketiduran pernah  bikin emosi Biaya aplikasi naik tp pelayanan ga membaik,2,2023-12-23 18:08:31,4.80.4,negative,rating_rule,206
Semangat Bessar,Sangat membantu bnyk hal,5,2023-12-30 04:22:26,4.80.4,positive,rating_rule,24
Erinda Nur fitriani,Kok gojek gabisa sih cek rute yg jauh buat estimasi biaya nya udh gt sering gabisa buat order perjalanan,1,2023-12-30 04:26:41,4.80.4,negative,rating_rule,104
Hendra Kawi,Ini kenapa kalo pakai goshop susah sekali dpt drivernya ya Malah sering forse closed apknya di update gak tambah bener malah kacau,3,2023-12-30 04:29:23,4.80.4,neutral,rating_rule,130
Robet Robet,Knpa gak bisa log in,5,2023-12-30 04:30:29,4.80.4,positive,rating_rule,20
ahmad fadilah,Kenapa gopay later nya diganti,1,2023-12-30 03:31:32,4.80.4,negative,rating_rule,30
Ridwan sadega,Semoga semakin maju teknologinya dan tetap prioritaskan pelayanan untuk customer,5,2023-12-30 03:30:35,4.80.4,positive,rating_rule,80
Renaldy166 Aldy,Bermanfaat bagi semua orang,5,2023-12-23 22:24:31,4.80.4,positive,rating_rule,27
Jet Subarjo,Sama ojek kenapa mesti ada pilihan comfort Apakah yg comfort lebih ngebut kah dibanding yg ngga comfort,2,2023-12-30 03:26:40,4.80.4,negative,rating_rule,103
doddy ardios,Ka aku salah topup GOPAY ke no yg lama sya lupa klu no nya udh di ganti gmn ka bisa balik lg gak saldo GOPAY sya,3,2023-12-30 02:09:51,4.80.4,neutral,rating_rule,112
Trina Gustina,Ontime,5,2023-12-30 02:13:18,4.80.4,positive,rating_rule,6
HRIST VALKYRIE,Tidak bisa akses gopinjam dan gopaylater,2,2023-12-23 23:59:52,4.80.4,negative,rating_rule,40
Mv Ch,HARGAI PENUMPANG JIKA INGIN DIHARGAI DRIVER udh ga tw jln nunggu lama tb2 di cancel LAYANAN GOJEK  TARIF MAHAL,1,2023-12-30 02:27:53,4.80.4,negative,rating_rule,110
Syamil Azzarier,Cepat dan akurat ya um Di,2,2023-12-30 02:42:52,4.80.4,negative,rating_rule,25
Bayas 11,Aplikasi zolim aplikasi penjajah para driver y sendiri kami bayar mahal jatoh ke driver murah kasian nasib ojol di injak2 di bagai sapi perah kalian untung gede,1,2023-12-23 23:11:54,4.80.4,negative,rating_rule,160
muhammad fajarianto,Mudah digunakan,5,2023-12-30 02:47:16,4.80.4,positive,rating_rule,15
Diah elyanti,terbantu sekali sama gojek gojek the best pokonya sering promonya,5,2023-12-30 02:54:32,4.80.4,positive,rating_rule,65
Bambang Sumarno Hadi,Mantab sangat membantu,5,2023-12-30 02:56:44,4.80.4,positive,rating_rule,22
Ribut Nugroho,akun gojek ga bisa aktif,5,2023-12-23 22:39:08,4.80.4,positive,rating_rule,24
Dedi Rustandi,Lebih,5,2023-12-23 22:26:47,4.80.4,positive,rating_rule,5
Nadia Nasafilah,Lama banget nyari driver nya udah beberapa kali tolong ya di daerah leles,1,2024-01-07 08:20:47,4.80.4,negative,rating_rule,73
Pakdhe No,Kami akan selalu pakai gojek,5,2023-12-25 14:52:26,4.80.4,positive,rating_rule,28
Bagas Setiawan Putra,Tolong atasi gopaylater saya ga bisa di ajukan lagi padahal ga pernab telat bayar udh hubungi cs juga gajelas hadeh,1,2024-01-14 11:02:06,4.80.4,negative,rating_rule,115
Royal Crush,Cuma gara pindah akun ke hp lain voucher gofood pada ilang  gak dapet diskon resto BAT,1,2024-01-14 13:49:06,4.80.4,negative,rating_rule,86
Umi Kalsum,Belajar mandiri,5,2024-01-14 13:46:33,4.80.4,positive,rating_rule,15
Zul Sikumbang,Cinta dg karya anak bangsa,5,2024-01-14 13:40:42,4.80.4,positive,rating_rule,26
Agus Salim Akbar,Itu iklanmu nongol mulu dihpku ganggu banget baru jg beberapa menit muncul lagi tolong perbaiki gue uninstall jg nnti ini aplikasi,1,2024-01-14 13:40:28,4.80.4,negative,rating_rule,130
Andri Hadi Munandar,Ya mah terbaik di aplikasiby,5,2024-01-14 13:19:40,4.80.4,positive,rating_rule,28
Maya Anjani,Selalu puas klo pakai gojek,5,2024-01-14 13:08:54,4.80.4,positive,rating_rule,27
Henry Siahaan,Awalnya Teman saya menganjurkan Bila Pesan gofood paling bagus minta no rekening resto lalu hubungi restonya dan transfer utk bayar pesanan makanan dgn tujuan utk hindari biaya pemesanan biaya bungkus dll lalu melalui gojek customer pesan antar barang atau gosend utk jemput makanan diresto yg sudah pesan makanan lebih irit biaya daripada pesan fitur gofood silahkan dicoba  Ternyata teman saya benar Saya sudah berkali kali mencobanya dan berhasil,1,2024-01-14 12:27:20,4.80.4,negative,rating_rule,449
Charis Prima,Drivernya membantu dan sopan,5,2024-01-14 12:22:36,4.80.4,positive,rating_rule,28
Pengguna Google,Pengumuman pemenang 1 Milyar kok gak adaharusnya ada beritanya nama2 pemenang diumumkan lewat email atw apalah,5,2024-01-14 12:22:18,4.80.4,positive,rating_rule,110
Fathiin S.Y,Saya akan Reting kembali ini aplikasi memang bagus tapi kekurangannya tidak ada fitur mengetahui makanan nya halal atau tidak,4,2024-01-14 11:37:31,4.80.4,positive,rating_rule,125
Mansyur Saifudin,Sangat membantu jos gandos,5,2024-01-14 11:01:53,4.80.4,positive,rating_rule,26
Rudi Aviantara,Skrng mahal banget ongkir gofood sama lama skali pelayanan nya,1,2024-01-14 10:51:36,4.80.4,negative,rating_rule,62
Ahmadi Adi,Ok dh poko nya,5,2024-01-14 10:29:18,4.80.4,positive,rating_rule,14
Budi Abi,Mudah dan cepat cara pemesanan,4,2024-01-14 10:19:31,4.80.4,positive,rating_rule,30
Dhuha Dhuhari,Transportasi lbih praktis,5,2024-01-14 10:05:33,4.80.4,positive,rating_rule,25
Nur Anna,Drivernya ramah,5,2024-01-14 09:38:08,4.80.4,positive,rating_rule,15
Febi nurhakim,apl bagus,5,2024-01-14 08:51:25,4.80.4,positive,rating_rule,9
Ferdi Harold,GOPYLATER DI PERBAIKAN lah,2,2024-01-14 08:42:37,4.80.4,negative,rating_rule,26
fatih,Semakin hari semakin buruk sistem gojek titik jemput yang sama tujuan yang sama app yang berbeda jarak tempuh beda 10km apakah gojek sekarang bisa di percaya,1,2024-01-14 08:39:28,4.80.4,negative,rating_rule,157
Kurniawan Satria Aji,Bad Experience sama Go Food Gimana bisa 1 driver nganterin 2 pesanan berdekatan padahal kita sama sama bayar ongkir biaya parkir dll Bukan masalah uang sih tapi pesanan jadi lama banget Sesampainya makanan dirumah sudah gak nafsu makan Terima kasih Go Food semoga semakin banyak bintang 1 nya,1,2024-01-14 08:19:43,4.80.4,negative,rating_rule,292
Lala Saha,lucu yg buat aplikasi GOJEK bahasanya gaull cekali 3,5,2024-01-14 14:05:08,4.80.4,positive,rating_rule,52
Muhammad Ali,Asyik dan siiipp,5,2024-01-14 14:25:07,4.80.4,positive,rating_rule,16
Masriadi Kerinci,Aman banget boss,5,2024-01-14 14:31:35,4.80.4,positive,rating_rule,16
Erick Wolor,Trus tingkatkan pelayanan,5,2024-01-14 14:49:55,4.80.4,positive,rating_rule,25
Athalla Ferdi,Kualitas pelayanan gofood semakin hari semakin menurun drivernya dah jarang senyum terlihat lelah dan tidak semangat Terlebih yang mode hemat Apakah ada hubungannya dengan tarif pendapatan yg mereka terima Gojek jangan cuma nyari untung sepihak karena mereka para mitra itu adalah Angsa penghasil telur anda,2,2024-01-15 06:17:02,4.80.4,negative,rating_rule,307
Atogde Harryutsman,Simple,5,2024-01-15 04:39:34,4.80.4,positive,rating_rule,6
Hetty B. Haloho,Cukup bagus walau kadang ada mobil yg kotor tp pelayanannya bagus,4,2024-01-15 04:37:18,4.80.4,positive,rating_rule,65
RIDWAN AGUNG SANTOSO,OKE,5,2024-01-15 04:07:37,4.80.4,positive,rating_rule,3
Jamilah Abubakar,Drivernya cepat tanggap tau jalan2 yg di tuju pokoknya mataap deh gojek,5,2024-01-15 02:02:36,4.80.4,positive,rating_rule,71
Rena Syafitri,Banyak promo,5,2024-01-15 01:42:19,4.80.4,positive,rating_rule,12
Mulyadi Ghalink,Tarif lebih murah ketimbang pake yg laen,5,2024-01-15 00:10:00,4.80.4,positive,rating_rule,40
Uu Ws,Jaringan go partner harus di perbanyak Kalo bisa seluruh Indonesia Kadang dalam satu kota jangkauan nya cm 25 km Khusus nya didaerah Mksh good job,5,2024-01-14 22:54:44,4.80.4,positive,rating_rule,146
Roni Hidayatullah,Minta tolong dong untuk keseluruhan ulasanmaupun rating yang diberikan customer bisa dilihat jam merating nya dong seperti ratingulasan di shopfood  Terima kasih,3,2024-01-14 22:27:12,4.80.4,neutral,rating_rule,161
Alpha Arwaa,sngat mbntu kmudahan trnsportasi,5,2024-01-14 21:59:59,4.80.4,positive,rating_rule,32
SiDogol Dogol,Semua jadi mudah pesanapa pun,5,2024-01-14 21:34:04,4.80.4,positive,rating_rule,29
Fahmi Zakariya Hudha,Laknat,1,2024-01-14 20:34:21,4.80.4,negative,rating_rule,6
Andri Kkl,Drivernya selalu jemput walaupun jam Tengah malam dan tidak pernah mengecewakan bagus sekali,5,2024-01-14 18:03:39,4.80.4,positive,rating_rule,92
andi syahril,Lebih cepat tapi tetap koxentrasi,4,2024-01-14 17:07:42,4.80.4,positive,rating_rule,33
Raffel Yansah,Good service  good attitude,5,2024-01-14 16:44:20,4.80.4,positive,rating_rule,27
Hary Sudaryanto,AIK Dan memuaskan,5,2024-01-14 07:31:14,4.80.4,positive,rating_rule,17
B Ari Kurniawan,Ok sekali,5,2024-01-14 06:59:40,4.80.4,positive,rating_rule,9
Wulan Rachma,Menunggu driver sampai 1 jam lebih Mengecewakan,1,2024-01-13 13:21:50,4.80.4,negative,rating_rule,47
Rosa,Gojek parah ga mau kasih insentif Buat driver performa harus 100 harus diambil semua giliran Cs yg censel performa driver turun batal dah dapat insentif Aplikasi penjajah,3,2024-01-13 13:08:44,4.80.4,neutral,rating_rule,170
Ely Suryana,Cepat dan aman,5,2024-01-13 13:03:29,4.80.4,positive,rating_rule,14
M Virsa Aka,MENGECEWAKAN Saya pesan paket 3 ayam di recheese self pickup saya tuliskan note kalau 2 level 1 1 level 0 tapi ternyata note saya tersebut tidak sampai ke penjual sehingga 3 potong ayam tersebut semuanya level 0 KALAU PICKUP TIDAK BISA NGASIH NOTE NGGA USAH KAU MASUKKAN OPSI NOTENYA ITU,2,2024-01-13 13:03:03,4.80.4,negative,rating_rule,287
Rimba Saraga,Gojek the best,5,2024-01-13 12:09:20,4.80.4,positive,rating_rule,14
Momon,Mantap Sattsett Wattwett,5,2024-01-13 12:07:21,4.80.4,positive,rating_rule,24
kx ayie,Gojek oke,5,2024-01-13 11:50:09,4.80.4,positive,rating_rule,9
muhammad fadli,Super duper sangat mantap,5,2024-01-13 11:40:56,4.80.4,positive,rating_rule,25
Andri Pratama,Mantap bisa lebih efisien aplikasi nya,5,2024-01-13 11:39:30,4.80.4,positive,rating_rule,38
Leha Leha,Sopir ramah,5,2024-01-13 11:23:46,4.80.4,positive,rating_rule,11
Dian Ervina,Selama pake gofood driver nya baik2 dan ramahtingkatkan terus pelayananya biar semakin ok,5,2024-01-13 11:21:38,4.80.4,positive,rating_rule,89
Irma Sudarman,Baru x ini berhub sama yg namanya pinjol dan ga lagi habis selesai urusan pinjaman hapus apk  Kemaren klw bukan terpaksa karena kebutuhan dadakan d sekolah nanti dulu minjem pinjol,1,2024-01-13 11:17:24,4.80.4,negative,rating_rule,180
Reynand Ghava,Kenapa sekarang gopaylater saya malah di blokir  Padahal sebelumnya bisa dipakai dan saya tidak telat membayar aneh sekali,1,2024-01-13 11:17:18,4.80.4,negative,rating_rule,122
Muhamad Husni Mubarok,Awalnya aku ngira bagus bagus banget ni aplikasi tapi setelah update malah makin jelek tolong perbaiki ya ini aplikasi banyak fitur nya soalnya sayang kalo dibiarin ada gopay GoCar gojek gofood dll jadi tolong perbaiki sebaik baik nya sayang soalnya kalo dibiarin Terimakasih,1,2024-01-13 10:38:43,4.80.4,negative,rating_rule,275
UDAMU UUDAM MICHAEL,LEVEL TURUN KEMBALI KE BOS Kedepannya tolong tambahkan dinein  lunch and dinner 30x perminggu khusus semua pelanggan,1,2024-01-13 10:33:45,4.80.4,negative,rating_rule,116
Zainul Abidin,pagi hari ini saya menggunakan jasa gocar hp saya ketinggalan di mobil dan sampai sore ini belom ada kabar Mohon bantuannya,5,2024-01-13 10:31:12,4.80.4,positive,rating_rule,123
Eko Supriyanto,kecewa dengan pelayanan tim dan sop mereka yg gak jelas  bukannya membantu malah kocak lawak di suruh mengingat transaksi terakhir 2 tahun lalu  kocakkkkkk,1,2024-01-13 10:10:04,4.80.4,negative,rating_rule,155
KeloZers,nyari driver lama banget jingkeburu Maghrib kocak,1,2024-01-13 10:04:57,4.80.4,negative,rating_rule,49
Inge Panda Dinia,Upgrade terus sampai bosen,5,2024-01-13 13:25:13,4.80.4,positive,rating_rule,26
Reny Iwan,kenapa aplikasi gojek nih gk bisa di buka di hp qu tolong dijawab,1,2024-01-14 06:34:02,4.80.4,negative,rating_rule,65
willy prasetyo,cepat,5,2024-01-14 06:07:03,4.80.4,positive,rating_rule,5
Herman Susilo,Sangat bagus dan membantu masyarakat n tambah sukses,5,2024-01-14 06:05:04,4.80.4,positive,rating_rule,52
Riiew Marchisio,Bintang 5 biar dikasih promo,5,2024-01-14 06:02:36,4.80.4,positive,rating_rule,28
Muhammad Indra Fatmoko,memberikan banyak manfaat dalam hidup di perkotaan,5,2024-01-14 04:38:28,4.80.4,positive,rating_rule,50
Vian Alpian,Dulu punya limit gopaylater setelah diupdate gopaylater nya limit malah ilang Ngajuin lagi udh 5 x ditolak mulu Kecewa,1,2024-01-14 04:13:29,4.80.4,negative,rating_rule,118
Masyaa Al Allah,alhamdulillah,5,2024-01-14 03:27:46,4.80.4,positive,rating_rule,13
Fadhillah Turrahman,Setelah di lakukan pembayaran gopaylater dan limit sudah full malah akunnya di blokir dan belanja di tokopedia jg tidak bisa,1,2024-01-14 02:24:20,4.80.4,negative,rating_rule,124
Muhamad Nopih,Tolong notifikasi penawaran gopay later dan pinjaman di hilangkan sangat mengganggu karena nipu alias zong,1,2024-01-14 02:06:00,4.80.4,negative,rating_rule,106
Makhluk Bernafas,Saya ingin masuk ke app gojeknya lama sekali dan setelah di tunggu malah keluar sendiri sebelumnya tidak pernah seperti ini setelah di update malah tambah buruk mohon di perbaiki,1,2024-01-14 01:08:36,4.80.4,negative,rating_rule,178
Bu Nanik,Lp At10,1,2024-01-13 23:58:00,4.80.4,negative,rating_rule,7
Miss Gya,Ini knp yaah mau pesen gojek kluar sendirigak seperti biasax gampang mesen,4,2024-01-13 23:51:30,4.80.4,positive,rating_rule,74
Yohanes Efraim,Apk Bagus  Aman Terpercaya,5,2024-01-13 19:31:58,4.80.4,positive,rating_rule,26
Elly Sari,Aplikasi tidak jelas gopay later d blokir secara tiba Aneh banget padahal ga pernah telat dan selalu bayar tepat waktu Coba chat cs komplain ga ada penyelesaian Anehhhhh,1,2024-01-13 17:18:09,4.80.4,negative,rating_rule,169
Ahmad Woyo,Kurang optimal waktunya kelamaan,1,2024-01-13 16:10:42,4.80.4,negative,rating_rule,32
Alan Vino,Sangat membantu sangat memuaskan,5,2024-01-13 15:55:31,4.80.4,positive,rating_rule,32
Arini S,Mohon untuk tidak memunculkan halaman pemberian tip 2 kali untuk meminimalkan pemberian tip double Terimakasih,3,2024-01-13 15:51:48,4.80.4,neutral,rating_rule,110
Komariah Amani,Sip Membantu Makasih,5,2024-01-13 14:15:15,4.80.4,positive,rating_rule,20
AKBAR AIDUL POETRA,Aplikasi bikin repot masa driver gak dapet2  gak mau anter padahal rumah masih di kota dan gak jauh jg anternya,1,2024-01-13 14:02:32,4.80.4,negative,rating_rule,111
Fikri Eka nugraha,Perkara salah nyoba jadi ribet amat ni aplikasi sebagus bagus,1,2024-01-15 06:49:07,4.80.4,negative,rating_rule,61
ahmad zayy,Puas bgt Karna cepet bgt aplikasi nya,5,2024-01-13 09:40:13,4.80.4,positive,rating_rule,37
Henri Kurniawan,Aplikasi sangat membantu dalam situasi apapun,5,2024-01-16 12:08:11,4.80.4,positive,rating_rule,45
M Pahri,Cs merespon untuk keluhan terlalu lama ditambah pesanan jika memang tidak bisa tepat waktu harus dikasih tau karena sdh 2x begini saya nungguin berjam baru uang gopay saya dikembalikan masa harus kelaparan nunggu uang dikembalikan,1,2024-01-16 13:23:10,4.80.4,negative,rating_rule,230
M.TOHIRI,Selama ini saya menggunakan aplikasi ini sangat puas,5,2024-01-16 13:01:17,4.80.4,positive,rating_rule,52
dims scooter,Aplikasi busuksungai kecil di suruh terobos,1,2024-01-16 12:56:09,4.80.4,negative,rating_rule,43
Indah lestari,Biaya aplikasinya menurut saya mahal tak ada diskonkah untuk pelanggan,4,2024-01-16 12:52:21,4.80.4,positive,rating_rule,70
Nabil Huda,Semoga lancar,5,2024-01-16 12:32:47,4.80.4,positive,rating_rule,13
Adi Japar,Gojek tolong adil tuk kasih orde kpda derever mereka jg pnya anak dan isri,5,2024-01-16 12:30:05,4.80.4,positive,rating_rule,74
FF Endi official,Selalu tepat waktu gk nunggu lama,5,2024-01-16 12:23:27,4.80.4,positive,rating_rule,33
bala pulang,Joss gandos,5,2024-01-16 12:09:24,4.80.4,positive,rating_rule,11
TITIK KECIl,Sangat membantu saat di perlukan,5,2024-01-16 12:07:15,4.80.4,positive,rating_rule,32
Ong meiihwa,Banyak promo nyaaa terimakasih gojek sering sering banyak promo ya,5,2024-01-16 11:59:18,4.80.4,positive,rating_rule,66
Azis alamsyah,Sistem buruk,1,2024-01-16 11:49:23,4.80.4,negative,rating_rule,12
Endang Kurniati,Cepat  tanggap,5,2024-01-16 11:16:32,4.80.4,positive,rating_rule,14
Muhammad Patikalla,Gojek semakin didepan,5,2024-01-16 11:16:08,4.80.4,positive,rating_rule,21
Titin Sutini,Oke banget bisa membantu,5,2024-01-16 11:00:25,4.80.4,positive,rating_rule,24
Mr. Muhammad Janu Ar Rasyid,Jos mantab,5,2024-01-16 10:41:57,4.80.4,positive,rating_rule,10
Maria Fatubun,App yg nda ribetbuat orang2 mager zangat membantu skali,5,2024-01-16 10:32:05,4.80.4,positive,rating_rule,55
Armyn Marzuki,Alhamdulillah Sekarang uda bisa gunakan paylater nyajaya selalu gojek,5,2024-01-16 13:32:40,4.80.4,positive,rating_rule,69
Ari Notonegoro,Sangat membantu dikala Urgent,5,2024-01-16 14:21:35,4.80.4,positive,rating_rule,29
Wahyuni Suparjo,Bagus dan puas hanya bintang yang bicara,5,2024-01-16 14:23:10,4.80.4,positive,rating_rule,40
Darwin Ringostar,Semakin didepan,5,2024-01-17 00:36:54,4.80.4,positive,rating_rule,15
Sri Utami,Aman 1 lg kalau bowlehh gopay pinjaman nyaa tenorr 10 bulan donkk,5,2024-01-17 00:06:18,4.80.4,positive,rating_rule,65
Yono 04,Kevo,1,2024-01-16 23:59:10,4.80.4,negative,rating_rule,4
Putri Tian,Siiip utk kebutuhan harian sangat bagus utk d rekomendasi kan,5,2024-01-16 22:50:42,4.80.4,positive,rating_rule,61
Hastra Santayana,Cukup puasjossss,5,2024-01-16 22:45:14,4.80.4,positive,rating_rule,16
Rayan Dera,Tolong pihak gojek perbaiki aplikasi gojeknya supaya banyak yang instalkalo kaya gini terus bisa pada pindah aplikasi,4,2024-01-16 22:20:52,4.80.4,positive,rating_rule,117
Assan Putra,Oke gas,5,2024-01-16 17:20:43,4.80.4,positive,rating_rule,7
imam imam,Super jos,5,2024-01-16 15:51:10,4.80.4,positive,rating_rule,9
evan miuser,Apk gk beres Nyesel instalny,1,2024-01-16 15:46:16,4.80.4,negative,rating_rule,28
Erna Laela,Sangat menyenangkan berpergian dengan selamat ya pasti pake app gojek,5,2024-01-16 15:39:38,4.80.4,positive,rating_rule,69
advibrar jusral,Humble danfreindly driver,5,2024-01-16 15:27:19,4.80.4,positive,rating_rule,25
Nurdianty,goodlah pokok nya,5,2024-01-16 14:55:20,4.80.4,positive,rating_rule,17
Harum Fadillah Channel,GOJEK tuh driver nya kalo dikasih rating rendah langsung nyamperin customer ke rumah ya SEREM amat Padahal kan kita ga mungkin kasih rating rendah kalo PELAYANAN nya bagus kalo driver nya bener gitu Aku tuh tiap kali pesen gosend atau gofood yaa driver ny suka ga ada uang kembalian loh Masa iya Sering nih sekali dua kali tiga kali driver ga ada uang kembalian padahal standby udh tau nge gojek seharusnya nyimpen uang kecil dong Aneh banget Mana sering kayak gini lagi,1,2024-01-16 14:51:44,4.80.4,negative,rating_rule,470
Dona Pratiwi Thamrin,Kadang notifikasi chat dari driver suka lamban munculnya gimana tuh,4,2024-01-16 14:37:29,4.80.4,positive,rating_rule,67
Ananda Zaharaa,Aplikasinya bagus drivernya juga ramah dan sopan Waktu penjemputan sama rute yg diambil juga sesuai,5,2024-01-16 10:24:39,4.80.4,positive,rating_rule,99
D 4 N 1 U M 4 R,Maaf sy kurangin bintang nyadriver go car nyabnyk alasankl nganter ke daerah macet 3 x orderalasan semuayg kempes banyg kelawatan Kl gojek nyamsh ok,5,2024-01-16 10:12:48,4.80.4,positive,rating_rule,148
why & Not,Buruk cs pakai promo di bebankan drivernya tarif murah di potong yg nanggung drivernya kejam dan jahat,1,2024-01-15 15:23:12,4.80.4,negative,rating_rule,102
Nur Ranihanifah,Ga asik belum ada paylater ditolak terus,3,2024-01-15 14:44:25,4.80.4,neutral,rating_rule,40
Dini Aryani,bagusss,5,2024-01-15 14:15:31,4.80.4,positive,rating_rule,7
adhitya texa,Kenapa pembaran paylatter tiba2 tidak bisa di gunakan Dan tulisan nya mohon maaf kami segera kembali Sedangkan limit banyak dan pembayaran selalu rutin Mempersulit transaksi,1,2024-01-15 13:51:43,4.80.4,negative,rating_rule,173
Danish algibrani,Tambahin fitur vn dong di chat nya,3,2024-01-15 13:40:09,4.80.4,neutral,rating_rule,34
Amroji Amroji,sangat dibutuhkan dan sangat membantu,5,2024-01-15 13:23:15,4.80.4,positive,rating_rule,37
ali maknun,sangat mudah penggunaannya  sangat membantu,5,2024-01-15 11:51:16,4.80.4,positive,rating_rule,43
Wahid RafiqiRamadhan,Duar,5,2024-01-15 11:32:26,4.80.4,positive,rating_rule,4
Anang Syahbana,Slama pengalaman sayaketepatankecepatandriversmua tidak ada kendalagood job,5,2024-01-15 11:18:17,4.80.4,positive,rating_rule,75
Mahruzal,Jauh lebih baik dari sebelumnya,5,2024-01-15 10:37:23,4.80.4,positive,rating_rule,31
Wahidiltrya Rayhan,cepat si tp sekrg ndk bnyk promo nya,5,2024-01-15 09:59:53,4.80.4,positive,rating_rule,36
Aris Hendra,Good banget aplikasi nya,5,2024-01-15 09:51:24,4.80.4,positive,rating_rule,24
El Ryanie,ASLI CEPET BANGET 2 JAM LANGSUNG SAMPAI KEREN YA KEREN KEPALA LU GUA HANCURIN,1,2024-01-15 09:50:21,4.80.4,negative,rating_rule,77
Agus Wahyu nugraha,Selama saya menggunakan gojek kemana mana selama inisih ga ada kendala cuma kadan kendaraanya kadang suka dapat yang ga enak dinaiki usul saya tingkatkan terus agar nyampai yang terbaik,5,2024-01-15 09:01:58,4.80.4,positive,rating_rule,185
Lailaa Syahidah,Bgus tolong sering ksih diskon krn aku harus hemat buat menabung demi masa depan gboleh boros,5,2024-01-15 09:01:54,4.80.4,positive,rating_rule,93
Soeharto,Gofood makin mahal,1,2024-01-15 08:12:59,4.80.4,negative,rating_rule,18
Herman Andreas,Tambah trus promo nya,5,2024-01-15 08:07:57,4.80.4,positive,rating_rule,21
Ummu Arkaan,drivernya baik,5,2024-01-15 07:55:28,4.80.4,positive,rating_rule,14
Martogi Marbun,Bagus gojeknya,5,2024-01-15 07:42:53,4.80.4,positive,rating_rule,14
bung bro,paling mahal di kelasnya kasian driver yg capek aplikasi yg kenyang,1,2024-01-15 07:41:45,4.80.4,negative,rating_rule,67
Lidia Kusuma.w,Kenapa ya gojek kok belakangan kurang begitu baguscari gocar dan go kek sangat sulit apalagi waktu hujan,5,2024-01-15 15:30:14,4.80.4,positive,rating_rule,104
Ismatul Izzat,Kebanyakan update,3,2024-01-16 09:45:03,4.80.4,neutral,rating_rule,17
Yusuf Egeten,Gopay pinjam,5,2024-01-15 17:22:01,4.80.4,positive,rating_rule,12
Khoirunnisa Aprilia,Ga bisa orderga bisa ngapain kalau pake data seluler pasti tulisanya ga ada sinyalharus selalu pakai wifi baru bisa dipake,1,2024-01-16 09:30:00,4.80.4,negative,rating_rule,122
Andriani Spd,CPT dan Aman,5,2024-01-16 08:50:49,4.80.4,positive,rating_rule,12
Daru Wijaya,Susah cari driver,1,2024-01-16 08:18:16,4.80.4,negative,rating_rule,17
Padwi Yanto,Good and Nice smoothly,5,2024-01-16 08:16:27,4.80.4,positive,rating_rule,22
efendi icha,Aplikasi nya sangat membantu,5,2024-01-16 07:26:31,4.80.4,positive,rating_rule,28
a Faris,Balikin fitur bisa ngeliat driver pas makanan lagi disiapinbiar bisa ngecek driver beneran ngambil orderan apa nggabiar gk bisa semena2orang udh kelaperan tau2 di cancel sepihak ama drivernyaabis itu masih diambil lagi pesanannyatolol,1,2024-01-16 06:43:33,4.80.4,negative,rating_rule,234
Hadi Siswanto,Sy hapus dulu aplikasi ny  soal ny saldo gopay ny habis GK bisa isi  Sy biasa isi dr gopay dr gojek driver sy sendiri n sekarang gojek driver nya GK menghasil kan  jd GK bisa belanja  Makin GK jls aja gojek sekarang  Sementara kalau sy butuh sy pakai Maxim  lebih murah wkwkwk,1,2024-01-16 05:19:33,4.80.4,negative,rating_rule,276
Baso Aci Abie,Toooooop,5,2024-01-16 04:31:58,4.80.4,positive,rating_rule,8
Edward Situmorang,Cepat dapat,5,2024-01-16 03:37:35,4.80.4,positive,rating_rule,11
Fatchur Berlianto,Kalian payah ga ada yang bisa saat dibutuhkan,1,2024-01-16 01:01:41,4.80.4,negative,rating_rule,45
tri handajani,pengemudi ramah n sopan,5,2024-01-16 00:46:12,4.80.4,positive,rating_rule,23
Ramdoni Putra,Sangat membntu,5,2024-01-15 22:58:41,4.80.4,positive,rating_rule,14
Maizar izar,TOP,4,2024-01-15 20:41:23,4.80.4,positive,rating_rule,3
Boy Boy,Aplikasi ya mudah dan cepat,5,2024-01-15 18:48:12,4.80.4,positive,rating_rule,27
Gojo Satoru,Enak dan cepat meskipun kadang kadang ada error dikit,4,2024-01-17 02:06:03,4.80.4,positive,rating_rule,53
Imas Heni,Ya enaknya ada di diskon,5,2024-01-12 06:04:05,4.80.4,positive,rating_rule,24
Liang fanny,Saya isi gopay tapi tidak masuk,5,2024-01-12 07:53:39,4.80.4,positive,rating_rule,31
Edi Supriyadi,Gojek pelayanan oke,5,2024-01-12 07:48:14,4.80.4,positive,rating_rule,19
Maitreya Gunalaksmi,kalo mau blanja pk aplikasi gomart sistem gojeknya menuju 1 toko sajadan barang tidak lengkap,3,2024-01-12 07:14:52,4.80.4,neutral,rating_rule,93
Wahyu widodo,Sy dijmpt tepat waktu fiantar smp tiujuan dgm hati driver supel,5,2024-01-12 06:41:19,4.80.4,positive,rating_rule,63
Jimmy Handoko,App yg sangat membantu tlg selalu di tingkatkan jgn kendor bravo,5,2024-01-12 06:40:06,4.80.4,positive,rating_rule,64
Ana Berkatjaya,gopay later denda nya gedeudah dibayar malah diblokirpas pesan makandi rincian waktu mau pesan nominal 70500 pas udah klik pesan eh berubah jadi 75500 bener amsyong,1,2024-01-12 06:37:34,4.80.4,negative,rating_rule,164
Muhammad Rudi,Kacau gopay pinjamnya,1,2024-01-12 06:35:30,4.80.4,negative,rating_rule,21
Wibi Crb,Thanks for helping us,5,2024-01-12 06:32:28,4.80.4,positive,rating_rule,21
eka trunajaya,Is the best,5,2024-01-12 06:19:32,4.80.4,positive,rating_rule,11
Berliana wnp,Tolong kalau kita sedang pesan goridegocar cari driver yg lokasinya dekat dengan titik penjemputan Sering bgt dapet driver yg jaraknya jauh padahal driver yg mangkal di sekitar lokasi penjemputan banyak bangett Tolong di perbaiki lgi jangan buang waktu kami hanya untuk nunggu driver yg datengnya lama karena jaraknya jauh,1,2024-01-12 11:58:10,4.80.4,negative,rating_rule,322
ferri japri,Nyari driver sulit nya minta ampunpadahal sudah pakai argo prioritas,1,2024-01-12 05:54:33,4.80.4,negative,rating_rule,68
CALIMA Production,Promo untuk Gofoodnya sedikit,1,2024-01-12 05:48:43,4.80.4,negative,rating_rule,29
mas agus,Bermanfaat tentunya,5,2024-01-12 05:47:54,4.80.4,positive,rating_rule,19
Jamar Suganda,Aplikasi maling Kita bayar normal Drever cuma di kasih ongkos 5000 perak pantes orderannya di cenceld terus,1,2024-01-12 05:06:15,4.80.4,negative,rating_rule,107
Tota R. Munthe,goksss,5,2024-01-12 04:51:25,4.80.4,positive,rating_rule,6
Mohammad Roem,Pengemudi sopan danbersih,5,2024-01-12 04:45:08,4.80.4,positive,rating_rule,25
HILMY Abdurohman,Sangt membantu dn banyak diskon,5,2024-01-12 04:34:40,4.80.4,positive,rating_rule,31
Laila Adhiyyah,go ride oke go food perlu d tinjau lagi resto yg udah tutup,3,2024-01-12 07:55:02,4.80.4,neutral,rating_rule,59
Gus Mochammad,Cepat dan hemat,5,2024-01-12 08:02:36,4.80.4,positive,rating_rule,15
Naryo Peyek,perlu ditingkatkan lagi keakuratan titik,5,2024-01-12 08:05:41,4.80.4,positive,rating_rule,40
Aurora Wedari,Iklannn 8niiii mulu gue benci,1,2024-01-12 08:08:15,4.80.4,negative,rating_rule,29
Rahmah z,Sering2 ya diskonyaa gojek,5,2024-01-12 11:54:54,4.80.4,positive,rating_rule,26
Erika Dwi Saputri,Aplikasi ga berguna gopaylater di blokir pdhl ga dipake samsek Kemaren mau dipake server sibuk error sekali bisa mau dipake diblokir Bangsatt,1,2024-01-12 11:43:31,4.80.4,negative,rating_rule,141
Adrian Wicaksana,klo bisa lebih simple UI nya dapet 5,4,2024-01-12 11:26:42,4.80.4,positive,rating_rule,36
M Finza Syathir A,Sulit sekali dapet driver padahal hampir 10 menit saya nunggu,3,2024-01-12 11:14:38,4.80.4,neutral,rating_rule,61
Dewi Rani,Baik bngty,3,2024-01-12 11:01:35,4.80.4,neutral,rating_rule,10
Gandhi 04,Gocar driver pada gak mau ambilyang pake gocar hemat,3,2024-01-12 11:00:18,4.80.4,neutral,rating_rule,52
abi official,Paylater yg sekarang payah Dkasih 85jt tpi hnya bisa sekali saja Harus top up gopay dulu,1,2024-01-12 10:58:45,4.80.4,negative,rating_rule,88
Herman Asni,Ednn,4,2024-01-12 10:58:33,4.80.4,positive,rating_rule,4
ahmad syairaji,Bagus banyak promo menarik,5,2024-01-12 10:41:15,4.80.4,positive,rating_rule,26
Doctor Phone,Sangat Membantu di musim PancarobaUrgent,5,2024-01-12 10:31:56,4.80.4,positive,rating_rule,40
Randina,Sep,5,2024-01-12 10:15:28,4.80.4,positive,rating_rule,3
Tuti Kusumawati,terimakasih walaupun macet bapak tetap menyampaikan pengirimannya tidak di cancel,5,2024-01-12 09:28:47,4.80.4,positive,rating_rule,81
Ian Aja,cepat singkat sampai tujuan,1,2024-01-12 08:40:54,4.80.4,negative,rating_rule,27
Mahmud Zaenal,Wokeeee,5,2024-01-12 08:32:31,4.80.4,positive,rating_rule,7
Rito Irfan Gunawan,Sebaiknya kalau udh gk bs menjaga kualitas dan membuat customer semakin kecewa apkny ditutup aja percuma jg makin dipertahankan bakal makin dapat citra buruk,1,2024-01-12 08:31:19,4.80.4,negative,rating_rule,157
yess87 87,Sekarang ojol driver bisa ambil pesanan dobel tho pantes aja PENGIRIMAN GOFOOD JADI MAKIN LAMA ngirim ke orang lain dulu tidak fokus ke satu orang,3,2024-01-12 04:12:10,4.80.4,neutral,rating_rule,146
Zul Karcha,Katanya kalau selesai pengisian saldo atau Top up di Alfamart akan ada cashback 2000 rupiantapi kenyataannya tidak ada cashback nya masuk ke akun GoPay saya,3,2024-01-12 04:04:13,4.80.4,neutral,rating_rule,156
Putri Intan Permatasari,Apikkk pol,5,2024-01-11 22:52:45,4.80.4,positive,rating_rule,10
Imron Maulana Aziz,transaksi gotransit gagal dan diminta coba lagi tapi saldo terpotong 2x dan pesanan tidak ada yang berhasil akhirnya saldo terpotong 16rb dan saya harus beli kartu krl terlebih dahulu karena buru entahlah saldo akan dikembalikan atau tidak semoga tidak terulang untuk orang lain,1,2024-01-11 22:10:41,4.80.4,negative,rating_rule,278
Luqni Handoko,Tolong dung untuk titik koordinat penjemputan di Stasiun ta di kembalikan lgi ke awal masa di museum mandiri,3,2024-01-11 17:30:14,4.80.4,neutral,rating_rule,108
Jonari Mugabe,Masih sering trabel saat memesan draver yg dateng 2 draver,4,2024-01-11 17:01:20,4.80.4,positive,rating_rule,58
Heridavid David,Baru mau coba apl inisemoga bermanfaat buat ku,5,2024-01-11 16:21:03,4.80.4,positive,rating_rule,46
Fajar Nursoban,Pada kemana sih drivernya 2 jam loh ga ada yang ambil,1,2024-01-11 16:11:44,4.80.4,negative,rating_rule,53
Trisna Rahayu,Banyak voucher menarik,5,2024-01-11 15:41:32,4.80.4,positive,rating_rule,22
iin sophie,Saya suka dg aplikasinya mudah untuk di mengerti jarang terjadi eror,5,2024-01-11 15:39:05,4.80.4,positive,rating_rule,68
Aba Syam,Driver nya ramah keamanan berrkendara kenyamanan hal rute1,5,2024-01-11 15:03:41,4.80.4,positive,rating_rule,58
NZER NOZEER,Respon cs lama bertele tele Komplain tf ke bank bisa berhari hari,1,2024-01-11 14:32:19,4.80.4,negative,rating_rule,65
Tonggo “Iqbal s” Sinaga,Aplikasi ini sangat membantutrims,5,2024-01-11 14:31:18,4.80.4,positive,rating_rule,33
Xander Wiejoyo,Layanan aplikasi parah tidak ada solusi untuk permasalahan sepeleh,1,2024-01-11 14:24:12,4.80.4,negative,rating_rule,66
Angel Angel,Lebih murah dan pelayanan tetep bagus,5,2024-01-11 14:21:57,4.80.4,positive,rating_rule,37
Ijef haikal,Saya melakukan transaksi terus gagal tapi saldo di tarik dk ga balik lagi,5,2024-01-11 14:19:59,4.80.4,positive,rating_rule,73
Dedi Harjoni,Sangat puas aplikasi gojek,3,2024-01-11 14:18:26,4.80.4,neutral,rating_rule,26
joe stevanus,Good serve,5,2024-01-11 14:02:13,4.80.4,positive,rating_rule,10
Aly Nurdin,Gojek nih aplikasi sial Banyak banget ganguannya,1,2024-01-11 22:10:43,4.80.4,negative,rating_rule,48
Alwi Al-fattah,Suka ngeleg klo pesen makanan,1,2024-01-12 04:00:35,4.80.4,negative,rating_rule,29
anto broel,Semakin di update semakin tidak bisa dibuka aplikasi nya,1,2024-01-11 23:02:35,4.80.4,negative,rating_rule,56
Nuzulul Hidayah,Gojek padahal perusahaan besar tp salah bgt dlm kerjasama masalah pinjaman kerjasama sama pinjol yg blm move on dr ilegal saya walaupun telat pasti selalu bayar gapernah engga ini telat 2hari di tagih lewat whatsapp dgn kasar saya udh respon baik2 tentuin tanggal tp tetep dibalas dgn kata2 gak sopan nanti kalo lunas gopay pinjam langsung uninstall gojek itu namanya bukan pinjaman OJK tp ilegal,2,2024-01-12 03:55:23,4.80.4,negative,rating_rule,396
AKHMAD Channel,Nyaman dan praktis,5,2024-01-12 03:47:19,4.80.4,positive,rating_rule,18
Kayla Aqueena,Aplikasi lumayan bagus lah Pertahankan,5,2024-01-12 02:21:44,4.80.4,positive,rating_rule,38
Suyadi Yadi,Susah verekasi ud isi gopy,2,2024-01-12 02:20:18,4.80.4,negative,rating_rule,26
Safari Yanto,Enak bisa naik motor,5,2024-01-12 02:04:15,4.80.4,positive,rating_rule,20
Hanhannana,Gojek makin aneh dicariin yang jauhjauh padahal di titik penjemputan ada banyak Mana jam sibuk dan buruburu,2,2024-01-12 01:56:44,4.80.4,negative,rating_rule,107
ifunk Nugraha,Ini aplikasi sekarang jadi susah Nemu driver nya jauh semua dan sering banget driver nya mencancel sepihak tanpa ada pemberitahuan Mohon untuk di tindak lebih tegas kepada para driver nya kalo untuk mencancel setidaknya beritahu alasan nya Supaya kita sebagai konsumen tidak menunggu hal yang sia sia Waktu banyak terbuang jadinya dengan menunggu sudah lama dan ternyata d cancel karena macet,1,2024-01-12 01:11:07,4.80.4,negative,rating_rule,392
Nurul Fauzi,tidak mengantarkan anak saya sesuai titik mahal salah tempat,2,2024-01-12 00:21:42,4.80.4,negative,rating_rule,60
Eva Nurifa Banjarmasin,selain ongkir ada biaya lainnya jg,4,2024-01-12 00:17:18,4.80.4,positive,rating_rule,34
husen husen,Tarif gaojek hari ini Ngawur tiada hujan dan badai pada jam dan tujuan yg sama seperti kemarin2 biasanya tarif normal 25500 hari ini menjadi 36000 kenaikan yg tidak bisa diterima,1,2024-01-12 00:05:02,4.80.4,negative,rating_rule,178
Mery Armen,Napa nggak bs pesan gojek,5,2024-01-11 23:54:43,4.80.4,positive,rating_rule,25
Suhaeni Suhen,Jangan gunakan apk ini bro karena membuat driver semakin susah dan sulit Dicancel pelanggan akun gagu driver yang cancel karena pelanggan tidak ada akun jadi gagu juga diberikan rating rendah sama pelanggan akun gagu juga padahal tidak ada masalah STOP MENGGUNAKAN,1,2024-01-11 23:36:26,4.80.4,negative,rating_rule,264
Anil saputra,Akun saya tiba tiba di blokir,1,2024-01-11 23:30:45,4.80.4,negative,rating_rule,29
Lanny Syamtori,Aplikasi sangat membantu titiknya akurat dan drivernya berpengalaman,5,2024-01-11 23:19:41,4.80.4,positive,rating_rule,68
Muhamad Habibi,Mantab banget,5,2024-01-12 11:56:38,4.80.4,positive,rating_rule,13
Ranitya Dewi Ayu Sadian,Kenapa udah diperbarui tp masih sering ada keterangan updating dan g bisa digunain,5,2024-01-12 11:59:54,4.80.4,positive,rating_rule,82
Raja Favian H.L. Tobing,Normal but it has some flaws,4,2024-01-13 09:09:31,4.80.4,positive,rating_rule,28
Faris Syauqi,apk ini membantu gua untuk berpergian tapi makin lama driver nya makin gajelas entah datengnya lama banget atau dia gga gerak gerak terus uda nunggu lama di cancel sama drivernya dll Dan saran aja karena sekarang buat gofoodnya kurang worth it harganya ga kayak dulu sekarang pesen sesuatu harganya 4500 aja karena biaya jasa aplikasi dll jadi 40500 itu uda pake promo,2,2024-01-13 04:07:34,4.80.4,negative,rating_rule,368
Yoni Anto,Transportasi masa kini yg sangat membantu dalam semua kegiatan,5,2024-01-13 06:09:17,4.80.4,positive,rating_rule,62
Andi Saputra,Sangat terbantu dg ada nya GoJek Mantapp,5,2024-01-13 06:00:25,4.80.4,positive,rating_rule,40
M Ade Rachman,Buanyak dah pokoknya,5,2024-01-13 05:15:34,4.80.4,positive,rating_rule,20
Resep mamah nenk (Mamah),Sengat membantu tks,5,2024-01-13 05:10:41,4.80.4,positive,rating_rule,19
Naw Ulan,Sangat amat kecewa dengan aplikasi gojek gopaypinjam sistem pembayaran awal pinjam sesuai tp stlah pjm ke 2 sistem brubah jd tdk sesuai awalmau bayar cicilan di persulit dgn sistemnya shingga sy lewat jtuh tmpo jd kena denda gk main2 denda 1hr 50rb dan tlp ke CS SUSAH bgtu bs pulsa bisa hbis 100rb utk ajukan keluhan tp faktanya di sistem msh tdk berubah sgt merugikan sy sbg nasabah yg di siplin membayar angsuran tlg di perbaiki lg jg tdk merugikan para pengguna gopaypinjam trims,1,2024-01-13 04:52:44,4.80.4,negative,rating_rule,483
Mahjar,Apk sebelah SDH ada biaya jasadllkalau bisa biaya jasadll digojek dihapuskanagar customer lama kembali lagi ke gojekdriver kalian sangat menderitaorderan zonkgaraada biaya jasadll,1,2024-01-13 04:45:53,4.80.4,negative,rating_rule,179
vietha zhue,beberapa titik gk ditemukan tempat tujuan om gojek,4,2024-01-13 04:28:25,4.80.4,positive,rating_rule,50
Nuki 76,lebih banyakin promonya,5,2024-01-13 04:17:41,4.80.4,positive,rating_rule,23
Sucilya Lia,Bagus sangat membantu kalau bisa ongkirnya di buat murah lagi dong hehee,5,2024-01-13 04:11:06,4.80.4,positive,rating_rule,72
Tio K,Gofood plus waktu mau beli paket banyak resto yg free ongkir pas sdh beli justru resto banyak tdk free ongkir padahal sama restonya Tdk rekomen pakai gofood plus akalan gojek,1,2024-01-13 03:57:19,4.80.4,negative,rating_rule,174
Nenah Sunaenah,drivernya baik sopan dan sabar,5,2024-01-12 12:08:36,4.80.4,positive,rating_rule,30
Aryy pipi Cabyy,Bgud,5,2024-01-13 03:56:44,4.80.4,positive,rating_rule,4
Akbar Nur Budiansyah,nice bintang yg ngomong dah,5,2024-01-13 03:55:42,4.80.4,positive,rating_rule,27
Ega Pratama,Parah Saldo terpotong Tp ga masuk ke rekening Mana 800 ribu mana pertanggungjawaban pihak gojek uang segitu sangat berarti Asal buat laporan langsung di tutup mulu,1,2024-01-13 03:49:42,4.80.4,negative,rating_rule,163
sepatu hitam,Mohon di jawab kenapa setiap 1 hari ada saja 1 notifikasi kalo pembayaran ke google play sebesar Rp 36630  selalu ada hingga saldo saya terpotong padahal saya tidak sama sekali melakukan pembayarannya  saya sudah mencoba untuk pake metode jaminan saldo kembali tapi tidak ada respon  respon tidak di terima saya mohon untuk pengembalian saldo saya yang sudah terpotong hingga sudah melebihi Rp 70 ribu tolong,1,2024-01-13 03:31:51,4.80.4,negative,rating_rule,408
hana nusantari,Okelaa,4,2024-01-13 03:16:02,4.80.4,positive,rating_rule,6
Samuel Alex Van Putra,Knp stiap mau mesen Goride or Gocar slalu milih peta manual Padahal udh di simpen lokasi favorit Tpi ttp aja harus nyari manual Menyusahkan,1,2024-01-13 03:15:09,4.80.4,negative,rating_rule,139
King Drag,Sangat Tidak Puas Lupa PIN Udah Hilang gabisa Masuk,1,2024-01-13 03:09:09,4.80.4,negative,rating_rule,51
Widya Zuchrina,Sangaaatt membaaantuuuuu,5,2024-01-13 02:57:36,4.80.4,positive,rating_rule,24
kartika muchtar,Sambil bersih2 rumahmakanan sdh siap,5,2024-01-13 06:16:59,4.80.4,positive,rating_rule,36
Putra Agung,aplikasi aneh masalah tf di blok ga buat apa padahal gmn si jdi susah kan mau tf ke sesama pengguna gojek hadeuh gmn inii gojek mohon maaf kenapa jdi ke bank ya untuk sesama pengguna saja logopay juga udh plus masalah kesseringan transfer malah ke blok,1,2024-01-13 06:27:30,4.80.4,negative,rating_rule,252
Yuli Anjaini,Mantullll,5,2024-01-13 09:08:38,4.80.4,positive,rating_rule,9
Inal Hamzah,Kalau bisa sikasi kuota bebas transfer min perbulan,5,2024-01-13 09:04:06,4.80.4,positive,rating_rule,51
Nani Rohani,Min bgmna ini saya mau buka aplikasi gojek ko susah bgt,5,2024-01-13 08:59:33,4.80.4,positive,rating_rule,55
Wiyoto Sudarminto,memuaskan,5,2024-01-13 08:41:00,4.80.4,positive,rating_rule,9
Alin Ajach,Pemakaian aplikasi mudah dan tidak ribet respon nya juga cepat,5,2024-01-13 08:39:07,4.80.4,positive,rating_rule,62
Khoir Saloza,Aplikasi tidak bisa dibuka,1,2024-01-13 08:38:30,4.80.4,negative,rating_rule,26
Indra Wantoro,Gopayletter gak bisa di gunakan klw gak bisa hapus aja payleter nya mau hapus akun,1,2024-01-13 08:01:51,4.80.4,negative,rating_rule,82
tasya Caca,Maaf hanya saran saja agar diwajibkan semua pengemudi gojek bike membawa jas hujan krn sekarang musim hujan tidak semua penumpang siap jas hujan sendiri Terima kasih sebelumnya,5,2024-01-13 07:55:36,4.80.4,positive,rating_rule,176
Monika Malau,Titik untuk alamat rumah lari Alamat rumah dimana titik dibuat dimana  Jadinya malas pake appnya,1,2024-01-13 07:45:39,4.80.4,negative,rating_rule,96
Ricca Bubun_fa_fi,Sejauh ini sdh sangat membantu banyak promonya,5,2024-01-13 07:41:04,4.80.4,positive,rating_rule,46
sakti ganz,skrng kalo scan QR malah QR tidak di kenal mulu,1,2024-01-13 07:40:06,4.80.4,negative,rating_rule,47
Diamond gold11,GIMANA SIH DOWNLOAD NYA LM BNGT PDHL WIFI BGS,1,2024-01-13 07:36:50,4.80.4,negative,rating_rule,45
Asmi Lutfiah,Semakin cepat pelayanannya,5,2024-01-13 07:17:28,4.80.4,positive,rating_rule,26
sisi Khairunnisa,Ngga guna fungsi nya saya mesen gk bisa,1,2024-01-13 07:10:13,4.80.4,negative,rating_rule,39
Dewi Sartika wiwik,Membuat hidup lebih mudah,5,2024-01-13 06:54:38,4.80.4,positive,rating_rule,25
Widya Ningsih,Mantep deh,5,2024-01-13 06:48:31,4.80.4,positive,rating_rule,10
Yoga Pratama,telat gopaylater 1 hari denda 50ribu ga masuk akal Reminder by aplikasi cuma H5 kocak bgt,1,2024-01-13 06:47:37,4.80.4,negative,rating_rule,89
Auto Knockout,Gojek nya dipilihkan selalu jauh dari lokasi saya,4,2024-01-13 02:39:21,4.80.4,positive,rating_rule,49
Ramdhoni Dhoni,Aplikasi gerep ga bisa kebuka,5,2024-01-13 02:16:24,4.80.4,positive,rating_rule,29
marfiyanti ekasari,Sangat membantu dimanapun kita berada dan selama ada jaringan internet,5,2024-01-12 15:40:29,4.80.4,positive,rating_rule,70
Rabbani Idris,Terimakasih saldo saya sudah kembali dan sudah bisa di pakai lagi gopay nya semoga kedepannya tidak ada kendala seperti ini lagi,4,2024-01-12 15:09:31,4.80.4,positive,rating_rule,128
Gedebogan Garing,Aman nyaman pakai gojek,5,2024-01-12 14:40:04,4.80.4,positive,rating_rule,23
Egi Abili,App bagus,4,2024-01-12 14:32:11,4.80.4,positive,rating_rule,9
michael lion,Masa masukin pin tiba2 ada notif kebanyakan nyoba trus gaada solusi buat masukin pin LG lama lagi loading nya,1,2024-01-12 13:59:34,4.80.4,negative,rating_rule,109
Kaze Vt,Terima kasih gojek karena gopaylater saya tidak bisa aktif dan saya kena denda karena telat membayar tunggakan saya terimakasih sekali untuk kendala aplikasi nya gopaylater muter terusloading sip semoga kedepannya lebih teliti untuk masalah masalahnya jangn tunggu orang lain yg ngasih info masalahnya apa jujur saya benci,2,2024-01-12 13:57:15,4.80.4,negative,rating_rule,322
Mulyadien JanurSejahtera,Karya anak bangsa yang harus kita banggakan,5,2024-01-12 13:53:43,4.80.4,positive,rating_rule,43
Akun Bisnis,Gw rubah bintang 1 Aplikasi paling gaje gopay di update ke gopay tabungan malah payleter di blokir gopay pinjam di tolak untung ada shoope Iseng iseng daftar krn gojek semejak jadi goto makin gajelas Dri limit shoope 700ribu Sekarang jdi 3 juta krn kepake terus Ga niat banget bikin payleter Mending bubarin aja Fokus ke ewalet aja Kaya dlu,1,2024-01-12 13:37:13,4.80.4,negative,rating_rule,340
aris munadjat,Ok banget membantu,5,2024-01-12 13:33:48,4.80.4,positive,rating_rule,18
duo zahra cihuy,Aplikasi terpercaya mudah dan hemat Tepat waktu dan tepat lokasi,5,2024-01-12 13:32:40,4.80.4,positive,rating_rule,64
Nabila Hasna zain,Pertama kali pakai gojekmantap,5,2024-01-12 13:21:46,4.80.4,positive,rating_rule,30
Tayat Supriatna,Orang ini blm mengetik apapun,5,2024-01-12 13:21:05,4.80.4,positive,rating_rule,29
Nieken Anggi,n,1,2024-01-12 13:20:58,4.80.4,negative,rating_rule,1
Li dra Nelda,Susah bukq gojek,1,2024-01-12 12:45:32,4.80.4,negative,rating_rule,16
ahmat sulkan,Thanks gojek,5,2024-01-12 12:31:11,4.80.4,positive,rating_rule,12
Michael Abraham,Why Gojek I Dont Know my system handphone verry problem or system app Gojek Verry Problem My connection Handphone no Promblem tapi Kok Dapat notif gini amat lemot Masa 30 menit Baru dapat notif Yang Udh lewat 45 menit saya salah apa Dev,2,2024-01-12 12:26:42,4.80.4,negative,rating_rule,236
Almar R Khansa,Almar Rajendra khansa,5,2024-01-12 12:24:22,4.80.4,positive,rating_rule,21
wawan fauzan,Cie ketawan KORUPSI  KURANG BANYAK TU NGAMBIL SALDONYA WKWKWKWKWKWKWKWKWK,1,2024-01-12 12:19:18,4.80.4,negative,rating_rule,73
Naufal Rizqullah,aplikasi ga guna,1,2024-01-12 12:17:07,4.80.4,negative,rating_rule,16
C01_Maulidia a,Pelayanan dalam mengahadapi masalah costumer kurang baikk malah laporannya ditutup uang sampe 100an itu ga cukup banyak tapi krna dalam keadaan mendesak akun saya tibatiba hilang begitu saja,1,2024-01-12 12:12:21,4.80.4,negative,rating_rule,190
EFREDI SANTOSOXB,Sekarang gojek harnya terlalu mahal semuanya gak akyak dulu huhuuu sedih,1,2024-01-12 15:58:27,4.80.4,negative,rating_rule,72
Sheny Dian,Mudah penggunaan aplikasinya,5,2024-01-13 02:14:14,4.80.4,positive,rating_rule,28
Teddy Saepul,Mencoba lagi setlah gak bisa di akses,4,2024-01-13 01:52:37,4.80.4,positive,rating_rule,37
Nur Azizah,bagus pelayanannya,5,2024-01-13 01:50:15,4.80.4,positive,rating_rule,18
Anwar Khomsin,Mau transfer susah amat,1,2024-01-13 01:03:11,4.80.4,negative,rating_rule,23
hakim prasetya,Tidak dapat menentukan secara tepat titik penjemputan,1,2024-01-13 00:48:44,4.80.4,negative,rating_rule,53
Oma Alvi,Sekarang gojek lebih mudah datang lebih cepat,5,2024-01-13 00:38:15,4.80.4,positive,rating_rule,45
w sarwanto,Pelayanan gojek mantaf,5,2024-01-13 00:21:17,4.80.4,positive,rating_rule,22
Bimo Balikpapan,selama ini pakai Gojek apapun jenis pelayanannya Alhamdulillah pelayanannya baik,5,2024-01-12 22:55:12,4.80.4,positive,rating_rule,80
Nazwar Daffa Ananda,kenapa gak bisa kalau waktu Hujan Mau GoCar ataupun GoRide padahal ada hal genting,1,2024-01-12 22:54:39,4.80.4,negative,rating_rule,82
Anwar Alvarendra,3b dulu baru menggunakan app ini,3,2024-01-12 22:17:17,4.80.4,neutral,rating_rule,32
Maulana Probo Daru,Kelamaan kalau gofood  PAYAH,1,2024-01-12 22:00:27,4.80.4,negative,rating_rule,28
Yahya Rzell,Saya sudah lama pakai aplikasi ini dan hanya terlambat beberapa hari saja sekarang gopay later saya tidak bisa dipakai dengan notifikasi maaf maaf dan maaf terus,4,2024-01-12 17:56:09,4.80.4,positive,rating_rule,161
WBC CHANNEL,Alhamdulillah saldo yang tadinya hilang kini sudah kembali lagi terima kasih buat gopay gojek yang sudah membantu dan menyelesaikan permasalahan saya ini Semoga aplikasi ini bisa bermanfaat buat mereka yang membutuhkan,5,2024-01-12 17:47:21,4.80.4,positive,rating_rule,218
Zulfan Azka,ntap,5,2024-01-12 17:34:52,4.80.4,positive,rating_rule,4
Aldi Muhamad,NOTIFIKASI UDAH MASUK SALDONYA BELUM ADA SAMA SEKALI,1,2024-01-12 16:51:45,4.80.4,negative,rating_rule,52
Cici Luky,saya tinggal di area Bintaro  masa tiap hari yah kurang lebih jam 830 tiap saya order susah sekali dapat nya kadang sekali dapat Lama dan ujung2 nya di cancel Pengguna prioritas Tapi tidak di prioritaskan gimana konsep prioritas nya,2,2024-01-12 16:23:35,4.80.4,negative,rating_rule,232
Azka Hasbullah,Sangat merugikan driver dengan kebijakan argo 5 ribuparah sih lama lama gojek,1,2024-01-12 16:20:25,4.80.4,negative,rating_rule,77
marsana smk2,baik tepat ramah,5,2024-01-17 01:20:55,4.80.4,positive,rating_rule,16
Ayu Ningsih,driver nya gk ada yg bisa di andalin kalo lagi butuh apalagi pas hujan selalu nolak pesanan,1,2024-01-17 02:30:16,4.80.4,negative,rating_rule,91
Isan Memet,Aplikasi semakin cacatpilih lokasi manual udah pencet aku di indonesia gabisa bisa kocakBubarin aja aplikasi cacatnya,1,2024-01-11 13:50:33,4.80.4,negative,rating_rule,117
astri 78,Alhamdulillah lebih suka pakai Gojeg tp lama bngt cari Gojeg kl pagi sibuk,4,2024-01-26 00:34:17,4.80.4,positive,rating_rule,74
MeydiSiana Putrixionmawarjingga,BAGUS BANGETT,5,2024-01-26 11:56:20,4.80.4,positive,rating_rule,13
Tryan Citra Citra,Mudah aksesnya,5,2024-01-26 06:54:22,4.80.4,positive,rating_rule,14
Dini Elf,Maaf Saya Turunin Bintangnya saya serjng order gofood tp Promonya jarang,3,2024-01-26 05:31:42,4.80.4,neutral,rating_rule,72
Kholil Putra,Prlayanannya mantap,5,2024-01-26 05:23:53,4.80.4,positive,rating_rule,19
iskan Iskandar,Ya oke Lah klwbegtuu,5,2024-01-26 05:12:02,4.80.4,positive,rating_rule,20
Cantiik Pelangi,Bagus  Sangat membantu,5,2024-01-26 03:09:01,4.80.4,positive,rating_rule,22
Gwyneth Hia,GoJek selalu yg terbaik,5,2024-01-26 00:02:18,4.80.4,positive,rating_rule,23
Safrudin Safrudin,Baru pertama kamu,5,2024-01-28 12:37:27,4.80.4,positive,rating_rule,17
Susana Wowor,Atqss ada,4,2024-01-25 23:26:51,4.80.4,positive,rating_rule,9
Tata Lesmana,Keren rt,5,2024-01-25 21:46:25,4.80.4,positive,rating_rule,8
Ramli Ya,Pelayanan ok,5,2024-01-25 17:57:10,4.80.4,positive,rating_rule,12
Aty Suprapti,Pelayanan bagus dan ada diskonnya sukses gojek,5,2024-01-25 17:42:16,4.80.4,positive,rating_rule,46
Opaberlina Berlina,Cepat dan tangap ke konsumen,5,2024-01-25 14:37:53,4.80.4,positive,rating_rule,28
Deni Wijaya,App bgus nih yg mempermudah perjalanmu,5,2024-01-25 14:22:36,4.80.4,positive,rating_rule,38
Diyah Kartika Wulan _,Bagusssss bgtttttt topppp,5,2024-01-25 14:01:04,4.80.4,positive,rating_rule,25
Cak Yan,Ok good,5,2024-01-25 13:01:35,4.80.4,positive,rating_rule,7
Nining Setyaningsih,Semakin baik,5,2024-01-25 12:02:27,4.80.4,positive,rating_rule,12
Budiyati Mulatsih,Turun bintang satu lg Skrg nyaman di sebelah,3,2024-01-25 10:02:19,4.80.4,neutral,rating_rule,44
Fahri Maulana,Gajelasbanyak bug nya,1,2024-01-26 13:41:13,4.80.4,negative,rating_rule,21
Asep Saefudin Soemantri,parah sekarang gojek,5,2024-01-26 14:26:54,4.80.4,positive,rating_rule,20
Waras Nurhadi,Lumayan bagus Untuk belanja tokped dll,5,2024-01-26 15:41:08,4.80.4,positive,rating_rule,38
Dyandra 703,Terlalu bnyak iklan gojek di hp saya Mengganggu bgt Akhir ny saya hapus aplikasi nya,1,2024-01-26 15:46:49,4.80.4,negative,rating_rule,84
Kang Budi,Pelayanan memuaskan,5,2024-01-28 10:05:02,4.80.4,positive,rating_rule,19
Lin Ya ching,Ini kenapa gojek gk bisa update,5,2024-01-28 09:56:39,4.80.4,positive,rating_rule,31
nandasaja 7598,Tlng admin  saya mw msk apl gojeknya tdk bsa  setelah memasukkan no  slalu kendala teknis trs  bagaimana bsa msk atau login nya lgi,1,2024-01-28 09:23:15,4.80.4,negative,rating_rule,131
Ivan wisnu Wardana,Benar2 membatu,5,2024-01-28 03:26:10,4.80.4,positive,rating_rule,14
Komang Emi,mmm PO of ok PP i kpo PP PP all km p2 2 os5 2  0p PP no p PP p ol pool PP oop,2,2024-01-28 01:46:54,4.80.4,negative,rating_rule,77
Darwin Huntua,Terimakasih GOTO,5,2024-01-27 23:26:23,4.80.4,positive,rating_rule,16
Rahma Dhany,Mudah di gunakan menyenangkan,5,2024-01-27 16:50:44,4.80.4,positive,rating_rule,29
Pengguna Google,Sudah lebih baik Pertahankan,5,2024-01-27 14:27:08,4.80.4,positive,rating_rule,28
Rey y,oke sip,5,2024-01-27 13:26:30,4.80.4,positive,rating_rule,7
HUSNAN ARIFIN,Terimakasih dg adanya aplikasi ini urusan bisnis saya jadi serba mudah,5,2024-01-27 12:45:50,4.80.4,positive,rating_rule,70
Arum Widyastuti,Update trs mana gak ada bedanya,4,2024-01-27 11:39:46,4.80.4,positive,rating_rule,31
Weni Arti,Setia setiap saat,5,2024-01-27 11:26:19,4.80.4,positive,rating_rule,17
septian.armalina Lina,Sip wes mantul pake gojek,5,2024-01-27 09:30:26,4.80.4,positive,rating_rule,25
Novellian Shinta,Promonya pelit banget sekarang,4,2024-01-27 07:21:08,4.80.4,positive,rating_rule,30
Michael 788,Best of the best,5,2024-01-26 22:39:45,4.80.4,positive,rating_rule,16
Agus Harsoyo,xeabb n abb,2,2024-01-25 07:58:52,4.80.4,negative,rating_rule,11
Mutia Mutia,Membantu sekalih,5,2024-01-25 05:47:43,4.80.4,positive,rating_rule,16
Pharly Aan,TUTUP LAYANAN GOJEK,1,2024-01-23 15:48:44,4.80.4,negative,rating_rule,19
aenul hakim,App gk jelas,1,2024-01-23 14:32:19,4.80.4,negative,rating_rule,12
encuk sukarsih,Oke banget lah pokoknya apalgi banyak promo y,5,2024-01-23 13:10:45,4.80.4,positive,rating_rule,45
Aztie Damayanti,sangat membantu dan banyak promo diskonnya,5,2024-01-23 12:42:43,4.80.4,positive,rating_rule,42
Muhammadtzy06,pokoknya nggk nyesel kalian download app ini drivernya ramah semua,5,2024-01-23 09:30:51,4.80.4,positive,rating_rule,66
My Hubby,Yes yes yes,5,2024-01-23 07:30:25,4.80.4,positive,rating_rule,11
patrick,Mantab Sangat membantu dan efektif,5,2024-01-23 07:20:54,4.80.4,positive,rating_rule,34
Siti Fatimah,Masih suka ngelag sama ngebug dan keluar apliaksi sendiri,4,2024-01-23 07:20:17,4.80.4,positive,rating_rule,57
Yanti Nurlan,Saya beri bintang 1 karena voucher buat gofoodnya sekarang kurang sekali  Pada hal saya sudah lama menggunakan aplikasi gojek tapi lama kelamaan kenapa voucher nyaa makin berkurang,1,2024-01-23 06:56:20,4.80.4,negative,rating_rule,180
PAWON CW,Mingofood skrg knp jadi biaya penanganan sm ongkir gede bgt lalu gunanya langganan goplus buat apa Saya jd kecewa udah langganan goplus jd gak bergunamsh srh byr ongkir Tolong lah balikin lagi seperti semula Saya pelanggan setia gofoodkecewa berat,1,2024-01-23 06:52:27,4.80.4,negative,rating_rule,247
Caharit Rit,Tolong mantap,5,2024-01-23 06:06:55,4.80.4,positive,rating_rule,13
Tri Viyani,Saya mau nya voucher go ride bukan go food,5,2024-01-23 01:05:30,4.80.4,positive,rating_rule,42
Saripudin Udin,Biasa2 aja baik2,5,2024-01-23 00:15:15,4.80.4,positive,rating_rule,16
ranger prupala,Seharusnya pihak gojek tidak mencampur adukan antara aplikasi berbasis paket food ataupun mengenai pelayanan ke pelanggan dengan bisnis lainnya dimana nanti kalau menurut saya akan membuat aplikasi gojek bisa rusak Dan ini kekecewaan saya yang kedua kali dalam menggunakan aplikasi gojek biarlah nanti temen yang akan menilainya maaf saya hapus dan berganti ke aplikasi lain yang bisa komitmen,1,2024-01-23 18:42:37,4.80.4,negative,rating_rule,393
Nadiaaa Haha,Sangat membatu memesan makanan tanpa harus datang ke toko Membatu kita mengirim paket dan bepergian Drivernya baik dan ramah Sukaa banget Banyak diskon jugaa,5,2024-01-24 00:27:23,4.80.4,positive,rating_rule,157
Rully Panca,Trims slalu ada setiap dibutuhkan,5,2024-01-25 05:16:29,4.80.4,positive,rating_rule,33
Wulan Yuliana,Gercep,5,2024-01-24 00:39:48,4.80.4,positive,rating_rule,6
Iqo Matu Zaitun,Saldo gopay customer saya hangus ketika sistem update gopartner terbaru Kembalikan sistem gopay dulu pisahkan lagi antara gopay driver dan customer,1,2024-01-25 04:09:38,4.80.4,negative,rating_rule,147
Rika wijaya,Punya akun Gojek dah hampir 6 tahun ada aplikasi baru gopaypinjam katanya anda terpilih tapi ternyata gak berhasil karena masalah foto yang gak bisa verifikasi kalau gak bisa ya gak bisa jangan iklanin anda terpilih ternyata gak bisa,4,2024-01-25 00:20:54,4.80.4,positive,rating_rule,233
Tuti Suharyati,Sangat suka pake gojek krn drivernya sopan dan gk lama jemputnya,5,2024-01-24 21:49:16,4.80.4,positive,rating_rule,64
Retno wahyuningsih,Setiap mw buka disuruh update terus,1,2024-01-24 12:00:56,4.80.4,negative,rating_rule,35
Irma Rismawati,Ah,4,2024-01-24 10:51:05,4.80.4,positive,rating_rule,2
NIsa Osalia,Biaya pemesanannya wow,5,2024-01-24 10:21:43,4.80.4,positive,rating_rule,22
Robby Seftian,Ongkos ongkirnya terlalu mahal,4,2024-01-24 07:31:52,4.80.4,positive,rating_rule,30
Ruffa Dhipa chanell,So far so good si gojek inisangat membantu,5,2024-01-24 07:03:51,4.80.4,positive,rating_rule,42
Febhels Febhels,Geudd,5,2024-01-24 07:02:46,4.80.4,positive,rating_rule,5
Euis Susilawati,Game nya bagus tapi sayang temen gw bot jadinya nurun mulu nama nya adzril 7e,5,2024-01-24 06:39:08,4.80.4,positive,rating_rule,77
Riana Saudyawati,Pelayanan cepat dan sesuai pesanan,5,2024-01-24 04:46:40,4.80.4,positive,rating_rule,34
Irham Aburaera,Muantabs,5,2024-01-24 01:58:34,4.80.4,positive,rating_rule,8
Dewi Anggraeni,Pertahankan agar lebih baik lagi,5,2024-01-24 01:28:31,4.80.4,positive,rating_rule,32
Fems Antow Vin,sangat membantu Gojek saat sy kesana kemaritransportasi nya mksh yh,5,2024-01-24 01:24:32,4.80.4,positive,rating_rule,67
hy.kaagans,Kok sekarang mesen makanan jadi lama ya biasanya 1015 menit udh sampe ini kok sampe 1jam lebih ya saya kan lapar kenapa lama bgt pesenannya,1,2024-01-28 12:25:23,4.80.4,negative,rating_rule,139
Alvino Bagas .p,Sangat terbantu dg aplikasi gojekbanyakin promonya yaa,5,2024-01-28 12:42:09,4.80.4,positive,rating_rule,54
Arcxhyz_,banyakin driver gocar saat pagi dong apalagi waktu hujan gabisa berangkat pagi klo hujan hadeh,1,2024-01-22 23:42:05,4.80.4,negative,rating_rule,94
Dewi Rahayu,Oke gasss oke gassss wkwk,5,2024-01-31 14:47:25,4.80.4,positive,rating_rule,25
Heri setiawan,Cukup membantu adanya aplikasi gojeg dan banyak manfaatnya,5,2024-01-31 12:30:48,4.80.4,positive,rating_rule,58
Rizky Fadillah,best,5,2024-01-31 11:35:21,4.80.4,positive,rating_rule,4
Pipit Aprilianti,Fitur chat nya lelett pdahall sinyall baguss,4,2024-01-31 10:36:27,4.80.4,positive,rating_rule,44
Arif Rahman,Uangnya amannn,5,2024-01-31 10:25:40,4.80.4,positive,rating_rule,14
saiful anam,Masih ok,5,2024-01-31 06:59:56,4.80.4,positive,rating_rule,8
M Sinaga,Saya merasa puas dengan layanan ini,5,2024-01-31 05:14:24,4.80.4,positive,rating_rule,35
SEAN 86 official,Aplikasi yg sangat membantu Semoga kedepanya tambah bagus lgipelayanannya,5,2024-01-31 02:10:09,4.80.4,positive,rating_rule,73
Dedi Rustandi,Gampang transer,5,2024-01-28 12:57:16,4.80.4,positive,rating_rule,15
Rizal Dp,OMG bagus banget assslieee,5,2024-01-31 01:03:22,4.80.4,positive,rating_rule,26
robby ciput,Mantap dan terpercaya,5,2024-01-30 14:02:47,4.80.4,positive,rating_rule,21
Tik Tok,Gopaylater gue knpa si gbisa nysell byr tagihan,1,2024-01-30 13:08:08,4.80.4,negative,rating_rule,47
Dika Blr,Basugus,5,2024-01-30 11:57:10,4.80.4,positive,rating_rule,7
adeyana maulana,Gopy gua di unPlus goblogg,1,2024-01-30 10:44:53,4.80.4,negative,rating_rule,26
Pengguna Google,Sellu menyenangkan banyak promo yg sellu upgrate maju terussellu aja minta update,5,2024-01-30 10:17:06,4.80.4,positive,rating_rule,81
Diana Jeon,Apk nya baguscmn pas mau update ulang knpa gak bisa,5,2024-01-31 23:21:52,4.80.4,positive,rating_rule,51
Dani Iqbal,Download update baru berat bgt,1,2024-02-01 00:45:10,4.80.4,negative,rating_rule,30
Poetra Andhika,Muantap puuuuoooool,5,2024-02-02 08:54:53,4.80.4,positive,rating_rule,19
26 IsmiHadianti,Lintah memang Pinjaman 22k telat sehari karna Apk harus di upgrade Denda 50k,1,2024-02-02 07:43:56,4.80.4,negative,rating_rule,76
Wayan Murni,Bagus maaf saya mau cepat berangkat ada penting terimakasih,5,2024-02-02 04:39:37,4.80.4,positive,rating_rule,59
Angkringan Bintang Besar,oy ngak bisa dibukak,2,2024-02-02 02:30:59,4.80.4,negative,rating_rule,20
Ahmad riki setiawan Setiawan,Joss mantap,5,2024-02-02 01:25:10,4.80.4,positive,rating_rule,11
Sulastri Agus,Selalu tepat waktu,5,2024-02-01 15:06:54,4.80.4,positive,rating_rule,18
M Fuad Faizal,Aplikasi sangat baguss,5,2024-02-01 14:56:06,4.80.4,positive,rating_rule,22
tono,Bagus dan top sangat membantuku,3,2024-02-01 14:14:17,4.80.4,neutral,rating_rule,31
Dinda Meilena,Paylater bayar rutin kok ngga bisa dipake aneh,3,2024-02-01 13:27:20,4.80.4,neutral,rating_rule,46
JUIMUDIN BAHARUDDIN Udin,Iya jln yg bisa bantu kita mi,3,2024-02-01 12:43:46,4.80.4,neutral,rating_rule,29
hesti agustina,Aku lg orderabang gojegnya udah otw tiba2 tiap klik aplikasinya mau mantau pesenan aku udah dmneh tiba2 muncul update terbaru ini gmn ya kasian babang nya udah otw nganter makanan,3,2024-02-01 11:02:23,4.80.4,neutral,rating_rule,179
Sri Ekokapti,Naik gojek enak  murah tapi kadang2 agak telat,3,2024-02-01 10:57:50,4.80.4,neutral,rating_rule,46
Vin vinz,suka bgt sm apk ini simple gampang praktis lagi banyak promo ny lagi buat kalian yang pngen beli mkn tapi mls keluar apk ini cocok,5,2024-02-01 10:51:04,4.80.4,positive,rating_rule,130
Ari Anggara0786,Ol,5,2024-02-01 10:25:11,4.80.4,positive,rating_rule,2
Zivanna and Daffaa Family,Kenapa sdh 2 bulan ini setiap mau bayar gopaylater Hrs upgrade trs,3,2024-02-01 08:00:00,4.80.4,neutral,rating_rule,66
ria snurhoeriah,Ko ga bisa update  Pdhal sblmnya udh punya pk gojek nya  Why  Tolong dong versi terbaru nya yg mna  Biasa kn kl di update bisa  jd langsung ubah ke versi terbarunya Ini tetep aj bgtu,4,2024-02-01 05:05:08,4.80.4,positive,rating_rule,182
BAM BANG,Ngk bisa di updatengk bisa dipakaiaplikasi nya,5,2024-02-01 04:48:26,4.80.4,positive,rating_rule,46
Adi Nur,Dz2aaaaaaa1aazze yu 777,5,2024-02-01 03:17:22,4.80.4,positive,rating_rule,23
Anita Rusnita,Hai gojek sangat bagus bisa pesen apa aja yuk donlowd sekarang,5,2024-02-01 01:02:42,4.80.4,positive,rating_rule,62
Iduy Duy,Kenapa minta upgrade muluuuuuu,1,2024-01-30 07:23:22,4.80.4,negative,rating_rule,30
naely risma,lama buat milih driver kalo malem,2,2024-01-30 07:14:11,4.80.4,negative,rating_rule,33
Kalilatrilestari,Bagos,5,2024-01-29 05:36:01,4.80.4,positive,rating_rule,5
Himyar Ayang,sangat bagud,5,2024-01-29 04:35:15,4.80.4,positive,rating_rule,12
Nurhamidah Nong,Perjalanan selalu lancar,5,2024-01-29 02:48:47,4.80.4,positive,rating_rule,24
Ayu Witayani,Kenapa saya tidak bisa menggunakan gopaylater  Sudah bisa,5,2024-01-29 02:29:49,4.80.4,positive,rating_rule,57
CHANEL LINTAU884,Menyusahkan,1,2024-01-29 01:34:46,4.80.4,negative,rating_rule,11
Rama Usman,bagus dan praktikge kasih 4 bintang,5,2024-01-29 01:09:40,4.80.4,positive,rating_rule,35
Sitinurhikmah Sitinurhikmah,Aplikasi nya mantep bnget,5,2024-01-28 23:30:54,4.80.4,positive,rating_rule,25
Franky Martin P Silalahi,Mantan sekali,5,2024-01-28 22:58:51,4.80.4,positive,rating_rule,13
Ahmad Fauzi,Sangat membantu kita dalam menjalani aktifitas,5,2024-01-28 22:57:16,4.80.4,positive,rating_rule,46
Norman Edzal,Bagus untuk transaksi,5,2024-01-28 17:23:28,4.80.4,positive,rating_rule,21
Astia nurma vita,Sangat bagus  drivernya ramah,5,2024-01-28 16:20:55,4.80.4,positive,rating_rule,29
muhammad agus,Baguuusssssssss,5,2024-01-28 14:38:29,4.80.4,positive,rating_rule,15
Piter Anugrah,Apl eek,5,2024-01-28 13:47:19,4.80.4,positive,rating_rule,7
Datuk Lisdarto,Yg terbaru belum jelas,5,2024-01-29 05:47:44,4.80.4,positive,rating_rule,22
Ades 605,Aplikasi sangat membantubaru nyoba GrabFood mantap dari pesanan sampai kurir nya ok banget,5,2024-01-30 05:27:51,4.80.4,positive,rating_rule,90
Jaini Jaini,Mantap bagus,5,2024-01-30 05:22:17,4.80.4,positive,rating_rule,12
ZeroTwo,Wow mantap updatenya,5,2024-01-30 05:13:50,4.80.4,positive,rating_rule,20
Yho Yho,Pengantaran nya cepat,5,2024-01-30 02:52:19,4.80.4,positive,rating_rule,21
Harta Ningrum,Sangat membantu dan bagus bgt,5,2024-01-30 02:35:44,4.80.4,positive,rating_rule,29
islami kurniasari,Apkah pendapat ku saja semakin kesini biaya lain2 ny jadi semakin besar,5,2024-01-30 02:03:44,4.80.4,positive,rating_rule,71
Naufal. yf_,Ini gimana kok ga bisa didownload stuck di 99 terus,5,2024-01-30 01:07:07,4.80.4,positive,rating_rule,51
budi Netz,Upgarade susah bgt lemot bgtpadahal jaringan okemau kerja jd telat,3,2024-01-30 00:35:20,4.80.4,neutral,rating_rule,66
dody indarto,Kl ada update Mohon tambahkan pilihan update skrg atau nanti,1,2024-01-29 16:35:50,4.80.4,negative,rating_rule,60
kirana mikhayla Azka,sup,2,2024-01-29 16:17:14,4.80.4,negative,rating_rule,3
andri budiman,makin pelit promo saja,1,2024-01-29 15:30:56,4.80.4,negative,rating_rule,22
Sandy Dragicevic,Banyak yg pake mod,1,2024-01-29 14:52:57,4.80.4,negative,rating_rule,18
muh fajar aziz,gosah apdet mulu,1,2024-01-29 14:47:47,4.80.4,negative,rating_rule,16
Mang Ajid,Saya kasih bintang satu aja Aplikasi baru di update tg 19 januari 2024 masa baru 10 hr harus di update lg Aplikasi gak jelas,1,2024-01-29 14:32:46,4.80.4,negative,rating_rule,124
Akhiu Rendi,Boleh balik minta update payah,1,2024-01-29 14:23:30,4.80.4,negative,rating_rule,30
Wulandari S.f,Transportasi yg cpt  aman sampai di t4,5,2024-01-29 14:02:28,4.80.4,positive,rating_rule,38
Dony G Bastian,Bunga Gopay pinjam nyaterlalu besar,5,2024-01-29 13:35:57,4.80.4,positive,rating_rule,35
Octa Viani,Bermanfaat,5,2024-01-29 11:35:44,4.80.4,positive,rating_rule,10
Tris Arianto,Lancar selalu,5,2024-01-29 11:02:41,4.80.4,positive,rating_rule,13
ENI MSI BEKASI,Sangat terbantu dengan adanya apk ini,5,2024-01-29 10:49:39,4.80.4,positive,rating_rule,37
munir 02,Tolong donk kalau update jangan maksa x,2,2024-01-29 10:43:24,4.80.4,negative,rating_rule,39
Selvi Septiani,Bagus bngt,5,2024-01-29 08:22:52,4.80.4,positive,rating_rule,10
Sukri Indra,Tingkatkan pelayanan,5,2024-01-17 02:53:49,4.80.4,positive,rating_rule,20
Annisa Maharani,terlalu lemot aplksiy,3,2024-01-18 13:03:25,4.80.4,neutral,rating_rule,21
Nur Ichsan,Gg abieszzz,5,2024-01-18 12:56:56,4.80.4,positive,rating_rule,11
Rinny Fatmah,agak kecewa sihh styap ad notif gopay pinjam sllu d klik tp selalu z gk bisa ktx udh trdaftr tnggl nunggu pmbritahuan tp setiap notifx masuk sllu muncul kalimat yg samaanda sdh trdftr tunggu notifkecewaa pdhl kpngn bngt pke gopy pnjmudh gt gk ad gopayletterx pdhl klo psn mknn sllu lewat gojek,3,2024-01-18 12:49:12,4.80.4,neutral,rating_rule,293
Selviana190990 Selvi,Banyak promo lumayan buat pesen makan kalau lagi mager,5,2024-01-18 12:46:46,4.80.4,positive,rating_rule,54
J Drum,BIAR DI BACA SEMUA ORANG MAU TUTP AKUN SUSAH BANGET KATANYA MASIH ADA TAGIHAN GOPAY LATER SEPERAK PUN GW GA PUNYA UTANG DI GOPAY LATER  JANGAN YANG ANEH2 YA PERUSAHAAN BESAR KOK KAYA BEGINI CARA KERJANYA,5,2024-01-18 12:42:45,4.80.4,positive,rating_rule,203
Suwandi Serpong,pleksibel,5,2024-01-18 12:21:53,4.80.4,positive,rating_rule,9
GANDI RAHMAWAN,Senang mengguanakan gojek,5,2024-01-18 12:00:56,4.80.4,positive,rating_rule,25
Marini Trivi,Bener bener bintang 1 setiap pesen gofood selalu pemesanan telat bukan sekali dua kali tapi sering rugi bayar ongkir mahal2,1,2024-01-18 11:24:54,4.80.4,negative,rating_rule,123
Dodi Joko,Sangat membantu dalam mempermudah aktifitas keseharian,5,2024-01-18 11:06:26,4.80.4,positive,rating_rule,54
Willy Hartanto,Ga ngertii gopaylater tiba2 diblokir Ditanya ke cs jawabnya ga jelas Ya klo mau dari awal ga usah kasih saldo paylaternya,1,2024-01-18 09:44:58,4.80.4,negative,rating_rule,121
syauqi syauqi,asek,5,2024-01-18 09:10:41,4.80.4,positive,rating_rule,4
Novi Yuri,Skrg semakin menyedihkan promo2 yg ada di gojek Dari mulai GORIDE sampai gofood promonya super pelit Ngga seperti dahulu lagi yg memanjakan customer Pdhl udh bertahun2 jd pelanggan Sedihhh  Update skrg paylater bermasalah mau bayar tp tertulis di app tdk ada tagihan dan tiba2 kena denda Paylater 52rb kena denda 50rb dlm satu hari cs di kontak tp tdk mau tau harus bayar Akhirnya terpaksa ngalah bayar semuanya Ehh tau2 seminggu kemudian diteror melalui WA katanya msh blm bayar,1,2024-01-18 08:27:02,4.80.4,negative,rating_rule,479
Fajar R,Aplikasi nya oke lah,5,2024-01-18 06:38:11,4.80.4,positive,rating_rule,20
Christin Malaka,Tolong dunk maps nya gabisa diupdate yang benerseringkali dikomplain driver padahal uda berada dilokasi yamg benar yang selalu masalah di maps akibat nya ga nyaman naik gocarmana sering dibatalkan ga jela dengan ga info uda nunggu lama,1,2024-01-18 06:07:10,4.80.4,negative,rating_rule,235
Imilis Shop,Mantap diskonnya,5,2024-01-18 05:40:31,4.80.4,positive,rating_rule,16
Ajeng Ratna,Slalu bagusGocargosend n Gojek,5,2024-01-18 05:12:07,4.80.4,positive,rating_rule,30
Harun Prawira,Selama ini tidak ada gangguan dalam pelayanan driver anda,5,2024-01-18 13:24:07,4.80.4,positive,rating_rule,57
IMRON ROSADI,Sangatt membantuu bangett,5,2024-01-18 13:32:42,4.80.4,positive,rating_rule,25
Fawazi Fawazi,ngebantu banyak bgt orang,5,2024-01-19 04:43:50,4.80.4,positive,rating_rule,25
Caesar Damara,Alhamdulillah sampe dengan selamat dan harga juga murah,5,2024-01-19 03:27:07,4.80.4,positive,rating_rule,55
Budi Alina,ky GB NHK mggje  vm rbn bhu li,3,2024-01-19 02:58:27,4.80.4,neutral,rating_rule,30
Gading Rian,Okkk,5,2024-01-19 01:40:21,4.80.4,positive,rating_rule,4
Agustinus Paembonan,Kanya gini kah saya pesan gofood koh dapat driver jauh bentul malah warung yah dekat aja apakah gojek ini tidak pengertian sama driver yah atau cuma tau makanan hasil keringat yah driver ini kah nama yah gojek anak bangsa tapi tidak pengertian sama driver ambil onderan jauh tapi ongkir cuma dapat 8000,1,2024-01-19 01:16:03,4.80.4,negative,rating_rule,302
Firhan Fadilah,Aplikasi gajelas di update malah makin kaya setan hadeh Kemarin2 bagus udah 3 tahun pakai gojek eh pas ksni2 jadi ancur pea bener dan gblok Bisa bisa pindah haluan ke grab dah ah Tolong di perbaiki lagi Jangan sampai konsumen pindah ke apk SEBELAH,1,2024-01-19 01:15:14,4.80.4,negative,rating_rule,247
Ariya 07,Karena ada gojek temen saya jadi yt1m,5,2024-01-19 01:08:43,4.80.4,positive,rating_rule,37
Ningsih Aziz,Baik pelayanan,4,2024-01-19 00:26:10,4.80.4,positive,rating_rule,14
Prayogo Budi hartono,Banyak yang matiin aplikasi,1,2024-01-18 23:59:54,4.80.4,negative,rating_rule,27
Ananda Oloan Sinaga,Kalo hujan lama pesen nya sampe mau telat sekolah saya nya,1,2024-01-18 23:51:45,4.80.4,negative,rating_rule,58
Riani Nayla,Kecewa sih SMA gojek Pencarian nya lama trus banyak Driver yg Deket PDA ga mau ngambil,1,2024-01-18 23:31:52,4.80.4,negative,rating_rule,86
Agus Suprapto,Boos kenapa aku SDH 6hari kok gak dikasih order Apa salah aku mohon dikasih tau biar bisa memperbaiki,5,2024-01-18 23:08:44,4.80.4,positive,rating_rule,101
Michelle Hefanya,gojek sangat membantuhanya saja driver goride banyak yg ngebut mohon untuk dikurangi ngebutnya terimakasih,5,2024-01-18 23:00:43,4.80.4,positive,rating_rule,106
Eko Ruswandi Eko,Gojek bagus saya kasih 5 bintang,5,2024-01-18 19:40:47,4.80.4,positive,rating_rule,32
Muhamad Farizzi,Sangat membantu aplikasi ini,5,2024-01-18 17:58:27,4.80.4,positive,rating_rule,28
Imam Subehi,Terimakasih gojek,5,2024-01-18 17:06:56,4.80.4,positive,rating_rule,17
Nani,Sering pakai buat naik krl,5,2024-01-18 16:49:24,4.80.4,positive,rating_rule,26
Mohammad Ibnufarid,Mantapp pokoknya,5,2024-01-18 04:33:52,4.80.4,positive,rating_rule,16
M. Zainuddin,mantap ok,5,2024-01-17 10:54:49,4.80.4,positive,rating_rule,9
Fannysa Dwi Cahyani,makin lama promo buat gojek makin dikit padahal dulu banyakk,3,2024-01-17 09:49:26,4.80.4,neutral,rating_rule,60
Dwieqty Qty,Sy beri bintang 4 dl karna setiap hujan masih kesulitan mencari drivernya go ride padahal sangat dibutuhkan bahkan kadang ditunggu sampai 2 jam lebih masih belum jg dapat  Untuk sikap ato attitude driver Alhamdulillah kebanyakan bertemu dg yg baik2,4,2024-01-17 09:48:21,4.80.4,positive,rating_rule,248
Joseph Alfredo Sembiring,Terkadang saya menjumpai bug yang menyulitkan,3,2024-01-17 08:58:53,4.80.4,neutral,rating_rule,45
Dimas Antyo N,Gofood sekarang lama sekali payah,1,2024-01-17 08:09:26,4.80.4,negative,rating_rule,33
Murni Pancawati,Mudah digunakan tambahkan kolom koreksi utk memperbaiki,5,2024-01-17 07:37:13,4.80.4,positive,rating_rule,55
Bintang Dwi,Aplikasi yang sangat bermanfaat,5,2024-01-17 06:47:59,4.80.4,positive,rating_rule,31
Tommy s Tawaluyan,mantabslah,5,2024-01-17 06:40:00,4.80.4,positive,rating_rule,10
supriadi supria,amazing,5,2024-01-17 06:27:08,4.80.4,positive,rating_rule,7
Daung wong Wong,Sangat keren dan membantu banget,5,2024-01-17 05:55:55,4.80.4,positive,rating_rule,32
bocah jhelek,Sangat membantu dalam menjaga kesehatan dan keselamatan,5,2024-01-17 05:35:31,4.80.4,positive,rating_rule,55
Kukuh Aji Waskito,Gimana nih mau masuk aplikasi ga bisa2 verifikasi linknya ga masuk2,5,2024-01-17 04:28:36,4.80.4,positive,rating_rule,67
ADAT BATAK Jatidiriku,Ok punya,5,2024-01-17 03:34:01,4.80.4,positive,rating_rule,8
REVY 83 CHANNEL,Aplikasi mantab nih,5,2024-01-17 03:15:51,4.80.4,positive,rating_rule,19
Anak memekers channels,Maaf yah di hp saya Redmi Note 10s suka banget ngefreeze selama ngescroll go food atau apa tolong perbaiki ahh jelek banget sumpah lama lama bug atau apalah itu auto bintang 1 sementara makasih di tambah waktu saya mau masukin kode promo seperti GORIDEAJA dan atau GOCARAJA tiba tiba tidak memenuhi syarat kenapa kok begini sangat mengecewakan lama lama tolong perbaiki semuanya seperti semula kalo tidak permanen bintang  trims,1,2024-01-17 10:48:04,4.80.4,negative,rating_rule,428
erta kustanti,Saya heran di dekat saya ada banyak driver yg mangkal tapi kenapa aplikasi ngasih driver yg jauuuuhhhhh banget dari lokasi customer dijemput,1,2024-01-17 11:06:32,4.80.4,negative,rating_rule,140
Herudin Her,Yosjwlv Stisgslahwi,4,2024-01-18 04:09:33,4.80.4,positive,rating_rule,19
Gamat batu Karimunjawa,Sudah mulai memburuk  Lama lama saya tinggalkan ni aplikasi,2,2024-01-17 11:23:46,4.80.4,negative,rating_rule,59
Agung Syafrudin 4626,Kalo dapet order selalu dapat yg jauhterus sering dicanceltiba tiba saldo ilangparah ini mah,1,2024-01-18 03:16:37,4.80.4,negative,rating_rule,92
Zulmie Ikhwan,Aplikasi baru makin ga beres masa ga bisa top up ke gopay ga jelas,1,2024-01-18 03:01:25,4.80.4,negative,rating_rule,66
Mila Kurnia,Kenapa harus ada fitur chat Itu bisa buat selingkuh,1,2024-01-18 02:31:48,4.80.4,negative,rating_rule,51
Adriawan Riski,Bisa ngojek enak,5,2024-01-18 02:25:07,4.80.4,positive,rating_rule,16
novita akhirani,KAsih segitu dulusoalnya beberapa kali dikecawain ma drivernyahanya karna jarak dekat ga mau,3,2024-01-18 02:24:22,4.80.4,neutral,rating_rule,92
Triyana Listrianingsih,Alhamdulillah sangat terbantu dengan gojek  terimakasih,5,2024-01-18 02:19:07,4.80.4,positive,rating_rule,55
Veronika Kwen,Aplikasi yang bermanfaat,5,2024-01-18 02:11:42,4.80.4,positive,rating_rule,24
Reviyandros Goochenk,Jangan dikit dikit minta up date kalau nggak nggak bisa di pake Lama lama males up datenya lama lama gua pindah kesebelah aja,2,2024-01-18 01:12:23,4.80.4,negative,rating_rule,125
Asliyati,Tingkatkan terus untuk kualitas aplikasi gojek aplikasinya aksesibel buat pengguna handphone dengan pembaca layar,5,2024-01-18 00:46:20,4.80.4,positive,rating_rule,113
Uly Red,Kenapa menu GOTIX sudah ga ada  Dijawab sesuai pertanyaan dong tlg,2,2024-01-18 00:28:22,4.80.4,negative,rating_rule,66
Visa Setyawati,goojek cepat,5,2024-01-17 21:59:40,4.80.4,positive,rating_rule,12
Arif Cahyo,good aplication,5,2024-01-17 21:36:16,4.80.4,positive,rating_rule,15
Eko Hery Yawan,love you gojek  you are the best,5,2024-01-17 19:51:27,4.80.4,positive,rating_rule,32
Ario Putrasani,Promo goride tambahin,5,2024-01-17 16:06:00,4.80.4,positive,rating_rule,21
Huda Firdaus,gabisa lihat driver,1,2024-01-17 15:30:05,4.80.4,negative,rating_rule,19
Pasific Pandiangan,Gojek Tokped bangkrut aja dah,1,2024-01-17 13:19:14,4.80.4,negative,rating_rule,29
Idris Cen,"Sangat kecewa Kasihan wa Ama driver nya kyk sapi perah ajaa Bonusnya 
begitu kecil Akhirnya pelayanan mereka asal2an",5,2024-01-17 11:55:51,4.80.4,positive,rating_rule,116
Andre Djisamsoe,Gojek memang terbaik,3,2024-01-19 05:04:21,4.80.4,neutral,rating_rule,20
Revan Perdana,Gojek is the best,5,2024-01-22 22:51:46,4.80.4,positive,rating_rule,17
Puji Suwignyo,Parah pay lter saya tiba2 tidak bisa di gunakan,2,2024-01-21 08:06:19,4.80.4,negative,rating_rule,47
Heru Darmanto,Iya ok,5,2024-01-22 00:11:09,4.80.4,positive,rating_rule,6
Ida Kurniawati,Pasti tepat waktu lho,5,2024-01-21 23:57:01,4.80.4,positive,rating_rule,21
mutia sari,bagus bgt,5,2024-01-21 17:16:10,4.80.4,positive,rating_rule,9
Denny Ciska Arisandy,Karena adanya promo kami naikan dari 1 star ke 4 star,4,2024-01-21 09:51:28,4.80.4,positive,rating_rule,53
Lani Heliana,Lumayan bagus,4,2024-01-19 05:37:50,4.80.4,positive,rating_rule,13
Rayya Shalih danusurya,Sekarang saya males pakai gojek Tibatiba akun gopay saya terblokir tanpa ada alasan yang jelassudah berkalikali banding tapi selalu di tolaksangat mengecewakanlebih baik taruh uang kalian di ewallet yang lebih aman seperti dana atau ovosekedar saran saja agar kalian tidak menyesal seperti saya,1,2024-01-21 05:26:16,4.80.4,negative,rating_rule,294
Rohadi Hadi,Itu dulu ya baru mau nyoba,4,2024-01-21 04:58:49,4.80.4,positive,rating_rule,26
Lukman,Go ride nya hilang nanti setelah operasi normal baru kembali bintang 5 ya,5,2024-01-21 04:10:08,4.80.4,positive,rating_rule,73
FRD PRDN,TOLONG DIPEBAIKII APLIKASINYA,1,2024-01-21 03:51:34,4.80.4,negative,rating_rule,29
alipp pedoo,oklh,4,2024-01-21 02:56:26,4.80.4,positive,rating_rule,4
abellina Rosia12,Gojek dibutuhin malah gk ada driver,5,2024-01-21 02:38:48,4.80.4,positive,rating_rule,35
Wulan Candraningtyas,Aku gak dapat diskon free ongkir biaya tambahan nya banyak banget,3,2024-01-21 01:41:44,4.80.4,neutral,rating_rule,65
Putra semar Bersama,Test dluklo bagus aq tambahin,2,2024-01-21 00:22:32,4.80.4,negative,rating_rule,29
Afnan Mahendra,Gojek anjjj9  Udah gapernah dpt promo gofood selama 4 bulan  Promo gojek motor cuma 2rb perak  Padahal tier udah tinggi,1,2024-01-21 00:13:16,4.80.4,negative,rating_rule,119
Richard Conan,G menyarankan tf lewat gopay,3,2024-01-22 00:45:23,4.80.4,neutral,rating_rule,28
suciati suciati,Saya suka pakai Gojek cepat dan tepat wtk,5,2024-01-22 01:21:40,4.80.4,positive,rating_rule,41
Pur Wono,Mantappppp,5,2024-01-22 01:56:19,4.80.4,positive,rating_rule,10
Darwanto Aki,okesipmantab,5,2024-01-22 18:28:45,4.80.4,positive,rating_rule,12
Dacep,Menunjukan perjalaman dan rute Lambat,3,2024-01-22 15:02:42,4.80.4,neutral,rating_rule,37
Ridhan Fadli,Susah banget cari gocar di purwakarta woy apa masih sedikit ya,4,2024-01-22 13:22:04,4.80.4,positive,rating_rule,62
Gugun Gunawan,Semoga selalu memberi pelayanan yamg terbaik,5,2024-01-22 12:25:36,4.80.4,positive,rating_rule,44
szjyyj,Harga ongkir makin naik aja belum ditambah biaya2 lainnya makin mahal aja,1,2024-01-22 11:22:10,4.80.4,negative,rating_rule,73
Muhayati Kartini,Terkadang layanannya error alamat tujuan tidak terdeteksi tolong perbaiki segera Selainnya cukup puas Terima kasih,4,2024-01-22 11:21:51,4.80.4,positive,rating_rule,114
alpian skom,Good working Menjadi indikantot dalam menjalankan misi nya ke depan,5,2024-01-22 11:04:38,4.80.4,positive,rating_rule,67
Yokoharnowo,Jozz,5,2024-01-22 10:57:43,4.80.4,positive,rating_rule,4
Becx Cruger,Yolaaaaaiii,5,2024-01-22 10:28:19,4.80.4,positive,rating_rule,11
Wr Ratna,Tanggap cepat sopan,5,2024-01-22 09:31:30,4.80.4,positive,rating_rule,19
Amin Nurhaidir,Bagus dalam perjalanan,5,2024-01-22 08:09:50,4.80.4,positive,rating_rule,22
Eka Septia dewi,Gofoodnya mantap byk diskon nya,5,2024-01-22 07:51:29,4.80.4,positive,rating_rule,31
Piscesmanjha Piscesmanjha123,Belum ada pengalaman,5,2024-01-22 07:47:45,4.80.4,positive,rating_rule,20
Pengguna Google,Maaf aq unistall karena gojek mendukung LGBT Aq takut neraka,5,2024-01-22 07:33:46,4.80.4,positive,rating_rule,60
Islami Fitria Nur,Oke aja,4,2024-01-22 05:06:35,4.80.4,positive,rating_rule,7
Zanwar,Makin di depan,5,2024-01-22 05:05:27,4.80.4,positive,rating_rule,14
Devi Andriani,Knp gak bisa di perbaruin,3,2024-01-22 05:01:33,4.80.4,neutral,rating_rule,25
Nur Rohim,Bagus sih,4,2024-01-22 04:16:41,4.80.4,positive,rating_rule,9
Kantor Agil,Untuk cancel kadang agak kesulitangojek sendiri ada yg nggak ngerti cara cancel nya mhn diperhatikan,5,2024-01-20 23:40:48,4.80.4,positive,rating_rule,100
Arik Plawa,Knpa skrg klo cari driver susah bgd yatrs klo estimasi go food juga lama Laper nya sekarang lagi 1 jam 90menit baru nympepdhl jarak hanya 1kmbeda bgd kyk dlutingl sat set smpe,2,2024-01-20 16:04:51,4.80.4,negative,rating_rule,175
Farah Khairunnisa,Tolong dong di perbaiki Saya mau pake gopaylatter masa gak bisa karena di blokir mau apus akun gk bsa karena ada tagihan Padahal saya selalu bayar tepat waktu dan sudah tidak memiliki tagihan lagi kenapa gk bsa apus akun ya  Gk jelas nih aplikasi makin lama Makin di update bknnya makin bagus malah makin jelek Email saya juga tolong di respon dong Setiap saya email gk pernah di respon heran,1,2024-01-20 16:00:32,4.80.4,negative,rating_rule,392
Nida_ Kamila,Kadang kadang ngelag jadi susah transaksinya,3,2024-01-19 15:11:08,4.80.4,neutral,rating_rule,44
Solihin Wae,Terpercaya Poko nya,5,2024-01-19 14:06:07,4.80.4,positive,rating_rule,19
Dhans.official,hari ini terjadi lagi saya ga dapat driver setelah mesan hampir 1 jam,2,2024-01-19 13:37:51,4.80.4,negative,rating_rule,69
aRieL BoRieL,Apliasi paling mudah dan gak ribet klo pesen apamantul dah pertahankan ya PT GOJEK INDONESIA,5,2024-01-19 12:34:50,4.80.4,positive,rating_rule,92
linggar wasyoro,Lumayan jarang make Karna lagi stay di agam lubukbasung,4,2024-01-19 12:30:38,4.80.4,positive,rating_rule,55
Abdul Hanan,Mantul pelayanan nya,5,2024-01-19 11:51:46,4.80.4,positive,rating_rule,20
Ayu Ms79,Good jobs Thanks GOJEK and Good luck Everyone,5,2024-01-19 11:45:46,4.80.4,positive,rating_rule,45
Winda 24,okeh,5,2024-01-19 11:35:07,4.80.4,positive,rating_rule,4
Rizal Amir gmM,Untuk saat ini not bad,5,2024-01-19 09:45:42,4.80.4,positive,rating_rule,22
Muhamad Holik 97,Lebih di tingkatkan lagi kedepannya,4,2024-01-19 09:36:47,4.80.4,positive,rating_rule,35
M rief Asykari,susah banget dapat driver sampe batre gua lowbat  gak dapet,1,2024-01-19 06:26:54,4.80.4,negative,rating_rule,59
Febrianti 19,Lama banget nyari nya org udh telat apk gjls,1,2024-01-19 06:12:55,4.80.4,negative,rating_rule,44
rezki mulyadi,apikasi apa ini tolong lah hampir 7 tahun menggunakan aplikasi ini bukannya makin bagus yang setiap stransaksi selalu aja masalah jaringan padahal aplikasi lain bisa,1,2024-01-19 17:04:23,4.80.4,negative,rating_rule,165
Ridwan Muhammad Nur,Asuuuuiiu,5,2024-01-20 01:30:02,4.80.4,positive,rating_rule,9
Budi Lesmana,Sangat bermanfaat dan sangat membantu,5,2024-01-20 15:14:09,4.80.4,positive,rating_rule,37
siti maenah,Pelayanan cepat Driver ramah,5,2024-01-20 01:54:32,4.80.4,positive,rating_rule,28
Salomo Tambunan,mudah di pake,5,2024-01-20 13:27:05,4.80.4,positive,rating_rule,13
Anik Roichatunnihayah,Lancar kaya tol,5,2024-01-20 13:05:37,4.80.4,positive,rating_rule,15
Nina Ristika,Membantu dimanapun kapanpun tentu juga disaat urgentthx gojek,4,2024-01-20 12:37:54,4.80.4,positive,rating_rule,61
Kesia Yohana saruksuk,Aplikasinya makin lama makin jelek setelah di upgrade Gopay saya lenyap 30k make gotrasit tapi satu pun saya gak bisa pake buat masuk ke stasiun mana ngejar waktu untuk ketempat lain Akhirnya saya telat gara gara ini aplikasi,5,2024-01-20 12:18:23,4.80.4,positive,rating_rule,225
Dona,Saya sangay memperlukan,5,2024-01-20 11:49:48,4.80.4,positive,rating_rule,23
Renny Risma,Setelah sekian lama akhirnya dapat promo2 lagi Aku ubah bintang nya ya Dr bintang 1 ke bintang 5,5,2024-01-20 10:46:24,4.80.4,positive,rating_rule,96
Lidya,Bagus bangetcm pernah salah pesen makanan tpi gabisa dibatalin,4,2024-01-20 10:20:05,4.80.4,positive,rating_rule,62
Ningsih Mutia Sari,Aplikasi yang sangat membantu mudah digunakan tapi makin lama udah ngak ada diskon lagi,5,2024-01-20 09:58:11,4.80.4,positive,rating_rule,87
cooper Aryatama,Sering error pengantar makanan lama ngeluarin fitur hemat makanan datang ber jam jam mending ilangin fitur hemat gak pake fitur hemat saja makanan datang hampir 1 jam,1,2024-01-20 09:39:38,4.80.4,negative,rating_rule,166
Titani kebun,Aplikasi gojek sangat baik dan bermanfaat untuk segala keperluan apa saja di Tokopedia dan beragam autlet lainnya trimakasih Gojek,5,2024-01-20 09:10:10,4.80.4,positive,rating_rule,130
Yulianti Agustin,Y C,4,2024-01-20 08:56:17,4.80.4,positive,rating_rule,3
Afrizal l,Nice goodtapi kalo wekend kurang nyangkutlama dptnya,4,2024-01-20 07:48:04,4.80.4,positive,rating_rule,52
Wati Sukanti,Keren Banget,5,2024-01-20 07:42:08,4.80.4,positive,rating_rule,12
Femi Ratna,untuk gocar nya kalo pake promo driver nya banyak yg tidak mau dan tidak merespon sama sekali Misal gamau berangkat jemput kan harusnya pihak driverr gocar nya setidaknya bilang maaf gak bisa jemput setidaknya ada komunikasi nya dengan penumpang jadi penumpang sudah nunggu lama tapi nihil hasil nya Kecewa bgtt saya Kalo Untuk gofood dan gojek nya enak,3,2024-01-20 05:54:45,4.80.4,neutral,rating_rule,353
Rizky Arisena7,kualitas aplikasi nya udh ga sebagus pas di pegang nadiem,1,2024-01-20 05:21:05,4.80.4,negative,rating_rule,57
Shobirin Mahfudz,GojekGofood sangat membantu kegiatan harian kami,5,2024-01-20 05:13:35,4.80.4,positive,rating_rule,48
suiyang suiyang,Brijuanda,3,2024-01-20 02:24:59,4.80.4,neutral,rating_rule,9
rummi Ajjah,pinjaman,5,2024-01-14 18:24:27,4.80.4,positive,rating_rule,8
suryadi no more,Apk Apaan ini transaksi gagal saldo tetep kepotong  isi keterangan saldo di refund tapi tetep aja ngak balik saldo saya Sudah saya coba hubungin via email sama via pusat bantuan di aplikasi responya lama kali sekali di respon yg respon malah bot  Benerin lah aplikasinya Bikin lah aplikasinya klo transaksi gagal langsung balik saldonya Sering kali ngalamin hal kek gini,1,2024-01-08 11:01:53,4.80.4,negative,rating_rule,370
tinah mujin,Sangat membantu saya dalam ber aktivitas diluar ruangan di diskon bagi pengguna yang baik dan sopan,5,2024-01-08 09:37:10,4.80.4,positive,rating_rule,99
Isniati Mardiyah,NYESEL LANGGANAN GOFOOD PLUS 90 HARI DIKIRA VOUCHER LAINNYA ADA JUGA TAPI MALAH SAMA SEKALI GA ADA VOUCHER LAIN DAN PALING SEBEL DI APLIKASI GOFOOD MILIK ORANG LAIN YG GA LANGGANAN GOFOOD PLUS BANYAK VOUCHERNYA JATOHNYA KALO ORDER MAKANAN LEBIH MURAH YANG GA LANGGANAN GOFOOD PLUS,1,2024-01-10 02:44:30,4.80.4,negative,rating_rule,280
Richard Santoso,Akun gojek saya tidak bisa di buka Dengan keterangan  gojek tidak menanggapi anda ingin keluar dari aplikasi Bagaimana ini gojek Kenapa trouble sudah 3 hari ini Apa solusinya Karena saya masih punya saldo gopay juga Dan selama ini sering pakai go car dan go food Saya tunggu tanggapan nya dan solusi nya,1,2024-01-10 02:43:10,4.80.4,negative,rating_rule,303
Ria Ramadhani,Aplikasi ny mah ok ok aja tapi kurang suka sama Driver ny setelah Sampai tujuan bukanya pergi malah nongkrong dulu depan rumah ngerokok kan ngg enak bngtt dilihatnya mana sambil duduk diatas motor angkat kaki lagiii udh mah badannya bauuu pas naik motornya juga plat no ny beda yg di aplikasi tolong ditingkatkan lagi untuk kebersihan driver,3,2024-01-08 09:42:37,4.80.4,neutral,rating_rule,341
Ai Mulyati,Ini gmna yaaa gopay saya tidk bisa ke buka mana ada saldo nya lagiii udh sy kosongin semua memory juga tolong bantuan nya,1,2024-01-08 09:46:32,4.80.4,negative,rating_rule,121
Aatfitria,penjemputan tepat waktu dan ramah,5,2024-01-10 02:41:57,4.80.4,positive,rating_rule,33
Adnan Fahrurozi,Siip lah,5,2024-01-08 10:11:38,4.80.4,positive,rating_rule,8
Hai,Apk tidak bisa digunakan oleh saya,5,2024-01-10 02:35:53,4.80.4,positive,rating_rule,34
Kazutod Arma,CS nya gercep,5,2024-01-08 10:14:11,4.80.4,positive,rating_rule,13
Riky Adrian18,Sialan udah telat 3 hari denda 50 RBudah w bayar smua tp malah diblokirNyesel w pake Gojek,1,2024-01-08 10:45:10,4.80.4,negative,rating_rule,90
Mariya Dwi,Sangat bermanfaat banyak membantu  Terimakasih Gojek Bintang 5,5,2024-01-10 02:06:08,4.80.4,positive,rating_rule,62
Bp Supriono,Tambah parah sekarang gojek d buka nggak bisa Setiap d buka selalu keluar Padahal sdh d perbaharui tetapi tetap nggak bisa d buka Sdh instal ulang sama saja masih nggak bisa dbuka Tolong perbaiki aplikasinya dong Jd males pake aplikasi ini klau nggak bs d buka percuma d instal klau nggak bs d pakai menuhin memory aj,1,2024-01-10 02:00:46,4.80.4,negative,rating_rule,317
Imman Firmansyah,Tranportasi memuaskan,5,2024-01-10 01:56:08,4.80.4,positive,rating_rule,21
Vlorentina Dewi,Sangat membantu sekali buat yg lagi males gerak kemanamana apalagi kondisi hujan tapi perut laper solusinya ya gofood aja,5,2024-01-08 10:51:23,4.80.4,positive,rating_rule,121
Abet Sembiring,Is easy,5,2024-01-08 09:35:28,4.80.4,positive,rating_rule,7
mukti wibowo,gak bisa kasih bintang 1 ke driver nakal yang sudah nerima orderan tapi gak bergerak dan gak mau bales chattilp juga gak batalkan pesanan jadi kasih bintang 1 nya ke aplikasi saja,1,2024-01-10 02:44:50,4.80.4,negative,rating_rule,179
Suwanto Jambi,juara mantep mas maturnuwun nek Ra enak ngomong bakule nek enak ngomong kancan kancane,5,2024-01-08 09:32:20,4.80.4,positive,rating_rule,86
bopi 1968,gojek toloooolll mau daftar lagi ada penting malah gabisaaa anjiiinnkkkkkkk,1,2023-12-20 21:13:35,4.80.4,negative,rating_rule,75
Lista Marlina,Ah ga jelas pengaduan udah ke smua flatformtetep aja ga ada solusi jawbanya YAAAA MAAFudah segitu doankgojekmengecewakan,1,2024-01-10 04:01:43,4.80.4,negative,rating_rule,120
Virgina Pangestu,Gosend gak guna bgt percuma pilih instant 2 jam di shopee Udh 3 hari paket ga diantar2 Seandainya bisa milih grab express pasti udh milih grab express lebih bertanggung jawab Gak lelet kayak gosend Menyusahkan hidup orang Mana barangnya lagi butuh bgt,1,2024-01-10 03:58:37,4.80.4,negative,rating_rule,251
Nabila Nurul,Mantap bgtt dehh,5,2024-01-08 08:13:20,4.80.4,positive,rating_rule,16
Andrean Ssv,Semakin up grade semakin susah masuk aplikasi sdh coba masuk 5x gagal terus,1,2024-01-10 03:49:49,4.80.4,negative,rating_rule,75
Mr agung prabowo Prabowo,Good  sangat bagus aplikasinya drever jg ramah baik hati,5,2024-01-08 08:35:30,4.80.4,positive,rating_rule,56
Adelia Setyo Palupi,Ini gimana sih gojek minta diperbarui Eh pas diperbarui malah vocherku ilang semua Tau gitu kan gk usab diperbarui Bisabisanya voucher ilang grgr perbaruin nih aplikasi Kecewa banget,5,2024-01-10 03:35:42,4.80.4,positive,rating_rule,182
Radi,Update terbaru blank putih ditampilan awal GA visa ngapa2in,1,2024-01-08 08:50:51,4.80.4,negative,rating_rule,59
Herman AL,Mencoba dan semoga semakin baik dan bermanfaat untuk penggunanya,4,2024-01-08 08:51:11,4.80.4,positive,rating_rule,64
Anggara Hakiki Sirait,Aplikasi sering error jadi susah klo order,1,2024-01-10 03:32:34,4.80.4,negative,rating_rule,42
Bar Mawi,Saya sangat m e m butuh kan,5,2024-01-08 09:28:56,4.80.4,positive,rating_rule,27
Doni Sutisna,Sangat menyenangkan,5,2024-01-08 09:17:25,4.80.4,positive,rating_rule,19
Triana Nurmala Sari,Tambahkan fasilitas video call untuk bantu arahkan driver kalau lokasi tidak sesuai,2,2024-01-10 02:52:47,4.80.4,negative,rating_rule,83
Salzaputri 1819,Banyakin voucher nya wkwk,4,2024-01-08 09:27:50,4.80.4,positive,rating_rule,25
Al hadad MuhammaD Al hadad,Profesional pekerja keras jujur hemat dan bijaksana dlm mengambil keputusan,5,2024-01-10 02:45:33,4.80.4,positive,rating_rule,75
Deffry Mhd,Aplikasi ini paling sempurna   Lanjutkan,5,2024-01-08 10:55:20,4.80.4,positive,rating_rule,40
Robert Ismaya,Promo gofood nya ga bener hp saya harus beli 60rb bri dpt diskon hp pasangan belanja 40rb uda dpt diskon ga jelas beda2 promo nya,1,2024-01-08 11:09:43,4.80.4,negative,rating_rule,129
Isye Makal,Mempermudah transportasi n belanja makanan,4,2024-01-10 04:25:51,4.80.4,positive,rating_rule,42
Indri Ano,W suka heran sama pelanggan gojek suka banget ngasih bintang 1 dengan alasan yg kaga jelas orng udah sopan di bilang kaga sopan tolong hargai driver,2,2024-01-09 23:53:59,4.80.4,negative,rating_rule,148
Arsena Setiabudhi,Tetap berkarya,4,2024-01-09 23:46:03,4.80.4,positive,rating_rule,14
Yanti Yanti,layanan cepat dan menyenangkan,5,2024-01-08 12:06:02,4.80.4,positive,rating_rule,30
Halimah ima siti,setelah 14 menit baru dapat yang ngantar makanan itu jg masih menuju restoran paket yang ada discont untuk go car pasti dapat nya yg jauh al hasil go car nya cancel karena ke jauhan,4,2024-01-09 23:37:32,4.80.4,positive,rating_rule,181
Nunu Nugraha,Lagi laper pesen d sini nunggu lama titik lokasi ke lempar jauh abis itu dateng pesananya dah dingin banget,3,2024-01-08 12:12:47,4.80.4,neutral,rating_rule,107
Farhan Maulana,Gajelas,1,2024-01-08 12:31:23,4.80.4,negative,rating_rule,7
Strike lucky,Top bagus,5,2024-01-08 12:32:37,4.80.4,positive,rating_rule,9
nur asiyah,Cepat aman tepat waktu,5,2024-01-09 23:29:18,4.80.4,positive,rating_rule,22
Farlina ogi,Driver nya baikharga masuk akal,5,2024-01-09 23:27:27,4.80.4,positive,rating_rule,31
Yulia Adhia,Mau kasih saran sama gofood tolong disertakan foto restoran nya juga Kalau pun bisnis rumahan minimal ada spanduk tanda itu bisnis emang serius dan foto makanan WAJIB foto aslinya Hari ini saya kecewa banget beli mille crepes yg udah asam dan mendekati basi Bentuk aslinya jauh dari foto Ini bikin malas beli via gofood jd apps lah yg dirugikan Banyak penjual asalasalan yg ga peduli dengan konsumen gofood harusnya melindungi konsumen dengan syarat resto yg lebih ketat,1,2024-01-08 12:44:22,4.80.4,negative,rating_rule,470
Reza aldiansyah,Server penuh,3,2024-01-09 23:17:48,4.80.4,neutral,rating_rule,12
sigit redwiessapta,Aneh pembayaran saya lancar tapi sekarang limit saya tidak bisa di gunakan,2,2024-01-09 22:37:20,4.80.4,negative,rating_rule,74
Hendri Wahyuni,Sat set cepet,5,2024-01-08 12:58:58,4.80.4,positive,rating_rule,13
Jadi Suyakto,Terima kasih Gojek,5,2024-01-09 22:35:11,4.80.4,positive,rating_rule,18
mansyur Sah,Parah gojek udah langganan gratis ongkir 3 bulan eh ga dikasih promo sama sekali  jadi pelanggan ga bisa belanja parah parah parah,1,2024-01-08 12:59:51,4.80.4,negative,rating_rule,130
Den Bagus Ramadhan,Sangat membantu dan keren,5,2024-01-09 21:54:00,4.80.4,positive,rating_rule,25
Komaru Sofar,Terlalu lama respon dalam pengembalian transaksi yg gagal,1,2024-01-08 12:00:05,4.80.4,negative,rating_rule,57
MR. CHAN,Sungguh kecewa paylater saya di blokir cuma telat beberapa jam bayarpadahal history saya selalu bagus dari awal sudah lebih dari 2 tahun pakai gopay later,2,2024-01-08 11:13:09,4.80.4,negative,rating_rule,154
Stylla Art,Jangan pada download apk ini dah percuma nyesel sudah sering bepergian pake gojek tpi ngga ada feed back dri pihak gojek untuk mengaktifkan fitur gopaylater kecewa saya,1,2024-01-10 01:02:22,4.80.4,negative,rating_rule,168
Anik Indriani,pelayanan oc dan tingkatkan lagi promo2nya biar lebih sering go foodnya dan mksh buat promonya awalnya cuma iseng g taunya dapat promo beneran jadi Doble senengnya,5,2024-01-08 11:10:37,4.80.4,positive,rating_rule,163
Orang Perimitif,saya kasih bintang 4 dulu baru pertama kali pake soalnya,4,2024-01-10 01:00:51,4.80.4,positive,rating_rule,56
Marsha Lin,KASIH BINTANG 2 KE GOJEK KARENA MULAI RADA MALES PAKAINYA 1 JALAU DPT DRIVER SELALU POSISINYA JAUH2 2 BEBERAPA KALI MENUNGGU LAMA BANGET SAMPAI CANCEL KARENA GA DAPET DRIVER GOCAR DISAAT HUJAN SISTEMNYA BAGAIMANA YA ITU SELALU DPT DRIVER POSISI JAUH2 DR LOKASI PENJEMPUTAN WASTING TIME,2,2024-01-10 00:57:10,4.80.4,negative,rating_rule,285
Jefri Maulana,Saya beli paketan di gojek knpa skrng jsdi begini uang di tarik paketannya tidak masuk disitu ditulis di refund tapi belom balik pas awal langsung di balikin pas di coba lagi knpa ga di balik balikin ya,1,2024-01-08 11:11:40,4.80.4,negative,rating_rule,202
Rahel Oktaria,Saya pesan gocar tidak dapat dapat driver saya jadinya terlambat saya kecewa dengan gojek,1,2024-01-10 00:38:54,4.80.4,negative,rating_rule,89
Muhamad Fadil,Driver di apk ini kek ga butuh duit lama banget dapet driver malah sering banget di cancel ama driver nya Sekalinya dapet lama gerak atau jemput nya Mendingan pake apk sebelah aja,3,2024-01-08 11:12:08,4.80.4,neutral,rating_rule,179
Sarwan Erwan (Apen),Terima kasih Bagus pokonya,5,2024-01-10 00:15:10,4.80.4,positive,rating_rule,26
Sekar Kirana,Kebanyakan eror kirim gosend,1,2024-01-08 11:51:39,4.80.4,negative,rating_rule,28
Ade Fatimah,Gopay pinjm dan gopay later tau tau d blokirpdhl tdk pernh telat bayar,2,2024-01-08 11:20:54,4.80.4,negative,rating_rule,70
Fathur rosi,sangat membantu dalam perjalanan,5,2024-01-08 11:28:42,4.80.4,positive,rating_rule,32
Irgi Fbn,Sangat berguna banget untuk saya yang males ngemudi,5,2024-01-08 11:30:24,4.80.4,positive,rating_rule,51
Yuni Komala sari,keterangan tidak sesuai saldo sudah di refund belum masuk di akun saya  sudah 3 kali saya mengajukan klaim tapi tidak ada proses tindaklanjuti dari pihak gopay,1,2023-12-20 18:36:09,4.80.4,negative,rating_rule,159
Wawan Sniper,MNtap,5,2024-01-08 11:49:46,4.80.4,positive,rating_rule,5
is isam,Sekarang susah mau pesan go ride pagi hari selalu saja driver pada sibuk Dah malas pakek Gojek,1,2024-01-10 00:00:03,4.80.4,negative,rating_rule,94
Riukætshuu Design,Upgrade gopayleter malah versi sekarg malah gak bisa dipakai Padahal sebelum upgrade lancar dan gak ada masalah Kenapa min,5,2024-01-10 04:20:11,4.80.4,positive,rating_rule,122
Ahmad Zarqowi (Penikmat Sederhana),Aplikasi yang sangat membantu dan menjangkau hingga kota2 kecil,5,2024-01-08 08:06:58,4.80.4,positive,rating_rule,63
Daviq Rahman,okokokok,5,2024-01-10 10:29:05,4.80.4,positive,rating_rule,8
Poniman lar,Sangat membantu dlm perjalanan,5,2024-01-08 03:47:55,4.80.4,positive,rating_rule,30
Anwar Ardi,Aplikasinya mantap dan lengka Sangat membantu,5,2023-12-21 00:44:34,4.80.4,positive,rating_rule,45
Bayu Triyono,FblUlf kk dengan llFc kk lal kk PP ko l lll lwlalaHw oke lalafw ok Lo kk l lll l Olla o kolom l lll km kk l Olla,4,2024-01-10 08:33:47,4.80.4,positive,rating_rule,112
Futuwatul Orizasativa,Kereeeeen aplikasi nya,5,2024-01-08 04:02:52,4.80.4,positive,rating_rule,22
Fauzi,Aplikasi yang banyak manfaat nya tetap pertahankan pelanggan yang benar benar setia dan taat aturan kroscek dulu sebelum memblokir segala pelayanan di aplikasi gojek pelanggan yang setia,5,2024-01-10 08:11:55,4.80.4,positive,rating_rule,186
Gerardo Mayella,Aplikasi nya bagus dan bergunw,5,2024-01-08 04:04:05,4.80.4,positive,rating_rule,30
Sawer Rewel,okkk,5,2024-01-08 04:07:53,4.80.4,positive,rating_rule,4
DK85_,Aplikasi tidak jelas  masuk berkali kali selalu gagal  botek,1,2024-01-08 04:34:21,4.80.4,negative,rating_rule,60
Reny Sang,Map dan info nama2 tempat banyak yg error  juga foto2 pendukungnya  Ini menyulitkan pengguna dlm menyusun order,3,2024-01-10 08:11:45,4.80.4,neutral,rating_rule,111
Muhammad Ihsan karmedi,Gojek sangat membantu,5,2023-12-21 00:19:42,4.80.4,positive,rating_rule,21
Anwar Mulyadi,min tolong tambahin metode pembayaran ovo padahal gojek bagus tpi gaada ovo nya,3,2024-01-08 04:52:25,4.80.4,neutral,rating_rule,79
Wira Novan Maulana,mempermudah kita dalam hal apapun,5,2024-01-08 04:54:27,4.80.4,positive,rating_rule,33
Ilham Prasetia,kadang error kadang ngga,5,2024-01-10 07:47:51,4.80.4,positive,rating_rule,24
deby yuniar,Gojek please update your sistem Kalau driver sedang mengantar penumpang knp bs pick up orderan penumpang lain Bikin repot Sudah setengah jam menunggu dan bersabar krna driver hrs menurunkan penumpang terlebih dahulu Lalu dengan seenaknya orderan saya di cancel sebelah pihak Uda sering kecewa sama aplikasi ini dan skrg fix uninstall dan pindah ke aplikasi lain Thanks,1,2024-01-08 05:10:30,4.80.4,negative,rating_rule,368
Erwin Hermiyana,Pelayanan gojek sangat optimal,5,2024-01-10 07:34:55,4.80.4,positive,rating_rule,30
Abcdefghijklmnopqrstuvwxyz,Nyari driver gocar sulit banget pada hal di sekitar ada driver yang lagi standby apakah dia di gaguin akun nya Jahat sekali menutup orderan untuk driver itu pada hal saya mau orderjd gak jadi dech karena kelamaan dapat driver,1,2024-01-10 08:35:29,4.80.4,negative,rating_rule,225
Sobari Sobari,Ongkosnya mkin mahal beban buat customer buasanya 10 rb jadi 16 rb drivernya dptnya kecil kasia kadang,1,2024-01-10 08:45:46,4.80.4,negative,rating_rule,102
jelajah nusantara,Ak kasih bintang 2 aja ya Karna saya kecewa beratkemaren sy transaksi dibatalkan Terus ada tulisan  KAMI UDAH REFUND UANGMU tpi nyatanya sampai detik ini saldo ak belum juga balik Masak balikin saldo milik cust aja butuh berharipadahal saldo mau ak buat transaksi lagiwaktunya pindah ke aplikasi seblah nih kayaknya bye gopay,1,2024-01-10 08:46:03,4.80.4,negative,rating_rule,325
Fathulia Fahmatina,Selalu pak aplikasi ini kalau butuh apapun tapi tarifnya kenapa semakin melejit,5,2024-01-10 09:40:42,4.80.4,positive,rating_rule,79
ADINDA NURLITA,Selalu pke gojek sih,5,2024-01-10 09:59:58,4.80.4,positive,rating_rule,20
Nursiah Ciah,Semoga bermanfaat bagi masyarakat umum,5,2024-01-10 09:56:16,4.80.4,positive,rating_rule,38
Sisma Setiawan,Sangat membantu sih kurang nya tuh 1 jarang dapet diskon padahal sering banget pke aplikasi gojeg ongkos ny suka lebih mahal kalo dapet diskon pun cuma rp 1000tapi aku ttep setia pake aplikasi gojeg sllu klo mau pergi kmn,4,2024-01-08 02:10:13,4.80.4,positive,rating_rule,221
Siti Nur Saidah,Sangat membantu dlm perjalanan saya ketika tdk ada org rumah yg ngantar,5,2024-01-10 09:47:41,4.80.4,positive,rating_rule,71
Muhammad Bintang Ramadhan,Mantaps snagat membantu berpergian,5,2024-01-08 02:25:23,4.80.4,positive,rating_rule,34
farida aprilianna,Alhamdulillah aplikasi yg membantu,5,2024-01-08 02:38:02,4.80.4,positive,rating_rule,34
Asri Yuhu,Membantu transfortasi lebih baik,5,2024-01-10 09:43:02,4.80.4,positive,rating_rule,32
Satria Piningit,Makin kesini makin gmn y Makin ga karuan Sistem membingungkan Argo murah orderan anyeb,4,2024-01-10 09:09:07,4.80.4,positive,rating_rule,86
junedi danita,Cepat akurat baik,5,2024-01-10 09:04:21,4.80.4,positive,rating_rule,17
Nanda Bagus,Kecewa sama gojek nambahin kontak gojek di hp saya sampai ribuan bikin lag,1,2023-12-21 01:35:02,4.80.4,negative,rating_rule,74
De Ardila,Gak sesuai sya pesan berger komplit yg dtg berger telur Kurang memuaskan Malah udah sya byr lgi,1,2024-01-08 03:12:02,4.80.4,negative,rating_rule,95
jangkrik ireng,Selalu bayar aneh nya kok di blokir ya Gopay later sy Gk jelazzzz deh Laporan suruh nunggu 30 hari kedepan Sorrryyy Yeeeee,1,2024-01-10 09:00:08,4.80.4,negative,rating_rule,122
Iyus Yusnita,Gojek sangat membantu bila saat diperlukan apliksiny bagus,5,2024-01-08 03:21:57,4.80.4,positive,rating_rule,58
neneng tutiana,driver nya sabar,5,2024-01-08 03:26:44,4.80.4,positive,rating_rule,16
nurul ma'nun,Dari dulu pake gojek oke sih Cuma sayang kalo untuk gosend sameday lamaa bgt nunggunya,4,2024-01-10 07:34:06,4.80.4,positive,rating_rule,86
Asep Cepot,Gopay later saya knp di blokir padahal gada tunggakan dan bayar tepat waktu,1,2024-01-10 07:32:08,4.80.4,negative,rating_rule,75
Lisa Maryana,Harga gojek di customer mahal Tapi nyampe ke driver kecil driver dijln nganterin kita sambil ngedumelalhasil driver nganterin kita Kya gk niat nganterin padahal kita jelas jelas bayar loh,1,2024-01-08 05:29:08,4.80.4,negative,rating_rule,187
Sharry Nurvelisa,Cukup puas dg aplikasinya,5,2024-01-10 05:24:21,4.80.4,positive,rating_rule,25
Celly Bayu Lestari,Sangat memuaskan dan sangat membantu,5,2024-01-08 06:45:15,4.80.4,positive,rating_rule,36
Purnomo Nomo,Terlalu jumawahsetinggi2 terbang pasti akan jatuh,1,2024-01-10 05:20:25,4.80.4,negative,rating_rule,49
Kiki Wahyu,Mantap kk,5,2024-01-08 06:57:36,4.80.4,positive,rating_rule,9
Rohyati Pranium,Niat baik bayar paylater gopaypas udah bayar langsung diblokir tanpa ada pemberitahuanaplikasi anak bangsa tanpa etika,1,2024-01-08 07:08:22,4.80.4,negative,rating_rule,118
Amar Mukhdori,Mau Upgrade Gopay Plus gagal  EKtp tidak sesuai dengan Dukcapil Laporan ke Dukcapil Ektp Sudah sesuai Gimana tuh,4,2024-01-08 07:16:07,4.80.4,positive,rating_rule,112
Syahril Nasrullah,okee bangettt tapi BANYAKIN PROMO GOFOOD DONG MIN AGH,5,2024-01-10 04:49:42,4.80.4,positive,rating_rule,53
Abdul Hapid,pelayanannya bagus,5,2024-01-10 04:48:10,4.80.4,positive,rating_rule,18
Aldy Sumasa,Kenapa GoPaylater tidak bisa di gunakan untuk beli Pulsa Sudah tidak seperti dulu lagi Parah Gojek,1,2024-01-10 04:38:59,4.80.4,negative,rating_rule,98
Ra Juki,Sip ok cocok utk transportasi online,5,2024-01-08 07:26:54,4.80.4,positive,rating_rule,36
Xstar game,Yos,5,2024-01-08 07:37:14,4.80.4,positive,rating_rule,3
Imah Imah,kasih segini dulu biasa nya Susah,3,2024-01-08 07:37:45,4.80.4,neutral,rating_rule,33
Reni Sri Mardiani,produk lokal kita,5,2024-01-08 07:53:41,4.80.4,positive,rating_rule,17
Si Mamet,Tingkatkan terus kualitas nya,5,2024-01-08 08:00:38,4.80.4,positive,rating_rule,29
MUHAMAD PRANJI,Sangat baik cepat intinya bintang yg berbicara Trimakasih sudah banyak membantu,5,2023-12-20 22:48:35,4.80.4,positive,rating_rule,79
Alfin Vino,L familiar,5,2024-01-10 05:57:40,4.80.4,positive,rating_rule,10
Emilia Lia,Knp aplikasi gojek saya kl di klik kog log out sndr,4,2024-01-08 05:39:35,4.80.4,positive,rating_rule,51
Budi Siswanto,Keten mudah murah,5,2024-01-08 05:33:18,4.80.4,positive,rating_rule,17
anggita fitri,voucher ilang mulu ngga jlsmana udh langganan tp tetep aja gitucs lemot,1,2024-01-10 07:07:52,4.80.4,negative,rating_rule,71
lutfi taufik,Mantap gan banyak promo,5,2024-01-10 07:05:02,4.80.4,positive,rating_rule,23
Celsi Nr,Rian celll 1 Ferna kuota 12k 2bapa memet 25k80 3t dian front vcr 23k 4t atin pulsa 23k 5t sulis vcr 13k 6t reni vcr 20k 7ibu vcr 12WaA,1,2024-01-10 06:31:30,4.80.4,negative,rating_rule,134
Ardi Setiawan,Mohon maaf mengapa saya baru instal aplikasi ini tapi susah klo buka aplikasinunggu lama,1,2024-01-08 05:44:26,4.80.4,negative,rating_rule,88
Umi Afaniz17,Terimakasih jgn lupa pilpres pilih no 1 untuk perubahan Indonesia,5,2024-01-08 05:45:03,4.80.4,positive,rating_rule,65
Scorpio,Aplikasi ini sangat buruk sekali baru di download malah ga bisa dibuka aplikasinya sangat parah untuk yang keadaan lapar mau pesan go food sangat tidak direkomendasikan pakai aplikasi ini yang ada malah buat emosi ngabisin kuota aja buat downloadnya akhh,1,2024-01-08 06:20:26,4.80.4,negative,rating_rule,254
Melvin Clement,Mantap wal,5,2024-01-10 06:19:16,4.80.4,positive,rating_rule,10
Riffaoy Gg,Bagus untuk isian epep,5,2024-01-08 06:25:33,4.80.4,positive,rating_rule,22
Arhady Efendy,Driver ramah aplikasi terbaik,5,2024-01-10 06:05:33,4.80.4,positive,rating_rule,29
gita suciyati,Tolong kasih tahu dong klo tibatiba gopaylater gak bisa dipake biar kita enggak bertanyatanya dan bisa introspeksi Gopaylater aktif lagi juga kan ada notifnya Betewe makasih banget loh fasilitas gopaylater ini membantu saya banget Udah ditambahin ya bintangnya klo tidak ada kendala next saya kasih bintang 5 lagi,3,2024-01-09 21:29:27,4.80.4,neutral,rating_rule,313
Lamtorang Bakara,Bagus sekali membantu,5,2024-01-09 02:52:03,4.80.4,positive,rating_rule,21
Atikah S. Munadi,Pokoknya Gojek TOP BGT dah,5,2024-01-09 02:53:55,4.80.4,positive,rating_rule,26
Dhafitha Roesliandy,Terima kasih sudah mengantarkan dgn baik,5,2024-01-09 03:01:59,4.80.4,positive,rating_rule,40
Rizky Ramdhani,Lama tolol lagi penting ga bisa bantu,1,2024-01-09 10:03:23,4.80.4,negative,rating_rule,37
nur azizah,Crash teruss keluar aplikasi terus sebelum masuk padahal jaringan internet tidak ada masalah,2,2024-01-09 09:57:15,4.80.4,negative,rating_rule,92
Carang Sewu,Tantangan hidup lebih berat,5,2024-01-09 03:10:59,4.80.4,positive,rating_rule,27
Edo Widiat,Aplikasi buruk  erar eror terus Payahh costomermu pindah semua jek kalok begini Sekarang pesan lama  lebih baik shopee food cepat harga kurang lebih sama,1,2024-01-09 03:15:42,4.80.4,negative,rating_rule,153
Agung Purnomo,Saya menggunakan gopay terus saya isi 900 kok paginya tiba2 hilang kak mohon bantuanya,1,2024-01-09 09:47:28,4.80.4,negative,rating_rule,86
Endangyunani Yunani,Saya sangat senang,5,2024-01-09 03:27:33,4.80.4,positive,rating_rule,18
bu set,Kasih promo terus dong buat saya hasil promo nya bukan buat saya pribadi kok saya kembalikan buat tips driver,5,2024-01-09 09:43:34,4.80.4,positive,rating_rule,109
Gede Partha,Very helpfull,5,2024-01-09 03:29:00,4.80.4,positive,rating_rule,13
Robby Prasuma,Gak ada masalah,5,2024-01-09 03:49:02,4.80.4,positive,rating_rule,15
tedy asensio,bener bener mafia gojekk Payletter 1 hari telat denda 50rb woii Tagihan gak seberapa denda nya luar biasaaa Bener bener bikin sesak dada,1,2024-01-09 09:37:15,4.80.4,negative,rating_rule,136
Tubagus Iman Saefurachman,is ok,5,2024-01-09 02:34:49,4.80.4,positive,rating_rule,5
cantiqa ayu kenanga,Oke jos,5,2023-12-20 16:10:41,4.80.4,positive,rating_rule,7
Firda Aryani,Mau buka apk nya aja susah sekali padahal sudah update ke versi terbaru Selalu tiba2 keluar ke beranda Kenapa ya,1,2024-01-09 10:37:21,4.80.4,negative,rating_rule,112
lilian shop,Apaan giliran udah berlangganan diskon ongkir tp ga dikasih promo diskon gofoodnya,3,2024-01-09 01:04:48,4.80.4,neutral,rating_rule,82
Angga Praditya,Membantu dlm hidup,5,2024-01-09 01:13:53,4.80.4,positive,rating_rule,18
Ninja Ninfi,Pay leter gagal mulu,1,2024-01-09 10:37:04,4.80.4,negative,rating_rule,20
76_Nadine mutiara,mapsnya gak banget diarahin ke yang jauh padahal ada jalan yg lebih dekat gapaham juga kenapa harus dijauhjauhin,4,2024-01-09 10:35:19,4.80.4,positive,rating_rule,112
Haikal harahap Haikal,Gojeknya susah dibuka tolong dong di perbaiki say mau pesan rada susH,3,2024-01-09 01:26:33,4.80.4,neutral,rating_rule,69
Heri Sajani,Tepat waktunya,5,2024-01-11 13:34:50,4.80.4,positive,rating_rule,14
Lisaa,Kecewa banget dengan gojek Gopaylaterku dibekukan hanya karna telat bayar Bahkan setelah saya membayar denda berkali2 dan pada akhirnya tagihan gopayku sdh kulunasi akun gopaylaterku tetap aja dibekukan Bahkan gak hanya itu saya bahkan gak bisa complain dan terhubung dengan admin gojek Padahal saya sudah lama menggunakan akun gojek dan hanya 1 app ini yg saya gunakan Tapi tak apa msh ada ojol lain like shopee yg lebih bagus pelayanannya dan lebih banyak promonya,1,2024-01-09 01:36:53,4.80.4,negative,rating_rule,466
M.raditya Adit,Saya kecewa dengan layanan gojek untuk menemukan Driver sangat sulit terutama untuk penggunaan Goride bisa 1 jam untuk menunggu saya harap gojek bisa memperbaiki masalah tersebut untuk cepat mendapatkan driver,2,2024-01-09 10:26:58,4.80.4,negative,rating_rule,209
Halit Ismail,Bagus memuaskan,5,2024-01-09 02:08:09,4.80.4,positive,rating_rule,15
Aulia Azzahra,Aplikasinya sangat mmbantu,4,2024-01-09 03:53:06,4.80.4,positive,rating_rule,26
Rayyan,Akun sudah lama voucher sekarang gak ada  masak dikasih potongan voucher gofood 10rb dengan minimal beli 300ribu  padahal rata2 orderan gofood saya dibawah 100rbnanti voucher diperpanjang terus masa berlakunya sampai berbulan bulandan saya menggunakan gopaylater baru sekali telat bayar  cuma telat 2 hari dari jatuh tempo terus saya lunasihabis itu langsung gopaylater saya dibekukandan gak bisa aktifterus lapor ke CS alasannya berbelit Belitgak to the point ajarespon juga lama,1,2023-12-20 15:32:29,4.80.4,negative,rating_rule,480
sadarajab solle,Lumayan rasa  harganya,4,2024-01-09 08:25:05,4.80.4,positive,rating_rule,22
febriantii dina,Tolong kembalikan gotix,1,2024-01-09 08:12:49,4.80.4,negative,rating_rule,23
Bondal official,Gojek kenapa ini Sering crash keluar tiba2 Saya jadi sering terlambat kerja hanya karena susah buka aplikasinya,1,2024-01-09 08:09:48,4.80.4,negative,rating_rule,111
Nadlif Zunaidi,Sangat membantu saat dibutuhkan,5,2024-01-09 06:11:31,4.80.4,positive,rating_rule,31
Ratna Sari dewi,baru pakai gojek lagi lumayan banyak diskonlayanan cepat pertahankan terus ya,5,2024-01-09 06:16:29,4.80.4,positive,rating_rule,77
Titin Titin,Ahh parah sistem gojek sekarang paylatera dendaan udah kaya pinjol ilegal ga senyaman dulu perhari 2rb balik ke sisitem dulu jgn jd pinjol ilegal udah punya nama,1,2024-01-09 06:23:11,4.80.4,negative,rating_rule,161
Brilianto Nugroho,Mantap pokok nya kebantu bgt deh,5,2024-01-09 06:36:00,4.80.4,positive,rating_rule,32
Ncie Bolocie,Selaing flexibel banyak cashback dan promo nya,5,2024-01-09 07:51:59,4.80.4,positive,rating_rule,46
Idris Didit,Sebenarnya tdk perlu ada fitur menelpon ke driver krn tdk berguna Suara panggilan tdk jelas juga Ini aplikasi betul betul sampah Lelet dan sering ada notifikasi mengganggu,1,2024-01-09 06:58:52,4.80.4,negative,rating_rule,171
Acong Poppies,Makin lama malah kek kntol,1,2024-01-09 07:12:42,4.80.4,negative,rating_rule,26
17 Gregorius Senandung Bayu Heryanto baru,Ini kenapa gopay sekarang harus upgrade ke gopay plus klo yang masih 13 tahun gimana kalo mau transaksi kan blm punya KTP malah mempersulit transaksi,2,2024-01-09 07:41:06,4.80.4,negative,rating_rule,149
4nt 88,Makin lama pengiriman makin lambat dan ongkir makin mahalgak sesuai dengan layanan,1,2024-01-09 07:24:54,4.80.4,negative,rating_rule,82
Anis Setyawan,Ok deh,5,2024-01-09 06:00:07,4.80.4,positive,rating_rule,6
Endang Lestariningsih,Kerren,5,2024-01-09 05:45:28,4.80.4,positive,rating_rule,6
Yoego Soemarto,Sangat membantu di saat di butuhkan tapi admin top up gapay nya kuranginlah jangan 2000,4,2024-01-09 05:24:01,4.80.4,positive,rating_rule,87
Kian Santang,Saya sudah pindah pakai aplikasi sebelah karna tidak tega lihat driver gojek nganter jauh jauh sama ujan ujanan hanya di bayar 5000sedangkan saya sudah bayar ongkir ke gojek mahal,1,2024-01-09 04:30:46,4.80.4,negative,rating_rule,179
Upin Ipin,Lagi susah buka aplikasi gojek,1,2024-01-09 04:03:45,4.80.4,negative,rating_rule,30
Yoko Sadewa,Jadi lebih aman dan nyaman saat bersama driver nya ramahcepat dan nyaman terimakasih yaa gojek,5,2024-01-09 09:11:58,4.80.4,positive,rating_rule,94
Google Id,Nice jobs,5,2024-01-09 09:04:15,4.80.4,positive,rating_rule,9
Noviandhy Geloed,Dedicated,5,2024-01-09 08:52:20,4.80.4,positive,rating_rule,9
syah ril,sangat membantu sekali untuk saat2 sulit maupun suasana biasa terimakasih gojek,5,2024-01-09 08:50:12,4.80.4,positive,rating_rule,79
Oki Yuliyanto,Semakin lama kenapa jadi semakin mahal ya,2,2024-01-09 04:33:46,4.80.4,negative,rating_rule,41
Percetakanmurah Bali,Hidup gojek,5,2024-01-09 08:28:32,4.80.4,positive,rating_rule,11
Hary Anto,Membatu sekali,5,2024-01-09 04:44:42,4.80.4,positive,rating_rule,14
Edhy Side,Upgrade peta nya dong ada titik yg blm terdeteksi bila di bandingkan app sebelah Masa maps dan aplikasi sebelah lbh update ttg lokasi di Indonesia drpd aplikasi bangsa sendiri,4,2024-01-09 04:50:35,4.80.4,positive,rating_rule,175
Nurhasanah BeKa,harganya makin mahal Sama seperti ojek pangkalan Pake gopay jg sama mahalnya,5,2024-01-09 08:42:54,4.80.4,positive,rating_rule,76
andi jaki lukman,makin kesini promo promo makin dikit sy udh ga pake kode 3 minggu masa note nya voucher udah habis,1,2024-01-09 08:38:58,4.80.4,negative,rating_rule,98
Adelard,Fitur go pay later tiba2 non aktif gk bisa dipakai tanpa konfirmasi padahal saya pembayaran lancar tidak pernah terlambatbegitu juga fitur go pinjam sudah lunas tapi gk bisa mengajukan lagi aneh,1,2024-01-09 05:15:30,4.80.4,negative,rating_rule,194
Aris Sanggina,Ini aplikasi knp sih gabisa masuk trs padahal sinyal bagus oke buka aplikasi lain lancar2 saja giliran gojek ko eror mulu Yg tadinya terbiasa pake gojek jd beralih ke grab gara2 aplikasi tidak bisa masuk Hadeh,1,2024-01-09 05:21:19,4.80.4,negative,rating_rule,209
Puspita Sari,Maaf tak kurangi bintangnya karena semakin kesini voucher promo ngga ada,2,2024-01-09 00:54:55,4.80.4,negative,rating_rule,72
Rama Hardiyanto,Sangat buruk Memblokir pengguna gopaylater dengan alasan indikasi aktivitas tidak wajar Alasan gajelas Dan tidak memberikan solusinya hanya menambah beban hidup saya Gara2 pemblokiran ini saya tidak makan dan minum selama sebulan Alasan konyol pihak gopaylater menuduh akun saya indikasi aktivitas tidak wajar Omong kosong apa itu Bilang aja mau korupsi uang kan  Dasar penjahat,1,2024-01-09 10:39:33,4.80.4,negative,rating_rule,378
Qonaah Okta,Dr dulu pakainya gojeksemoga promonya makin mantap lagi,5,2024-01-09 00:23:25,4.80.4,positive,rating_rule,55
ppip uksla,Aplikasi sangat membanggakan lapangan pkerjaan juga,5,2024-01-08 14:48:36,4.80.4,positive,rating_rule,51
Muhammad Andri2205,Terimakasih tolong draver sering gantung orderan di tidak lanjuti pak,5,2024-01-08 14:49:07,4.80.4,positive,rating_rule,69
Syaiful Hidayat,Tadi pagi saya beli pulsa untuk nomor anak saya notifnya berhasil tapi sampai mlm ini pulsanya blm masuk mohon penjelasannya mksh,3,2024-01-09 14:05:01,4.80.4,neutral,rating_rule,129
Risda Anggraini,Mohon maaf untuk aplikasi gojek  mungkin khusus untuk goride nya lebih baik di berikan pilihan bobot kendaraan yg bisa menyesuaikan dengan berat badan customer nya  jadi nnti pada saat driver dengan kapasitas motor yg kecil lalu dpt penumpang dengan berat badan extra tidak sama sama sampai menyulitkan satu sama lainnya  tolong di perbaiki khusus mitra goride nya,3,2024-01-09 14:02:59,4.80.4,neutral,rating_rule,364
Diana Sari,Aplikasi tdak ada gunanya akun terblokir aja ada saldonya110 tidak bisa dipulihkan,1,2024-01-08 15:27:54,4.80.4,negative,rating_rule,82
bahiyahcahyadi hz,Gojeg penangannya slalu kurang baik dan profesional cara penanganannya terutama drivernya dioper oper orderannya,1,2024-01-08 15:43:18,4.80.4,negative,rating_rule,112
Fernandi Yoki,mempermudah keperluan,5,2024-01-08 16:17:55,4.80.4,positive,rating_rule,21
Dapur Ciem,PERCUMA CHAT KENDALA YANG DI ALAMI DI HALAMAN BANTUANYANG MERESPON HANYA BOT TIDAK LAYAK DIKASIH BINTANG 5,1,2024-01-09 14:02:03,4.80.4,negative,rating_rule,106
H Win,Tolong jangan ubah bahasa ke bahasa inggris setiap kali update jangan juga sedot gopay coin saat gunakan gosend tunai mengakibatkan gopay coin hilang,1,2024-01-09 14:00:43,4.80.4,negative,rating_rule,149
Nasrul Latif,Aplikasi lemot berat banget buka nya,5,2024-01-08 16:32:17,4.80.4,positive,rating_rule,36
Riansyah Riansyah,Ribet apk lu bro,1,2024-01-08 16:34:33,4.80.4,negative,rating_rule,16
Putu Ardana,Gojek kami nggak bisa pakek,5,2024-01-09 13:13:14,4.80.4,positive,rating_rule,27
Ine Octaviani,Sumpah gojek sekarang makin lemot banget status pengiriman gada aplikasi sering lemot tau tau malah keluar sendiri sumpah makin lemot parah Tolong perbaiki masalahnya,3,2024-01-08 16:45:40,4.80.4,neutral,rating_rule,166
Agung Ruswiyanti,Solusi saat malas masak,5,2024-01-09 13:04:54,4.80.4,positive,rating_rule,23
Gersana Geka,Semua jdi mudah krn ada gojek,5,2024-01-08 16:50:33,4.80.4,positive,rating_rule,29
Anak kampung,Transaksi dibatalkan katanya sudah di refund saldonya dan gak di potong saldony tapi di potong saldong dan belum masuktolong pelayananya di tingkatin lagi,2,2024-01-09 15:25:49,4.80.4,negative,rating_rule,154
Zaenudin Zaenudin,Gojek memang luar biasa,5,2024-01-08 14:48:04,4.80.4,positive,rating_rule,23
Wantie Khozin,Gofood nyebelin skrg g ada voucher gratis ongkirBeli makan g seberapa mahal diongkosnya,1,2024-01-08 14:42:51,4.80.4,negative,rating_rule,87
budi setiawan,Aplikasi gojek paling mahal tarip nya dari aplikasi lain ny apa lagi di waktu hujan dan malam bisa 2x lipat ongkosnya beda sama aplikasi sebelah tetap konsisten dengan tarif ny sungguh mencekik ongkos gojek,1,2024-01-09 18:34:18,4.80.4,negative,rating_rule,206
Tri Wulan,Akhir2 susah dibuka,3,2024-01-08 13:08:05,4.80.4,neutral,rating_rule,19
Tiyorini Lavo,Mengatasi rasa lapar,5,2024-01-08 13:29:30,4.80.4,positive,rating_rule,20
Kanda Prabu,Aplikasi bagus banget,5,2024-01-09 20:24:13,4.80.4,positive,rating_rule,21
Jefrie Irawan,Sangat membantuh,5,2024-01-09 17:40:23,4.80.4,positive,rating_rule,16
Bottom G,Drivernya baik,5,2024-01-09 15:44:27,4.80.4,positive,rating_rule,14
Nahru Boelu,Ubah sistem nya jgn driver jauh dikasihcustamer butuh waktu singkat  Sistem ny ko tambah parahhh,1,2024-01-09 16:54:42,4.80.4,negative,rating_rule,96
M.Bagas Aditya,Gojek taiii bilangin sama driver klo ujan ituu gausahh alesann taiiii,1,2024-01-08 13:43:13,4.80.4,negative,rating_rule,69
Yanty mozzaRt,payah fitur gopay pinjam setelah dibayar tidak bisa digunakan kembali padahal pembayaran tepat waktu,1,2024-01-09 16:05:56,4.80.4,negative,rating_rule,100
Hafizah Daniya Sopian,Aku males banget ada gojek dikit dikit iklan,1,2024-01-08 13:55:22,4.80.4,negative,rating_rule,44
MIE YAMIN BAKSO ARJUNA RASA ARJUNA RASA,thanks good luck the people in enjoy every time,5,2024-01-08 14:13:48,4.80.4,positive,rating_rule,47
Abdul Rohman,Perbaiki noh sistem gofood udh nunggu lama di cancel Mulu sama driver nya sekalinya dapat driver mageran padahal belum di titik bilangnya udh di titik ga mau beranjak dari situ sama sekali kalau ga niat bikin jasa antar makanan tutup aja org lapar dibuat emosi,2,2024-01-08 14:23:49,4.80.4,negative,rating_rule,260
pad N,Yezz,5,2024-01-08 17:00:21,4.80.4,positive,rating_rule,4
Syam,Sangat sangat membantu,5,2024-01-09 12:48:42,4.80.4,positive,rating_rule,22
sisbrianto wijaya guntar,So far baik dan membantu,5,2024-01-08 23:24:52,4.80.4,positive,rating_rule,24
Norman Syah,health,5,2024-01-08 20:37:59,4.80.4,positive,rating_rule,6
Apihh Lili,Di jam2 sibuk tetap cepat respon dan diharapkan ada jawaban kalau setelah 5 menit para driver  tidak merespon,5,2024-01-09 11:52:13,4.80.4,positive,rating_rule,109
MOKHAMAD KHOIRUL SAIFUDIN,Baik cepet driver nya,5,2024-01-08 21:33:11,4.80.4,positive,rating_rule,21
Eva Parasanti,kenapa skrng gopaylater dendanya mahal yaa telat sehari aja 50K  pakai ga seberapa denda nya ampe 50kklo hitungan denda mana ada denda lebih dari 10 dari pemakaian terlalu besar nih dendanya,2,2024-01-08 23:21:34,4.80.4,negative,rating_rule,190
Nazriel Azriel,Aplikasi rusakkkkk,1,2024-01-09 11:57:33,4.80.4,negative,rating_rule,18
Toni Priyadi,Tolong diperbaikikita pesen goridegocar itu pngen cpttp mlh dikasih driver yg jauhpdhal terdekate ada drivertolong diberbaiki dong,1,2024-01-08 23:30:22,4.80.4,negative,rating_rule,130
Hamdani M. Sodik,Gojek gini amat sekarang ma muter susah,1,2023-12-20 14:31:25,4.80.4,negative,rating_rule,39
Caliya Devika,sebenernya bagus sih aplikasinya lumayan serba guna jugacuma pernah bbrp kali ada pengalaman yg bener gaenak sm driver drivernya pemarahngoceh terus bahkan ada yg maksa nyuruh ngasih bintang 5 smpe handphone saya direbut dan dia ngerating dirinya sendiri pake hp saya bener bener nggak sopan,4,2024-01-09 11:23:08,4.80.4,positive,rating_rule,291
rifat fachry,driver yang masi nganterin orang jangan nerima pesenan lahh lama banget ini nunggu 15 menit kayanya,3,2024-01-08 23:55:34,4.80.4,neutral,rating_rule,99
Fiqih Amaliyah,Susah buat dapet driver udah dapet malah di batalin sama driver,2,2024-01-09 11:19:05,4.80.4,negative,rating_rule,63
Agus Mulyadi,Bintang yg bicaraok,5,2024-01-08 23:58:12,4.80.4,positive,rating_rule,19
05.Athaullah Dzulfikar Shafi IX-B,apalah saya udah mesen lebih dari 20x tapi nggak dapet dapet tolong pihak gojek memperbaiki masalah ini karna masalah ini juga bergantung pada jam saya,1,2024-01-09 11:09:39,4.80.4,negative,rating_rule,151
Ojan Yanuar,Katanya jaminan saldo kembali tp nyata nya g tuh padahal udh tlp ke cs disuruh ini itu udh diturutin ttp aja saldonya g kembali tuh padahal dari awal udh bilang cs nya saldo anda tidak akan kembali ribet amat jd g buang waktu dan pulsa Poko nya TTTTAAAAIIIII LLLLLAAAHHH,1,2024-01-09 00:08:23,4.80.4,negative,rating_rule,270
bamboo tree,Aplikasinya minus chat ga ada notif kadang driver merasa pelanggan ga baca ga segera ngerespon pdhl memang ga ada notif pesan masuk macam aplikasi sebelah Map ga bener di map masih jauh ternyata si driver sudah di lokasitiba di alamat pelanggan Drivernya telp di hp aplikasi ga ada telp masuk driver mengira pelanggan ga angkat2 Sinyal padahal bagus cm sering jd mis gegara semua itu Klo dapat driver sabar dan baik sih ga masalah ini ada driver ngomel2 padahal yg jelek aplikasinya,1,2023-12-20 14:25:18,4.80.4,negative,rating_rule,482
Venus Stone,Murah cerdas cermat,5,2024-01-09 12:42:00,4.80.4,positive,rating_rule,19
Mochamad Azis Wiranto,Sangat mengecewakan promo di goo food sudah gak ada lagi sangat mengecewakan banget,1,2024-01-09 12:41:32,4.80.4,negative,rating_rule,83
Darwis Cung,Gass trus promonya,5,2024-01-09 12:41:17,4.80.4,positive,rating_rule,18
isyraqi imam,Yg lain intensif nya udah cair kenapa gua belom,5,2024-01-09 12:35:44,4.80.4,positive,rating_rule,47
Eko Widiyanto,Maaf saya mau tanya gopaylater saya kenapa diblokir dan apakah blokir permanen Apakah tagihan saya masih bisa dibayar jika gopaylater nya diblokir Minta tolong gimana caranya bisa tidak diblokir lagi Terimakasih,3,2024-01-08 17:01:14,4.80.4,neutral,rating_rule,211
randi achmad,percuma dikasih limit gopaylater tapi tidak bisa dipakai semenjak kenaikan limit gopaylater malah tidak bisa dipakai ditanya kedua belah pihak jawaban alasannya blablabla kalau memang tidak percaya pada pelanggan ya jangan kasih limit PHP kalian tarik semua angkaangka limit tersebut pada akun saya,1,2024-01-09 12:28:39,4.80.4,negative,rating_rule,298
Yogi Eka,Gofoodnya sih oke  tpi go car nya mematikan harga guide di bali,1,2024-01-09 12:28:36,4.80.4,negative,rating_rule,63
Dimas Tri Mei Sandy,maaf ya rating nya aku turunin karna akun emailku entah kenapa udah terverifikasi tapi dinomor yang mana aku gatau sudah aku laporkan tapi belum ada feed back mohon feedbacknya,1,2024-01-08 17:03:45,4.80.4,negative,rating_rule,176
Samlay Sinuraya,Ondeskraay,5,2024-01-08 20:19:29,4.80.4,positive,rating_rule,10
Siti kurnia mulani,Apk jelektelat bayar enggatransaksi mwncurogakan enggatapi gopaylater nya gabisa dipakesekira nya ga mah kasih pinjem jangan di acc di awal dong,1,2024-01-08 17:09:49,4.80.4,negative,rating_rule,144
Binsaad Tampubolon,7nkfcyd Churchill hd c778 mout yg ggbhthj7g02,5,2024-01-09 12:20:23,4.80.4,positive,rating_rule,45
angler slur87,Setiap x pesan gofood selalu dibebani biaya jasa aplikasi padahal ongkos dan harga makanannya sudah mahal Jadi makin malas pakai layanan gojek Semakin hari semakin mahal saja Padahal ini karyanya anak bangsa loohhh Gojek terlalu banyak ambil keuntungan dan memanfaatkan layanan driver nya Ini sama saja menjajah bangsa sendiri Bangke kalian,1,2024-01-09 12:11:25,4.80.4,negative,rating_rule,340
Raya Krisnanda,Kenapa GK bsa dbuka padhal Bru top up gopay GK nyaman bagt sih,1,2023-12-20 17:35:21,4.80.4,negative,rating_rule,62
dewa arya,Sangat membantu usaha saya sering pakai jasa ini buat gosen,5,2024-01-09 12:11:23,4.80.4,positive,rating_rule,59
Richart Tambunan,Semoga terus memberikan yg terbaik utk pelayanannya,3,2024-01-09 12:01:55,4.80.4,neutral,rating_rule,51
Niena Alfarabbi,Gila bunga gopaylatter skrang ngalahin rentenirlaporin ke ojk kena nih gojek mending w apus aja deh ga usah pake gopaylater lagi ga ngotak bungaa,1,2024-01-09 11:59:38,4.80.4,negative,rating_rule,145
Cahaya Dewi,Maaf bintangnya dikurangin Suka diupdate tapi sering tiba ngelag Diupdate harusnya makin bagus Ini malah makin eror Tolong diperbaikin lagi,1,2023-12-21 02:20:04,4.80.4,negative,rating_rule,139
Ricman 1998,Penjemputan tepat waktu dan drivernya baik,5,2024-01-10 08:12:41,4.80.4,positive,rating_rule,42
coba lagi,Mantab betul  Josssip,5,2024-01-10 10:36:09,4.80.4,positive,rating_rule,21
Shuu,Makin ke sini makin ke sana bayar ongkir tetep aja telat estimasi juga ngga real time Waktunya dikarang sendiri,1,2024-01-07 13:48:56,4.80.4,negative,rating_rule,111
Pengguna Google,Untuk daerah TonjongBrebes kok blm ada gojekknapa ya,1,2024-01-11 05:46:05,4.80.4,negative,rating_rule,52
T_MA Vidz,Tolong sediakan pembatalan orderan gofood Masa orderan satu setengah jam ga dicancel penyedia makanan,1,2024-01-07 13:28:03,4.80.4,negative,rating_rule,101
herawati bidah,Gojek bikin kecewa di aplikasi gopay nya saldo gopay tiba2 hilang  Sdh 1x24 jam tidak ada perkembangan saldo kembali atau jawaban yg memuaskan  Jadi males kalo kaya gini sm gojek dan gopay nya,1,2024-01-11 05:36:01,4.80.4,negative,rating_rule,192
Ayu Widayanti,Notif nya Driver sibuk mulu di suruh nyoba2 lagi gituuu teruS Pdhl lagi butuh bngt Maaf ya kasih 1 bintang,1,2024-01-11 05:35:25,4.80.4,negative,rating_rule,106
Dian Puspita,So far sangat membantu tapi sering nge freeze Dan sekarang biaya lain lain nya mahal,3,2024-01-07 13:43:46,4.80.4,neutral,rating_rule,84
Athallah Fikri,Drivernya pada pemalas,1,2024-01-07 13:45:23,4.80.4,negative,rating_rule,22
Mesiang Mesiang,Bagus pelayannya,5,2024-01-11 04:56:53,4.80.4,positive,rating_rule,16
Daniel Richardo,Parah bgt pesen gofood alamat udh disimpan dan biasa dipakai malah tiba2 ganti titik jauh bgt pulak Gimana sih ini customer rugi driver rugi juga,1,2024-01-07 13:53:12,4.80.4,negative,rating_rule,145
Yustina Andre,Kadang masih suka ngadat promo juga dikit amat,4,2024-01-11 01:11:06,4.80.4,positive,rating_rule,46
Arif Fadillah,Alhamdulillahsejak sy pake aplikasi gojek semuanye jdi nyaman  semoga smakin jaya trusgojek serta sejahtera buat oficekonsumen pengguna,5,2024-01-11 04:44:12,4.80.4,positive,rating_rule,135
Jatim Saputra,Semoga sering ada diskon,4,2024-01-11 04:36:02,4.80.4,positive,rating_rule,24
Saltoni Rosadi,Kyag mn ini GK bsa transaksiGK bisa rubh pin  aplikasi ko gini amat cuma bisa top up,1,2024-01-11 04:34:03,4.80.4,negative,rating_rule,84
Rafa Rafael,Gopaylater ku di blokirpadahal udh bayarhmmm,2,2024-01-07 14:11:30,4.80.4,negative,rating_rule,44
Virus Gaming,Gioiiiiiiiiiiissdd,4,2024-01-07 13:17:58,4.80.4,positive,rating_rule,18
Tb Achmad Rizky Rachmadian,Gopay later diblokir dan padahal sudah tepat bayar tagihan ya tp diblokir dan chat ke bantuan Gojek paylater tidak ada solusi ya,1,2024-01-11 06:09:56,4.80.4,negative,rating_rule,128
rizal al,kelamaan cari drivernunggu lama bagetgofood,1,2024-01-07 13:13:04,4.80.4,negative,rating_rule,43
Risky Satria,Sangat buruk sulit mencari driver,1,2024-01-07 12:29:38,4.80.4,negative,rating_rule,33
Shella Nitiyas,ngak tau knp chat dari driver suka ngak masuk harus close app dulu baru muncul chatnya,1,2024-01-11 06:58:10,4.80.4,negative,rating_rule,86
hazand albanna,pesan makan tapi lama ngk dapat driver,1,2024-01-11 06:53:11,4.80.4,negative,rating_rule,38
Prisma Intan Novianti,KECEWA SEKALI  BEBERAPA KALI PESAN TIDAK ADA YANG DAPET  SAYA MENGANDALKAN GOJEK TAPI BIKIN KECEWA SEPERTI INI  TAU GITU SAYA DI GOJEK SEBELAH  CEPET,1,2024-01-11 06:45:44,4.80.4,negative,rating_rule,149
SHIROI HAKO,Sudah berkalikali saya pesan makanan di konfirmasi sama tokonya nunggu 1 jam tau d cancel sama restoran gimana ini kasih fitur telpon atau chat ke restoran dan kasih kami fitur rating restoran nakal yg suka cancel begini,1,2024-01-07 12:52:32,4.80.4,negative,rating_rule,220
Rama Permadi,di wilayah bandung sulit dapat driver,1,2024-01-11 06:42:32,4.80.4,negative,rating_rule,37
Gustina Azbil,ontime,5,2024-01-11 06:24:33,4.80.4,positive,rating_rule,6
Lie Lian Ing,Gojek memang Mantaaaff daaaah,5,2024-01-11 06:24:33,4.80.4,positive,rating_rule,29
Hariyati adzfa,Burukk gak pernah mau d pakek akun d tangguhkann ada 2 tahun padahal ndak di buat apa apa,1,2024-01-11 06:22:09,4.80.4,negative,rating_rule,89
Rinjani,Tiba aja gopay later terblokir pdhl ga pernah telat bayar  udh hapus aplikasi  download ulang ttp aja terblokir  sdh chat CS di lanjut kirim email tetep aja ga ada solusi dan ga ada penjelasan knp tiba terblokir  aneh,1,2024-01-07 12:58:06,4.80.4,negative,rating_rule,217
Linkie Hioe,Saya pakai gojek karena sopirnya ramah selain itu tarifnya juga sangat terjangkau dan selain itu jg banyak promo2 nya yg sangat membuat kantong terjangkau maju terus gojek,5,2024-01-07 13:09:02,4.80.4,positive,rating_rule,171
fatchurrahman firdausi,Cari driver syulittt semoga aplikasi dibeli pihak grab biar lebih baik,1,2024-01-07 13:10:30,4.80.4,negative,rating_rule,70
andy suwardiman,limit paylaternya bertambah tp ga bisa digunakan,1,2024-01-11 04:11:33,4.80.4,negative,rating_rule,48
Elvina Dwioctary,Bad apk,2,2024-01-07 14:17:38,4.80.4,negative,rating_rule,7
Muhammad Fauzi,Cepat respon,5,2024-01-07 15:24:06,4.80.4,positive,rating_rule,12
Zaim Novelis,Sering tidak sesuai titik,1,2024-01-11 02:21:54,4.80.4,negative,rating_rule,25
Cecilia Mellisa,Ya sometimes ada asik dan gk adiknya cuma kali ini ku lg senang jadi ku kasih full star,5,2024-01-11 02:21:28,4.80.4,positive,rating_rule,87
Silvi Alpiyana28,Monyett cuma salah 2x pin mau transfer susah lgi monett gopay monyet ribet,1,2024-01-07 15:49:59,4.80.4,negative,rating_rule,74
Rara Herliany,So far so good lah,5,2024-01-11 02:12:45,4.80.4,positive,rating_rule,18
Wati Hasby,Mantaappppp,5,2024-01-11 01:54:25,4.80.4,positive,rating_rule,11
Darman Giade,Tolong Pencarian Drivernya Dibatasi Jadi Cuma 3 Menit Agar Tak Banyak Menghabiskan Waktu Radius Jarak Pencarian Driver Dibuat Sampai 10 Kilometer Karena Tinggal Di Dalam Kompleks Perumahan Dan Harus Sering Kontrol Ke Rumah Sakit Kalau Belum Dapat Driver Tarifnya Jangan Dinaikkan Sesuka Hati Sampai Ratusan Ribu Tolong Jangan PilihPilih Driver,1,2023-12-21 04:03:30,4.80.4,negative,rating_rule,343
Dedi Joherman,Mantaap pelayannnya,5,2024-01-07 16:02:10,4.80.4,positive,rating_rule,19
Sumiasih Sumiasih,Pergi lebih cepat aman dan nyaman dengan menggunakan gojek,4,2024-01-11 01:43:07,4.80.4,positive,rating_rule,58
Patricia Louisa,Dalam pemesanan GoCar sangat sulit bahkan di maps ada banyak Driver yg tidak jauh dari posisi tapi tidak pernah dapat Mohon untuk memilih Driver yg profesional dulu pernah pesan gocar sudah ditungguin lama banget malah di cancel Jadi buang waktu padahal lagi mepet banget Mohon diperbaiki lagi,1,2024-01-07 16:25:24,4.80.4,negative,rating_rule,293
Anjun Saputra,laporan saya yang saya keluh kan cepat sekali di tindak lanjut i saya senang dengan pelayanan dari gojek ini bintang 4 deh,4,2024-01-07 16:26:12,4.80.4,positive,rating_rule,122
Alex Lutor,Gojek lebih dekat aman cepat dan hemat,5,2024-01-07 16:30:34,4.80.4,positive,rating_rule,38
Yustava Made,Saya beli paket data di gojek gagal tapi kenapa sampai sekarang saldo saya tidak di kembalikan Telpon CS gojek tidak bisa tersambung Sibuk Pilihan di menu bantuan sama sekali tidak membantu mohon segera di tindak lanjuti,1,2024-01-11 01:26:37,4.80.4,negative,rating_rule,220
Giska Ramadani,Kecewa gopay later saya kenapa kenonaktifkan padahal limit saya masi 50 dan jatuh tempo masi lama sungguh kecewa sama aplikasi GOJEK,1,2024-01-11 01:20:22,4.80.4,negative,rating_rule,132
Jul Kipli,Sip mantaf,5,2024-01-07 17:02:55,4.80.4,positive,rating_rule,10
Joko Pandoyo,Bikin perjalanan lebih mudah,5,2024-01-11 02:25:42,4.80.4,positive,rating_rule,28
Abdul Fatah,Driver oke,3,2024-01-11 04:02:01,4.80.4,neutral,rating_rule,10
Cantika Putri,Semakin kesini bukannya lebih baik tapi semakin tidak sopan,1,2024-01-11 03:48:04,4.80.4,negative,rating_rule,59
Syamsi Juliansyah,Membantu untuk berpergian,5,2024-01-11 03:41:25,4.80.4,positive,rating_rule,25
B_Velli Rahma Aulia_036,maaf tapi untuk gofood nya malah kualitasnya menurun,3,2024-01-11 03:33:31,4.80.4,neutral,rating_rule,52
Agung Suryono,Driver sering no respon sering di cancel pula seharusnya lebih disiplin waktu dan hargai orang lain aplikasi sebelah jauh lebih bagus,1,2024-01-07 14:28:51,4.80.4,negative,rating_rule,133
TAAR Channel,Reedemp coin hilang tidak ada solusi dari CS,1,2024-01-07 14:46:41,4.80.4,negative,rating_rule,44
LF,server padat terus padahal lagi urusan urgent payah,1,2024-01-10 11:02:18,4.80.4,negative,rating_rule,51
Ardi Mendrocg,Sering banget nunggu hampir 1jam pesanan di proses tiba2 tidak dapat driver dan otomatis di batalkan kita ini lapar disuruh nunggu lama malah di batalkan  semakin banyak pembaruan semakin buruk pelayanan payah,1,2024-01-07 14:52:53,4.80.4,negative,rating_rule,209
Sal Miah,Mudah banget,5,2024-01-11 02:52:31,4.80.4,positive,rating_rule,12
Asep Sukarna,Makin gak ok,1,2024-01-07 15:00:51,4.80.4,negative,rating_rule,12
Imang Saptono Hoerip,praktis mudah di akses dan luas penggunaanya,5,2024-01-07 15:05:09,4.80.4,positive,rating_rule,44
Suryani Runi,Kenapa gotix nya gak ada pdahal itu favoritku hmm,1,2024-01-11 02:31:11,4.80.4,negative,rating_rule,49
Salyan Alqosimi,Sukses terus GOJEK,5,2024-01-11 02:30:21,4.80.4,positive,rating_rule,18
Totot Kayanto,Gojek kenapa sekarang dapat driver lama dan jaraknya jauh sekali padahal disekitar saya ada beberapa driver yang menunggu orderan yang dapat malah yang jauh otomatis saya jadi menunggu terlalu lama dan akhirnya saya terlambat bekerja mohon diperbaiki masalah seperti ini sangat merugikan konsumen tidak hanya ride food juga padahal disekitar resto banyak driver malah dapat yang jauh akhirnya saya menunggu makanan hampir 1 jam padahal resto yang saya pesan tidak terlalu ramai saya amat kecewa,1,2024-01-11 07:10:29,4.80.4,negative,rating_rule,494
Vivin Sucik Agustin,gojek plis tambahkan fitur pembatalan pesanan gua nunggu pesanan 1 jam lebih gak dateng dateng padahal cuma minuman dan lokasi sekitar 1 km capek gua nunggu nya bambang mo pesen ke resto yang lain takutnya yang satunya malah datang kan aseeem nanti kalo udah ada fitur pembatalan pesanan bintang nya gua tambah,3,2024-01-11 07:26:38,4.80.4,neutral,rating_rule,310
Fahry Zidan,Kenapa akun saya dibekukan padahal saya tidak melakukan hal hal yang mencurigakan saya hanya menggunakan goRide dan goTansit,2,2024-01-11 07:35:29,4.80.4,negative,rating_rule,124
Re_ TWO,Gak bisa masuk woi,1,2024-01-11 12:14:07,4.80.4,negative,rating_rule,18
Sarma Silaban,jelek signal mau masuk lokasi,1,2024-01-11 12:09:33,4.80.4,negative,rating_rule,29
Aris Saputra,Untuk diri saya pribadi aplikasi ini sangat membantu disaat waktuwaktu tertentu,5,2024-01-11 12:06:08,4.80.4,positive,rating_rule,79
Syaniea,sekedar saransptnya bnyk ojol yg suka kena orderan fiktif baiknya orderan di atas 200rb di bikin sistem auto gopay or ovo or pembayaran lwt credit cardjika service ojol ke costumer hrs baikminimal lindungi jg para drivernya kasihan,5,2024-01-11 12:05:23,4.80.4,positive,rating_rule,231
BOBY SAPUTRA,Lagi laper install Gojek malah Lokasi ngebug gak masuk masuk lagi aneh pindah ke grab ajalah padahal sinyal bagus,1,2024-01-11 12:03:13,4.80.4,negative,rating_rule,113
didik as,Sangat membantu dan menyenangkan,5,2024-01-11 12:00:54,4.80.4,positive,rating_rule,32
Mumun Beyonce,Kalo gerimis saja tukang ojeg nya pada malas Menyebalkan,1,2024-01-11 11:47:40,4.80.4,negative,rating_rule,56
putra putra,Tolong laporan saya ditindak lanjuti ya adminsaya sudah melaporkan kekerasan dan pemerasan dirver nya tapi gak di tanggapisaya tidak terimauang saya hilang dan saya dipukul oleh driver dari gojektolong sangat amat tolong ditindak lanjutiterimakasih,1,2024-01-07 09:44:31,4.80.4,negative,rating_rule,248
AndroGame,fitur dan promonya terbaik,5,2024-01-11 11:32:24,4.80.4,positive,rating_rule,26
La Ode Hasrul,Hemat,5,2024-01-07 10:02:10,4.80.4,positive,rating_rule,5
nenk ratnasari,dapet drivernya laman jauhjauh pula Padahal pakai gocar prioritas,1,2024-01-07 10:18:46,4.80.4,negative,rating_rule,65
Gayang ive,mkin kesini makin g jls apknya sblm order gofood harga totalnya 52k eh pas uda order dn dpt driver malah 55k,1,2024-01-11 11:21:13,4.80.4,negative,rating_rule,108
Rio Aldi,Ini perusahaan maling uang gua 2 hari ga balik balik padahal transaksi batal bukan isi saldo atau transfer anjiing Lo 2 hari ga balik balik saldo gua binatang,1,2024-01-11 11:12:53,4.80.4,negative,rating_rule,158
MAMBO GAMING,Kenapa GO TIX dihapuslebih baik Mitra Findana daripada MABmakanya banyak yg ngeluh,1,2023-12-21 05:14:07,4.80.4,negative,rating_rule,82
linmas gagah,Bagus MANTAP,5,2024-01-11 11:11:35,4.80.4,positive,rating_rule,12
Abdul Latif,Banyak resto tutup gk di hapus Mau batalin pesanan susah Cs gk ada respon Terlalu banyak kendala Menyusahkan,1,2024-01-11 12:12:00,4.80.4,negative,rating_rule,108
Zulfi Ashari,driver nya udah pada kaya raya jadi gamau ambil penumpang kalau hujan,1,2024-01-11 12:16:17,4.80.4,negative,rating_rule,69
Kahar Iwan,H effect vcan ddk gt eng H,4,2024-01-07 09:01:42,4.80.4,positive,rating_rule,26
Riyadi Yadid,Bgus bnget gojek inimau dimana pun dan kemana pun selalu nyamanayooo banyakin lgi promo nya biar mkin seruu,5,2024-01-11 13:29:57,4.80.4,positive,rating_rule,107
Agusta Ramzad,Rekomended,5,2024-01-07 09:03:11,4.80.4,positive,rating_rule,10
Sokhiato Bll,Sangan bagus dan manbantu,5,2024-01-07 09:12:42,4.80.4,positive,rating_rule,25
Realme Narzo,Pelit banget promonya ga ada,1,2024-01-11 13:25:40,4.80.4,negative,rating_rule,28
Permadi 273,banyak driver di sekitar tapi susah dapetnya aneh,1,2024-01-07 09:18:46,4.80.4,negative,rating_rule,49
Yeffry Handoko Putra,Ada masalah driver bilangnya sdh kirim barang tapi barang ditunggu penerima tidak datang2 Menu chat CS mati tdk tahu mau ngadu ke siapa chat ke driver tidak dibalas,1,2024-01-11 13:19:00,4.80.4,negative,rating_rule,164
Aditha Kurniasari,Diskonnya banyaaakk terimakasih gojeekk,5,2024-01-11 13:02:49,4.80.4,positive,rating_rule,39
ADE SEPTIANA,Tolong diperbaiki diskonnya,3,2024-01-07 09:23:44,4.80.4,neutral,rating_rule,27
Suhendra Adam,coba si gojek kasih oderan dri pagi ni amsa 2 biji mau makn apa anak bini q makan batu gt gotak napa jadi aplikatorr,5,2024-01-11 12:53:49,4.80.4,positive,rating_rule,116
Tejja S16,G bisa pake promo di gofood,1,2024-01-07 09:26:57,4.80.4,negative,rating_rule,27
Athalla Ammar,Kak mau tanya dulu saya pakai gopaylater aman aja walaupun telat hampir 1 bulan giliran gopaylater di perbaruhi sempet telat 2 minggu sudah saya bayarkan kenapa tidak bisa digunakan alias ke blokir ya kak,1,2024-01-11 12:46:20,4.80.4,negative,rating_rule,204
haningtiyas intan,Parah banget si ini kalo ujan go ride gak bisa dipesen sama sekali,1,2024-01-11 11:03:33,4.80.4,negative,rating_rule,66
Rus Tono,Ok ngebantu banget,5,2024-01-11 10:59:28,4.80.4,positive,rating_rule,18
Hendry Tirto,Lumayan cepat loadingnya utk aplikasinya,4,2024-01-11 09:50:40,4.80.4,positive,rating_rule,40
Roni Alton Manalu,Tolong aplikasinya menyediakan fitur blokir agar tidak kecewa kedua kalinya memesan di resto yang betul sangat mengecewakan,5,2024-01-11 09:37:10,4.80.4,positive,rating_rule,123
PINK SAFIRA 19 PINK SAFIRA 19,Good JoB,5,2024-01-11 09:19:13,4.80.4,positive,rating_rule,8
Rosnani Hayat,Penjemputan dan pemilihan rute,4,2024-01-11 09:14:59,4.80.4,positive,rating_rule,30
BERLIN SIMANUNGKALIT,ga banyak bicara,5,2024-01-11 09:04:36,4.80.4,positive,rating_rule,16
Wirda Pratika,Gak ada penyelesaian ketika ada kekeliruan dalam pemesanan Auto delete gojek,1,2024-01-11 09:01:43,4.80.4,negative,rating_rule,76
Asep Aminudin,Excelent,5,2024-01-11 09:00:04,4.80.4,positive,rating_rule,8
syahgibran,On timefriendly driver and feel save,5,2024-01-07 11:57:30,4.80.4,positive,rating_rule,36
Herizal Iskandar,Nih apa iya bisa ditarik nominalnya,5,2024-01-11 08:46:29,4.80.4,positive,rating_rule,35
jojo17 official,Untuk buka menu top up selalu ngeleg pdhal sinyal ssngat bagus tp knp ya susah dibukatolong diperbaiki,4,2024-01-11 08:22:59,4.80.4,positive,rating_rule,102
Samsul Huday,Driver ok aplikasinya okmantapdah,5,2024-01-11 08:21:46,4.80.4,positive,rating_rule,33
Stephanie Diavanya,APLIKASI TERBAIKKK GOFOOODDD DISKON NYAA GEDE BGTTT,5,2024-01-11 08:02:42,4.80.4,positive,rating_rule,51
Nova Rohmani,Limit Gopay Latter tidak bisa digunakan,1,2024-01-11 09:46:30,4.80.4,negative,rating_rule,39
edin mahyudin,iklan Mulu,1,2024-01-11 10:01:07,4.80.4,negative,rating_rule,10
Rezky ananda putri,Semoga lebih banyak lagi diskonnya,5,2024-01-07 10:34:19,4.80.4,positive,rating_rule,34
Dapur Ummi Tasikmalaya,Biaya applikasi sekali jalan nya terlalu mahal buat sy,4,2024-01-11 10:05:18,4.80.4,positive,rating_rule,54
Habib Syafwan,mantap men,5,2024-01-11 10:45:43,4.80.4,positive,rating_rule,10
Arief Firmansyah,Kenapa malah makin lemot yahh,2,2024-01-11 10:28:09,4.80.4,negative,rating_rule,29
Yamin Aja,Pew jemputan dan driver ya ramah bangt,5,2024-01-07 10:35:29,4.80.4,positive,rating_rule,38
Ayis Fadilah,Ko setelah pembaruan Gotix nya ga ada lgi,3,2024-01-07 10:51:13,4.80.4,neutral,rating_rule,41
NUGRAHA PRATAMA,gotixnya kok jadi tidak ada,1,2023-12-21 04:49:33,4.80.4,negative,rating_rule,27
Syahrizal Setia Wicaksana,sorry tapi waktu untuk dapat driver cukup lama,3,2024-01-11 10:23:03,4.80.4,neutral,rating_rule,46
Novalia pungki Prabawati,Saya trauma pakai aplikasi ini barang saya tertinggal orangnya saya chat tidak di blz di tlp tidak bisa saya trauma Memang barangnya tidak benilai tinggi tapi itu berguna untuk saya Perawatan wajah harga 500rb Kacamata mama saya seharga 800rb Dan paling penting peng anak saya Anak saya nangis trus padahal baru pulang dari rumh sakit,1,2024-01-07 11:19:40,4.80.4,negative,rating_rule,334
Ade Supriadi,Resto sekelas dapur bersama bisa tutup gara2 sistem gojek tidak jelas,1,2024-01-07 11:36:38,4.80.4,negative,rating_rule,69
Muhamad Sarip,Mahal doang pendapatan drivernya melarat Miskin semua gara2 potongan gede Tolong yg punya apk gojek diapus ajh para driver yang kecewa pengen liat gojek Indonesia bangkrut karena pendapatan dari keringat mereka ga sebanding dengan capenya,1,2024-01-11 10:21:04,4.80.4,negative,rating_rule,238
Emil Kakino,luarbiasa walo cuaca hujan tetep profesionaltepat waktu,5,2024-01-07 11:39:20,4.80.4,positive,rating_rule,55
Ellys Olivia,gak dapat driver tidak segera memberi kabar sudah menunggu 15 jam baru di kasih kabar gak ada driver cancel sepihak dr gojek orang tua sudah menunggu lama buat makan  tolong di perbaiki aplikasi nya kalo memang gak dpt driver segera info ke user,1,2024-01-07 11:46:22,4.80.4,negative,rating_rule,245
Julvikar,Mantap pokonya serba praktis,5,2024-01-07 17:29:37,4.80.4,positive,rating_rule,28
Dita Indah Sari,Sekarang gfood pelittt promo harus pake bank yg gajelaasss kalo mau promo atau pake paylater kan aneh masa mau makan suruh ngehutang justru pake gopay gada promonya cuma sedikit ga kayak duluuuuu kecewaaa berattttt,1,2024-01-11 03:17:16,4.80.4,negative,rating_rule,214
Ahmad Jaza,Driver nya mumpuni,5,2024-01-11 00:58:52,4.80.4,positive,rating_rule,18
Marlinawati Noor,Bisa diabdalkanaman keren,5,2024-01-07 23:44:22,4.80.4,positive,rating_rule,25
Syarifah Nain Ifung,potongan harganya jgn dikit2 donkkk,5,2024-01-10 13:54:03,4.80.4,positive,rating_rule,35
SALERO Amak,Klw udah malam baru jam 2000 aja gojek nya udah pada molor semua ga ada yg staybay dihub Busyitt lah pelayanan cianjur ne,2,2024-01-10 13:50:25,4.80.4,negative,rating_rule,121
Satrio,Kenapa jadi sering terima telpon dari driver gojek padahal ngga ada order Mengganggu banget lama2 sy uninstall,1,2024-01-10 13:34:04,4.80.4,negative,rating_rule,110
Amalia Risman,Semakin kesini kenapa makin jelek ya Pesan go car goride suka lama Mencari driver sering di kasih yang jauh dari lokasi jemputan padahal yg dekat lokasi jemputan ada Tolong di perbaiki ya pak Bagusan gojek yg dl deh,4,2024-01-10 13:18:45,4.80.4,positive,rating_rule,215
Renaldi Llg,Min saya mau nanya kemarin tgl 9 saya TF uang dari gopoy ke bank tapi sampai sekarang belum masuk masih proses terus sampai sekarang,1,2024-01-10 12:56:08,4.80.4,negative,rating_rule,132
SSF chanel,Ancur gojek sekrang mah beda sama jaman dulu lagi di buru pesan gojek masa depet nya driver nya jauh banget padahal banyak driver yg sekitaran rumahkembalikan gojek yg dlu saat masih di pagang pak nadiemyg serkarang mah HANCUURRRR CURR CURRR CURRRR,1,2024-01-08 00:15:39,4.80.4,negative,rating_rule,248
Reni anggraeni Brendi,Baguss bgt hanya saja promonya kurang banyak xixi,5,2024-01-10 12:56:05,4.80.4,positive,rating_rule,49
Taufik Candra wijaya,Cukup bagus,5,2024-01-10 12:55:09,4.80.4,positive,rating_rule,11
Khoirotun Nisa',Penggunaannya mudah dan sesuai dengan kebutuhan,5,2024-01-08 00:18:55,4.80.4,positive,rating_rule,47
Hilda Susanti,Ongkir gofood makin menggilamana sekarang pelit banget ngasih voucher potongan ongkirnyamasa pesen makanan 50 rb ongkirnya 50 rbjadi mikir 1000 kali buat pesen di aplikasi inimsh enakan aplikasi kuning,1,2024-01-10 12:47:48,4.80.4,negative,rating_rule,201
Sudirman Dirman,Mudah dan sederhanaga ribet,5,2024-01-10 12:21:03,4.80.4,positive,rating_rule,27
Safril Prianda2 (Chaplin),Cepet,5,2024-01-10 12:18:04,4.80.4,positive,rating_rule,5
GATOT RISDIYANTO,Mudah di gunakan aplikasinya,5,2024-01-10 14:46:45,4.80.4,positive,rating_rule,28
Devi Armadhania,Fitur gotix udah di hapus ya,4,2024-01-10 15:36:26,4.80.4,positive,rating_rule,28
anik kodriani,Kenapa ikln gojek muncul terusss di hp saya setiap saya buka aplikasi yang lain,1,2024-01-10 16:11:46,4.80.4,negative,rating_rule,79
Yeremia Ethan Lubis,jangan pake ini aplikasikocak,1,2024-01-10 16:04:31,4.80.4,negative,rating_rule,29
Ujang Effendi,Driver santun,5,2024-01-10 15:55:43,4.80.4,positive,rating_rule,13
Reni Rusmawati,Top up gopay tapi saldo di applikasi ga nambahgmn ini,1,2024-01-07 22:53:33,4.80.4,negative,rating_rule,53
etty andriati,Lebih cepat dan aman,4,2024-01-07 23:15:25,4.80.4,positive,rating_rule,20
Liem Chien Chiang,Saya merasa makin hari harga nya mahal kurang pas pas buat di kantong anak sekolah dan sangat susah untuk mendapat driver,3,2024-01-07 23:43:55,4.80.4,neutral,rating_rule,121
Kristia B. Iya,Baik untuk digunakan,5,2024-01-10 15:35:52,4.80.4,positive,rating_rule,20
Ahmad Yasa,Cepat aja jemput nya,5,2024-01-10 15:34:45,4.80.4,positive,rating_rule,20
Takerupsi,udah mahal lama pula padahal udah prioritas loh,1,2024-01-07 23:28:21,4.80.4,negative,rating_rule,47
SARI DEWI,Susah pindah ke lain hati alias susah pindah ke aplikasi serupa,5,2024-01-07 23:33:33,4.80.4,positive,rating_rule,63
Bilawal Zaldari,Mantaabbbn,5,2024-01-10 12:15:30,4.80.4,positive,rating_rule,10
Nur Arofah,Driver nya sopan milih rute nya yg tercepat udah itu dr gojek ada discountnya pulaluar biasa gojek,5,2024-01-08 00:20:14,4.80.4,positive,rating_rule,98
Asih Nugroho,Makin hari makin mahaltapinya,4,2024-01-07 22:37:13,4.80.4,positive,rating_rule,29
Fatin Ardina,Selalu bilang tidak ada sinyal internet padahal udah dekat wifi,1,2024-01-10 12:05:12,4.80.4,negative,rating_rule,63
Ikhsan,Aplikasi eror terus gak bisa pesan Goride malah gambar dinosaurus yang muncul,1,2024-01-10 11:27:46,4.80.4,negative,rating_rule,77
Bayu Kiplli,Sering bgt server sibuk,2,2024-01-10 11:25:22,4.80.4,negative,rating_rule,23
Izzati hanisah Wardhana,Jelek banget tiap mau pesen buat pulang malah pesanan padat di update bukannya makin bagus tambah makin jelek,1,2024-01-10 11:23:47,4.80.4,negative,rating_rule,109
Mahesa putra senopati,Semakin kedepan aplikasinya g smakin bagus malah seribg gangguantukan IT nya beda g kaya pas awal2 gojek hadir,1,2024-01-10 11:23:36,4.80.4,negative,rating_rule,110
Supriyanto Yanto,Memudahkan transportasi cepat,5,2024-01-08 01:21:11,4.80.4,positive,rating_rule,29
Agus Setyawan,sekarang gak jelasmasa tiba2 ke blokirpaylater gak ad apenyeselasiannyapindah warung sebeleah aja dahpengajuan lewat email suportmab yang bales kayak robotgak ada penyelesaiannyadan gak di kasih tau sebab kenapa bisa di blokir,1,2024-01-08 01:24:00,4.80.4,negative,rating_rule,226
Handyka Oktra,Dari tgl 29 Des 2023 sampai sekarang top up saldo gopay 200rb blm masuk Saya sdh berulang kali kirim pesan dan bukti transaksi via gmail sampai skr tgl 8 Jan 2024 saldo saya belum masuk juga,1,2024-01-08 01:41:20,4.80.4,negative,rating_rule,190
Han,Perbaikan sistem mulu anjir ini mau nyelesaiin orderan ga bisa  Yg ada suruh tlpon Biaya lagi  ngerugiin driver,1,2024-01-10 11:21:56,4.80.4,negative,rating_rule,111
Amri Banafsah Tribrata,Aplikasi suka eror terkadang,1,2024-01-10 11:21:01,4.80.4,negative,rating_rule,28
Rene Paparang,Tibatiba server sedang sibuk sangat mengecewakan,1,2024-01-10 11:20:43,4.80.4,negative,rating_rule,48
Rahmat Rifai,Bagusaman terpercaya,5,2024-01-08 01:58:27,4.80.4,positive,rating_rule,20
M.Naufal Rizqi Auliya,Hari ini pesan Gojek gabisa katanya server padat merayap Kemarin kemarin kalau pesen Gojek dapat Driver nya selalu jauh,1,2024-01-10 11:15:12,4.80.4,negative,rating_rule,119
Bima Pratama (Bima),SERVER SERING DOWN,1,2024-01-10 11:13:54,4.80.4,negative,rating_rule,18
Salma Adzria Pratiwi,kenapa ga bisa pesan ini gojek aneh selalu kaya begini,1,2024-01-10 11:06:58,4.80.4,negative,rating_rule,54
Chrisolitiara Nada Santoso,Tolong dong jangan lemot terus aplikasinya masalah server di jam 1805 orang masih butuh pesen gojek malah ga bisa pesen gagal terus,1,2024-01-10 11:06:32,4.80.4,negative,rating_rule,131
MANGGIS Ulangan,Sekarang gojek selalu bikin saya kesal kemaren magrib saya ingin pesen gojek tapi selalu ada notif server sedang sibuk tolong benerin bikin saya sebagai penumpang kesal dan tidak tepat waktu,1,2024-01-10 11:33:33,4.80.4,negative,rating_rule,190
Roni Susanto,Gojek ti Sering hang harga mahal ga kaya Maxim,1,2023-12-21 02:25:27,4.80.4,negative,rating_rule,46
Karina karina,Apk babi Gue lagi buru buru pesen gocar koh server sibuk truss Apk busuk,1,2024-01-10 11:39:21,4.80.4,negative,rating_rule,72
Clodi Clodi,Bagus dan setiap mesan makanan nya enak,5,2024-01-10 11:56:58,4.80.4,positive,rating_rule,39
Nai Naraa,Saga t baik Saya puas,5,2024-01-10 11:56:14,4.80.4,positive,rating_rule,21
Muhammad Sofyan Syahrir Romadhana,Jelek banget servernya tiap peak hour ga pernah dapettulisannya server padat mulu,1,2024-01-10 11:42:50,4.80.4,negative,rating_rule,81
OKIH ABE,kembalilah nadiem makarim karyamu memburuk di pegang pihak lain,1,2024-01-10 11:42:31,4.80.4,negative,rating_rule,63
faizal arifin,Praktis membantu kebutuhan transportasi,5,2024-01-08 00:41:16,4.80.4,positive,rating_rule,39
galis prasetyo,Membantu  hemat waktu  simple,5,2024-01-08 01:17:45,4.80.4,positive,rating_rule,29
Talitha Safa,Tapi kalo di atas jam 615 rasanya susah cari driver,5,2024-01-08 00:49:50,4.80.4,positive,rating_rule,51
aya fazia,gojek sekarang asal pakai voucher pasti ga kan nyangkut or luama buanget harus diulang berkali2 tapi kalau ga pakai voucher langsung nyangkut lalu buat apa ngeluarin voucher kalau cuma tipu2,2,2024-01-08 01:01:43,4.80.4,negative,rating_rule,190
Iwan Nuril Anwar,Efisien,5,2024-01-08 01:13:35,4.80.4,positive,rating_rule,7
Shaula Aulia,Server padat lokasi penjemputan sering ditaruh jauh dari lokasi yang dipilih,1,2024-01-10 11:35:43,4.80.4,negative,rating_rule,76
Rosdiana Lulu Putri Dimayanti,Kacau dua kali salah titik katanya sedangkan sama aplikasi sebelah langsung ketemu Lokasi driver di apk ga akurat Keliatannya udah sampe padahal masih jauh banget,2,2024-01-08 01:15:50,4.80.4,negative,rating_rule,162
Yuni harlani Dewi,Error Mulu servernya tiap nyari driver Tolong dibenerin dong,1,2024-01-10 11:34:50,4.80.4,negative,rating_rule,60
arini devi,Server down mulu giliran tf gopay cepet Padahal lagi butuh banget gocar malah lemot Pdhl udah update versi baru Kenapa sih ga perbaiki apk nya,2,2024-01-10 11:34:33,4.80.4,negative,rating_rule,142
Meyda Isma,Banyak modus penipuan top up dari tokopedia gopay mohon di cari tahu ya saya sebagai karyawan retail kasian sekali melihat banyak kosnumen kena tipu berjuta2,5,2024-01-10 16:41:21,4.80.4,positive,rating_rule,157
murhan genius,Jangan pernah pesan makana pake gojek saya sangat menyarankan dikarenakan jika kalian pesan makanan andai kata minta refund alias kesalahan resto pihak gojek tidak akan memberikan ganti atau prosesnya tim terkaitnya sangat lama dan tak adil pengalaman saya seperti itu lebih baik pake si orend atau saingan si gojek lebih cepat refund lebih aman dan murah,1,2024-01-10 14:40:14,4.80.4,negative,rating_rule,355
Tina Rosyatiningrum,Ingin uninstal tp masih punya cicilan,1,2024-01-09 07:25:39,4.80.4,negative,rating_rule,37
By Boy,Ada limit gopaylater 500rb tp kok gk bisa d pakaitolong bos d aktifin lg,4,2024-01-10 20:43:04,4.80.4,positive,rating_rule,72
Pengguna Google,Aneh sekarang klo older goret susah padahal deriper banyak giliran dapet jauh payah ga bisa buru buru dapet deriper jadi telat mulu kerja,1,2024-01-10 23:27:00,4.80.4,negative,rating_rule,137
Wiwie Weway,Akun sy kok yg lama bs hilang pdhl saat buka aplsdh sesuai email  notelp yg lama jg tp apl yg keluar bru semua zero jd gopay sy yg lama ilang dan sy tdk ada lg layanan payletter knp bs terjadi sdh lapor tp tdk ada perbaikan jg,1,2024-01-07 20:23:27,4.80.4,negative,rating_rule,226
bintang hadisumitro,Gojek ngasih promo goride gocar tu boong kita milih yg promo tapi sekali pun ga pernah nyantol 10x ada kali saya pembatalan begitu klik yg mahal langsung nyantol Kalo ganiat promo gausah promo Mengecewakan,1,2024-01-11 00:12:11,4.80.4,negative,rating_rule,205
Rachmat Hidayat,Maaantab bos,5,2024-01-10 18:33:51,4.80.4,positive,rating_rule,12
Pengais Rezeki,makin keren,5,2024-01-11 00:11:52,4.80.4,positive,rating_rule,11
ane indriane,Murah banget dibanding aplikasi sblh,5,2024-01-10 23:45:03,4.80.4,positive,rating_rule,36
Edy Situmeang,Sgt sgt membantu,5,2024-01-11 00:37:53,4.80.4,positive,rating_rule,16
rizki harahap,Aplikasi gojek sering crash Admin nya selalu jawab pastikan jaringan stabil dan bagus  Padahal  Aplikasinya aja yg crash Bukan sinyal atau jaringan kami yg tidak bagus,1,2023-12-21 03:11:10,4.80.4,negative,rating_rule,167
Mba Sur,Sangat baik ramah pengemudinya,5,2024-01-10 18:43:46,4.80.4,positive,rating_rule,30
Suwarni Suwarni,Kami perlu gojk,1,2024-01-10 17:45:00,4.80.4,negative,rating_rule,15
Apriana Kusumawati,Please gojek baru terburuburu mau ke RS malah driver tidak jalan sama sekali dan driver mnta batalkan habis itu cari driver lain juga lama terulang lagi driver sudah 10 menit lebih tidak jalan berulang begitu terus sampai 3 kali kenapa setelah diupdate jadi begini Padahal dulu tidak begini cepet dapet driver Tolong diperbaiki,1,2024-01-11 00:44:10,4.80.4,negative,rating_rule,327
Fauziah Kireihennarts,Kenapa orang lain pd kasih rating jelek Saya fine fine aja sm gojek Malah drivernya sangat membantu kok dan aplikasinya ga ada trouble mungkin kalo ada pelayanan dari driver yg kurang ya itu sifatnya individu yaa baiknya kita menilai dengan bijak ya maaf ini hanya pendapat saya terimakasih gojeksemoga makin sukses dan makin canggih pelayanannya ya,5,2024-01-07 21:38:29,4.80.4,positive,rating_rule,349
buga sara,Its ok,5,2024-01-10 23:32:45,4.80.4,positive,rating_rule,6
Stella renata,Saya sering pake go send lalu driver dengan seenak udelnya cancelpadahal bawa motor vario meskipun jenis Nmax seharusnya driver tidak terima pengantaran klau keberatan dgn muatan barang utk motor yg tidak sampe 20kg,1,2024-01-11 00:49:36,4.80.4,negative,rating_rule,215
Fikri A.k,Pesanan go food gabisa di cancel plus ongkirnya ga ngotak apacoba perbaiki bug masa voucher diskon ilang,1,2024-01-07 17:50:44,4.80.4,negative,rating_rule,104
Arifin Setiawan,Lelet nyari drivernya telat melulu,1,2024-01-10 17:29:12,4.80.4,negative,rating_rule,34
Sri Harjanti,Selalu langganan pakai gojeg,5,2024-01-10 16:45:28,4.80.4,positive,rating_rule,28
IKMAL TAFRIJI,giliran pake goride biasa dapetnya motor keren mulu paling sering Aerox sama Nmax tapi pas pake goride comfort malah dapet motor yg b aja Tapi keren si gojek Jadi Transportasi utama buat ke rumah ayang,5,2024-01-07 17:59:54,4.80.4,positive,rating_rule,201
Zky monster,Mantapz,5,2024-01-10 23:11:01,4.80.4,positive,rating_rule,7
Wisnu Nugroho,Untuk sementara good,5,2024-01-07 21:22:47,4.80.4,positive,rating_rule,20
Herman Setiawan,Gojek good,5,2024-01-10 17:18:40,4.80.4,positive,rating_rule,10
Hail Valex93,Aplikasi apaan knpa pinku di nonaktifkan,1,2024-01-10 17:28:20,4.80.4,negative,rating_rule,40
Lisa Novianti,SANGAT KECEWA Saya ada keluhan terkait sistem gojek yg error Saat transaksi gofood saya pilih resto gofoodplus dan karena berlangganan langsung terpotong ongkir menjadi gratis Tagihan sudah betul saya byr dg paylater Setelah makanan dtg tiba2 tagihan berubah dikenakan ongkir CS tidak menanggapi HANYA MESINbahasa mesin Dan tidak ada problem solved nya Langsung ditutup tanpa komunikasi Seperti ngomong dengan setan pocong ajah Di diemin doang Terus laporan ditutup CS apaan tuh,1,2024-01-10 19:16:10,4.80.4,negative,rating_rule,478
Bagus Prasetyo,APLIKASINYA KELUAR SENDIRI MULU ANEH PADAHAL BARU JUGA DOWNLOAD PAS DI KLIK LAGI KELUAR MULU G MASUK MENU,2,2024-01-07 22:35:16,4.80.4,negative,rating_rule,105
Shinta Novita,MANGTAAAAPPPPP,5,2024-01-07 18:24:31,4.80.4,positive,rating_rule,14
Heriboy 46,Ini sudah normal aplikasititik awal driver tidak kelihatan jadi gak transparan Gojek cuman tampilan animasi saat pemesanan tapi kenapa setiap order go food sering sekali dapat driver yang minta ongkos tambahan alasannya mereka cuman dapat ongkir Rp5000 padahal saya pesan diaplikasi kena ongkir lebih Rp16000 tolong diperbaiki oknum driver yang kayak gini Jek,1,2023-12-21 04:10:40,4.80.3,negative,rating_rule,359
Aprilia Lutviani,Dulu sering pake gojek sangat bermanfaat Banyak diskonnya Sekarang udah jarang dapat diskon klo ga penting amat ga pengen instal deh Untuk driver driver yg pake motor jauh lebih sopan drpd yg pake mobil Gimana gak dikit minta tip perjalanan jauh dikit karna jalannya d tutup minta tip pdahal kan jalan d tutup bukan salah saya Saya lebih memaklumi driver yg pake motor Dan saya lebih ikhlas memberi tip kepada mereka Karna apa Karna kalo ngasih tip harusnya ga d target kan se ikhlas,1,2023-12-25 13:17:34,4.80.3,negative,rating_rule,483
Firman Tama,Wooosshhh,5,2023-12-21 09:50:03,4.80.3,positive,rating_rule,9
Zia Fausta,Habis update sering forced close tolong diperbaiki,2,2023-12-21 02:34:46,4.80.3,negative,rating_rule,50
bintang harapan,Mobil bersih driver ramah perjalanan nyaman,5,2023-12-21 06:31:30,4.80.3,positive,rating_rule,43
odii,aplikasinya sangat sering crash bkin susah dan lama kalau pesan,1,2023-12-21 12:02:05,4.80.3,negative,rating_rule,63
Bayayaamm.,lama kali dpt driverny cpk org dibuatny,2,2023-12-24 05:18:47,4.80.3,negative,rating_rule,39
Andiaz Pradita,okk,5,2023-12-20 16:06:48,4.80.3,positive,rating_rule,3
Amir Nagif,Tks gojek puas dgn pelayanan anda,5,2024-01-29 05:37:36,4.80.3,positive,rating_rule,33
Sri Suwartini,memberi kemudahan dan nyaman,5,2023-12-25 13:15:12,4.80.3,positive,rating_rule,28
Adinks 04,Kenapa ya saya sudah lakukan pendaftaran pinjaman gopay ko ditolak apa ada salah dengan saya Mohon penjelasan y,1,2024-01-06 07:49:47,4.80.3,negative,rating_rule,111
A Supriyadi,gojek terlalu bnyak aplikasi include internal kadang lemot chat driver aplikasi bisa di baca pelanggan 15 20 mnit setelah driver kirim pesa,5,2023-12-25 13:10:50,4.80.3,positive,rating_rule,139
Resa Aristava,Aplikasi yg makin lemot sering macet2 Parah ini,1,2023-12-21 09:55:37,4.80.3,negative,rating_rule,47
Jelly Tobing Tobing,GO JEK THE BEST,5,2023-12-20 18:29:25,4.80.3,positive,rating_rule,15
ventra sinurat,Layan yg memuaskan,5,2023-12-21 10:15:40,4.80.3,positive,rating_rule,18
Juna Jung,Mantap si gojek,5,2024-01-06 11:49:56,4.80.3,positive,rating_rule,15
Eugenia Livania,Ini kenapa ya kok maps di gojek ini otomatis gitu saya mau pilih titik jemput tapi nga bisa terus dia langsung otomatis Mulu cuman itu aja sih overall bagus kok,3,2023-12-21 06:08:44,4.80.3,neutral,rating_rule,160
Arsyila Ardhanareswari,Padahal sering transaksi tapi nggak dapet playter nya sama gopay pinjaman,5,2023-12-20 15:29:14,4.80.3,positive,rating_rule,73
Nani Mariana,alhamdulillah dpt orang yg ngantar ramah,5,2023-12-21 03:45:49,4.80.3,positive,rating_rule,40
Ummu Fatimah (Ali Nassupiah),Banyakin lagi promo nya dong,5,2023-12-21 01:43:27,4.80.3,positive,rating_rule,28
Siti Aisiyah,Aplikasi ini saya sdh pakainya lama Tetapi akhir2 ini sdh 2 minggu ndak bisa dibuka Sambungan internet ok,2,2023-12-21 08:31:57,4.80.3,negative,rating_rule,105
Randy Pratama,aplikasi sering ngelag,5,2023-12-25 13:44:38,4.80.3,positive,rating_rule,22
Rosihan Anwar,Ok berguna banget,5,2023-12-24 06:52:26,4.80.3,positive,rating_rule,17
Anastasia Senduk,Terimkasih Sudah Dikiirim dg baik,5,2023-12-21 12:25:03,4.80.3,positive,rating_rule,33
Cute _gaming,APKLIKASI TOLOLUPGRADE GOPAY PLUS GAGAL MULUJADI GABISA TRANSAKSI APA APA BUAT APLIKASI YANG BERGUNA LAH KALO ADA FITUR TRANSFER KE BANK ATAU EWALLET APAPUN BIAR BERGUNA,1,2023-12-21 02:23:49,4.80.3,negative,rating_rule,169
ivan Sofyan,Recomended,5,2023-12-26 23:57:10,4.80.3,positive,rating_rule,10
Nunung Saadah,ga ada gotix ga asix,1,2023-12-20 15:29:22,4.80.3,negative,rating_rule,20
Agusti Jhon,Erorr,2,2023-12-21 08:09:58,4.80.3,negative,rating_rule,5
ali gunawan,Ude mulai ga jelas gojek Sekali nghanggg ga jlss bgtt ga bisa masukkkk terus Semakin update semakin ribett aplikasihnye,1,2023-12-21 10:36:29,4.80.3,negative,rating_rule,119
021 Mauritsya Y.A Barreto,Aplikasinya sangat membantu order makanan dan banyak diskon tetapi terkadang aplikasi tidak bisa respon saat di buka,5,2023-12-21 12:12:50,4.80.3,positive,rating_rule,116
IAN P,Menu komplain konsumen pembelian pulsa ke IM3 tak dapat menemukan solusi bagi konsumen Dilempar lempar semoga dapat diperbaiki,1,2023-12-27 02:57:16,4.80.3,negative,rating_rule,126
Muhammad Ferdi Kurniawan,Coba lah diajarin tu driver2 pake aplikasi Saya pesan makanan di gofood sampe se jam taunya dia salah tempat Saya pesen mcd drivernya malah datang di kfc NUNGGU 1 JAM HANYA KARENA DRIVER SALAH TEMPAT Sampe mcd nya chat saya untuk hubungi driver biar cepet Saya tidak ada urusan buat chat sana sini Yang begini DARI PIHAK GOFOOD lah buat urusin ginian Saya hanya mikir yg penting makanan saya datang,3,2024-01-06 15:18:30,4.80.3,neutral,rating_rule,398
Carolus Adi,Kode OTP salah mulu kocak,1,2023-12-21 05:20:06,4.80.3,negative,rating_rule,25
Notaris Raendhi,Terimakasih telah menemani perjalanan saya dengan baik dan aman,5,2023-12-21 11:19:46,4.80.3,positive,rating_rule,63
Yunike Marlina,pelayanan oke,5,2023-12-21 06:03:05,4.80.3,positive,rating_rule,13
Bayu Yunussiswanto,Sangat ramah tamah,5,2023-12-21 01:29:15,4.80.3,positive,rating_rule,18
Muhamad Soleh,Mohon bantuan nya untuk mengubah kata Sandi Dan perkuat akun kamisudah email tapi tidak ada jawabanmohon di tindak lanjuti,1,2023-12-21 08:40:22,4.80.3,negative,rating_rule,122
Aditya Pratama (Gamers),Update makin tolol sering tulisan  koneksi internet tidak stabil padahal 120mbps,1,2023-12-20 17:40:20,4.80.3,negative,rating_rule,80
Feby Menye,pemilihan rute baik tapi sayang pengemudi kurang respek dalam membantu penumpang yang sedang membawa bayi sama sekali tidak membukakan pintu  membawa tas penumpang,3,2023-12-21 09:21:25,4.80.3,neutral,rating_rule,163
Anggie Lozian,Untuk gocar bandung hawa panas dah bayar mahal ac gak ada yang nyala pengalaman liburan ke bandung 2 hari pake jasa gocar ada 6x pake jasa gocar di dalam mobil mati semua ac dah kayak pake angkotmending pake angkot aja murah juga iyhkapok kita kan pake gocar biar nyamanini panas nya lebih2 di angkot,1,2023-12-21 09:06:45,4.80.3,negative,rating_rule,300
Dedi Supriyadi,mantaaab,5,2023-12-21 07:00:46,4.80.3,positive,rating_rule,8
Agustina ria,saran aja sii kalau go food waktu tunggu pesanannya minimal jangan lama lama ah masa ya disuruh nungguin 4050 menitan padahal jarak dari rumah deket  fyi saya ngegofoodnya deket karna waktu itu lagi sakit  pliss lahh,2,2024-01-19 09:20:25,4.80.3,negative,rating_rule,216
Erna Mariana,cepat akurat ok pokoknya,5,2023-12-25 03:27:45,4.80.3,positive,rating_rule,24
adeem chaanneelll,Sering sering ngasih promo,5,2023-12-20 18:45:23,4.80.3,positive,rating_rule,26
Asky Mionizer,PELIT VOUCHER,1,2024-01-19 07:52:02,4.80.3,negative,rating_rule,13
Sudarmini Sudarmini,Iklan terus,1,2024-01-28 06:20:17,4.80.3,negative,rating_rule,11
Gondel Woii,aplikasi ga jelas,1,2024-01-05 14:08:20,4.80.3,negative,rating_rule,17
mahlida kilwo,Hallo GOJEK kenapa saldo kartu kereta saya masih kosong padahal sudah saya top up di gopay saldo gopay saya juga sudah berkurang tapi saldo kartu tapcash masih tidak masuk,1,2023-12-21 06:58:26,4.80.3,negative,rating_rule,171
TriLie Gamers,Sekelas Gojek Mengalami Error Lama Sekalian Top Up Bisa  Buat Transaksi Pembayaran Error Terus  KOCAK,1,2023-12-20 17:34:25,4.80.3,negative,rating_rule,101
MIP Sangadji,Oke sangat membantu,5,2023-12-21 04:32:54,4.80.3,positive,rating_rule,19
Welsty Palallung,Go food membantu bgt kalo laper tengah malam menjelang subuh diskon menarik tambahin terus yak,5,2023-12-20 18:36:13,4.80.3,positive,rating_rule,94
Brehok 1292,Kenapa tidak bisa masuk ke aplikasinya dan malahan keluar lagi dari awal sebelum masuk aplikasinya  Sedangkan ke aplikasi yang lain bisa masuk dengan mudah  Jadi saya beri bintang 2,2,2023-12-20 19:10:18,4.80.3,negative,rating_rule,181
aslinaroza lina,Sangat membantu dalam kehidupan,5,2024-01-07 03:39:03,4.80.3,positive,rating_rule,31
Rupinus Wanimbo,gratis,5,2024-01-19 19:46:34,4.80.3,positive,rating_rule,6
Zein Senpai,ini kenapa gojek suka hilang sinyal  crash padahal laje wifi  mobile juga sama,1,2023-12-20 17:39:45,4.80.3,negative,rating_rule,78
Ka Guru,Eazu,5,2023-12-26 12:32:42,4.80.3,positive,rating_rule,4
Bakti Nanda,sering ngefreeze,3,2023-12-20 19:46:35,4.80.3,neutral,rating_rule,16
Alit Alfaris,Force close terus,1,2023-12-21 11:34:08,4.80.3,negative,rating_rule,17
Rama Doni,Pesan gofoodsll ganti driverdari yg nama nya zainalganti indraganti jayasy tidak pakai mode hematsy pesan nasi goreng jadi nasi dingin yg sampai,1,2023-12-20 18:12:30,4.80.3,negative,rating_rule,144
Edi Priono,Aplikasi sering crash gak jalan padahal buka aplikasi lain aman aman aja udah gitu maps sama alamatny gak sinkron driver yang hafal jalur jadi nanyain mulu ini yang bener yang mana titiknya di dalam kota tp alamatnya di luar kota,1,2023-12-20 19:36:55,4.80.3,negative,rating_rule,229
Dr Ginta,Makin aneh sekarang go food order makanan terima 2 orderan makanan jadinya nunggu lama,1,2023-12-24 01:26:20,4.80.3,negative,rating_rule,86
zahirin Saputra,Bintang 3 lebih baik,3,2024-01-19 11:39:47,4.80.3,neutral,rating_rule,20
fhandy affandi,Sy kasih bintang 1  Harusnya juga gojek ride punya gojek hemat setara harga maxim seperti kompetitor hijau sebelah biar orderan kalian makin lancar untuk goride dan gocarnya,1,2023-12-20 22:29:17,4.80.3,negative,rating_rule,173
Tetty Marliana,Kenapa tidak bisa diperbaruiapa aplikasi gojek mau ganti,5,2024-01-27 13:01:01,4.80.3,positive,rating_rule,56
Taman Mimpi 786,saya ubah bintangnya semenjak gopaylater diblokir padahal saya gak pernah telat bayar dan gak ada tunggakan sama sekali,1,2024-01-07 13:15:53,4.80.3,negative,rating_rule,119
Mihad 06,Berbagi rezeki itu indah,5,2023-12-20 17:31:06,4.80.3,positive,rating_rule,24
Siraj Hisyam,APLIKASI GAJELAS TIDAK MEMIKIRKAN DRIVER,1,2024-01-06 06:40:43,4.80.3,negative,rating_rule,40
Udi Suryana,Gocar top,5,2023-12-21 08:57:20,4.80.3,positive,rating_rule,9
Bayu Rizky,Alhamdulillah selama pake aplikasi ini tidak pernh ada kendala  Semoga tuk kedepannya tetep konsisten,5,2023-12-24 12:26:54,4.80.3,positive,rating_rule,101
ahmad basya,Bagus belum pernah mengecewakan,5,2024-01-28 09:58:03,4.80.3,positive,rating_rule,31
Ujang Rudiawan,Sangat membantu dlm segala hal terutama pada saat jam sibukterima kasih gojek,5,2023-12-28 07:12:14,4.80.3,positive,rating_rule,77
Chyntia,Aplikasi suka ngecrash gk bisa pesen ojek Klo tlpn suka gk ada suara Titik gk sesuai,1,2023-12-21 11:20:18,4.80.3,negative,rating_rule,84
bagya saptana,Langganan ok aja,5,2023-12-21 00:17:42,4.80.3,positive,rating_rule,16
Erna Kusmaryati,Bermanfaat dan cepat,4,2023-12-21 08:07:08,4.80.3,positive,rating_rule,20
Juvita Anjani (Juju),Susah bgt cari driver di jam sibuk Padahal di sekitar titiknya banyak driver,1,2024-01-28 11:32:40,4.80.3,negative,rating_rule,76
Suparno Arno,Suparno belum bisa membuka aplikasi,5,2023-12-21 08:08:42,4.80.3,positive,rating_rule,35
Triska Manullang,aplikasi ok tawaran diskon ok,5,2023-12-20 16:23:12,4.80.3,positive,rating_rule,29
Sarinah Sari,Setelah di up dateko mlh lemot 3 bln ini ga da perubahanga dr lemotga bs transaksi samsexsaldo ngendap pdhl mau byr listik dan air,1,2024-01-18 20:10:09,4.80.3,negative,rating_rule,130
Joe Hendry,mantap betul,5,2023-12-23 23:51:06,4.80.3,positive,rating_rule,12
Hapbil Ferlando,Apk nya eror ga bisa buat mesan makanan harganya tidak muncul,1,2023-12-21 11:05:02,4.80.3,negative,rating_rule,61
Martha Irayani,Saya pengguna gojek setia beserta keluarga kenapa anak saya pesen gofod mnta duit lebih mang di ajari ya dari gojek,1,2023-12-20 17:40:41,4.80.3,negative,rating_rule,115
Muhammad Dzaky,Aktifin GoFood plus diskon yg biasa mingguan dapet ilang giliran aktifin paylater diskon paylater juga ilang pinter bet ni aplikasi,1,2023-12-21 04:43:19,4.80.3,negative,rating_rule,131
Badriah,Aplikasi ojek online terbaik deh pokok nya,5,2023-12-28 05:58:06,4.80.3,positive,rating_rule,42
Iwan Luriansyah,Untuk saya cukup membantu,5,2023-12-27 12:00:02,4.80.3,positive,rating_rule,25
rustanti evi,Saya kecewa dgn aplikasi ini masalah top up gopay sdh terpotong saldo dr mbanking berhasil trf top up tp saldo tdk masuk ke gopay sy Tdk byk memang hny 50 rb tp 50 rb itu byk utk sy,1,2023-12-30 00:45:36,4.80.3,negative,rating_rule,181
Lc Gaming420,Loba d oprek,1,2023-12-20 16:47:43,4.80.3,negative,rating_rule,12
Robi Yansah,Sangat tidak kompeten untuk menyelesaikan masalah dan terlalu rumit,1,2023-12-21 07:28:45,4.80.3,negative,rating_rule,67
Khoirul Anam,Lambat aplikasi nya padahal jaringan internet bagus,1,2023-12-25 08:39:49,4.80.3,negative,rating_rule,51
Nur Fitriyanti,Membantu bgt khususnya untuk pesan makanan,5,2024-01-27 06:48:40,4.80.3,positive,rating_rule,42
Hanif Dwiki Dammara,Dah lama pakai cuman akhir akhir ini terlalu sering crash bukan masalah sinyal,3,2023-12-21 04:34:31,4.80.3,neutral,rating_rule,78
Rita Sujanto,Sy kecewa dgn Gofood  pada saat ingin batalkan pesenan wkt yg diberikan sangat sedikit  sehingga sy order makanan kemahalan,1,2023-12-25 02:13:35,4.80.3,negative,rating_rule,123
Siti Khasanah,Makin kesini makin lemot Internet udah full 5g apk ttp aja gabisa dibuka Orang yg tdnya buru2 jadi pindah ke apk sblh aja,1,2023-12-21 11:25:24,4.80.3,negative,rating_rule,121
Lutfiah Febrianti,suruh update mulu,2,2024-01-30 23:25:02,4.80.3,negative,rating_rule,17
Fatkhul Amin,mantapz,5,2023-12-21 02:45:05,4.80.3,positive,rating_rule,7
Ihda Yantan Zaly,Nyari driver nya lama,1,2023-12-21 06:33:29,4.80.3,negative,rating_rule,21
Arnold Sianturi,Driver kalian itu pada teriak ongkir Rp5000 ga sesuai dengan apa yg kami bayar buat ongkir food Program kalian membuat pelanggan tidak nyaman,1,2023-12-21 04:42:19,4.80.3,negative,rating_rule,141
hanz famz,Aplikasi sering nge freeze setelah update,1,2023-12-20 18:28:01,4.80.3,negative,rating_rule,41
herfianto bayu,Banyakin Promo dongs,5,2023-12-21 11:22:42,4.80.3,positive,rating_rule,20
Reihan Hafiiz,aku suka aku suka,5,2023-12-27 10:56:33,4.80.3,positive,rating_rule,17
Ryo Atmojo,Bagus bnget,5,2024-01-31 03:37:41,4.80.3,positive,rating_rule,11
ali mahmudin,Aplikasi yg sangat2 bagustop markotop,5,2023-12-26 15:33:58,4.80.3,positive,rating_rule,37
Halim Wijaya,Pesen makan di gojek 2 jam gak datang datang udah gitu gak bisa dibatalkan Kecewa sama apk ini sekarang,1,2023-12-21 11:55:15,4.80.3,negative,rating_rule,103
ovie sitirofiah,Kurang puas dengan layanan bantuan nya gopaylater yg tibatiba diblokir padahal bayar selalu tepat waktu dan halaman bantuan serta laporan yang tidak bisa menjawab pertanyaan konsumen,1,2024-01-01 06:15:16,4.80.3,negative,rating_rule,182
Sulaiman,Jujur aplikasi ini bagus,4,2023-12-20 12:33:21,4.80.3,positive,rating_rule,24
Erick Sandii,Aplikasi yang bikin gua mkn bakso tiap hari,5,2023-12-20 13:03:02,4.80.3,positive,rating_rule,43
rahma dani,burukdrivernya pada sombong dichat malah ngatain orang tolong dong diperhatiin,1,2024-01-03 12:36:57,4.80.3,negative,rating_rule,78
muhammad Ansor,GILA ONGKOS DRIVER CUMA 2000  POTONGAN GAK KIRA KIRA DI TAMBAH LAGI YG BIKIN ANYEP DRIVER ADALAH SETIAP COSTUMER PEMESAN DI PAKSA BAYAR 5000 UANG TAMBAHAN perbaiKAN APLIKAYyg gak ada hubungan dengan costumerMAKIN KESINI PEMESAN MAKIN SEPI MAKIN PINDAH  GOJEK BANGSAAT HAPUS AJA AKUN DRIVER YG GOCENG,1,2023-12-19 19:00:49,4.80.3,negative,rating_rule,299
Ermawati,Memudahkan kita dalam segala hal,5,2024-01-16 14:48:14,4.80.3,positive,rating_rule,32
Saro edi Telaumbanua,Pelanggan saya mengirim uang ke go pay sayaada buktidan saya cekuang itu tidak ada masuk uang itu dimana ya pak bu,1,2023-12-19 18:32:47,4.80.3,negative,rating_rule,114
rivan sanjaya,Untuk gojekkalo resto rumahan mau ny di beri tanda atau di tolak masalah ny saya sering bermasalah kalo pesan dapat resto rumahan masak ny suka ngasaltidak sesuai dengan di fhoto,1,2023-12-19 17:48:39,4.80.3,negative,rating_rule,178
Chika TU,Sekarang agak susah order gojek tiba2 bisa lama banget baru dpt gojeknyaa gak kayak duluu,2,2023-12-20 11:25:00,4.80.3,negative,rating_rule,89
Malvien Marchelino,Nambah banyak bug aplikasinya semenjak update,1,2023-12-19 11:03:28,4.80.3,negative,rating_rule,45
eko hartanto,Order jam 1300 makanan sampe jam 1355 padahal pake ongkir standar bukan yg murah  Lebih cepat aplikasi sebelah,1,2023-12-20 11:14:38,4.80.3,negative,rating_rule,110
Rsy,gosend kek apa si pesen jam 4 datang2 jam setengah 10 mlm  mikir lah,1,2023-12-21 14:00:02,4.80.3,negative,rating_rule,68
Nara Zaky,ngebantu bgt intinya,5,2023-12-19 10:30:49,4.80.3,positive,rating_rule,20
Sandi Maulana,Layanan bantuan nyaa jelek layanannyaa isi bot semua permintaan konsumen tidak ada satupun yg terpenuhi,1,2023-12-20 14:26:28,4.80.3,negative,rating_rule,103
Fahmi Ahmad Tohir,Jelek banget ini aplikasi bagusan yang sebelah mau transaksi aja susah amat mana perkara nyalahin sinyal segala lagi,1,2023-12-20 09:16:14,4.80.3,negative,rating_rule,116
Cila Ariesta,Ini gojek napa yaa lagi mesen makan tau2 ngelag lg pilih resto tau ngelag kluar blank jdi dri awal lagi,1,2023-12-19 17:19:22,4.80.3,negative,rating_rule,103
Dian Firmansyah,Cepetprofesi9nal cuman promonya dikit,5,2023-12-18 10:22:02,4.80.3,positive,rating_rule,37
Atikah Tikah,Knapa aplikasi gojek gk bsa dibuka,1,2023-12-20 09:18:46,4.80.3,negative,rating_rule,34
OTONG M H KAWASEN MABES,Gojeg kopet ga bermutu,1,2023-12-23 10:15:02,4.80.3,negative,rating_rule,22
Saeful Bahri,Kecewa sudah lama pakai gopay tapi sekarang gopaylatter sudah tidak bisa di gunakan padahal Masi full dan tidak pernah telat bayar,1,2023-12-19 16:43:24,4.80.3,negative,rating_rule,130
Bakmi jawa Legend,Bagusdisiplinkan untuk selalu senyum dan bahagia gembira proaktif produktif bersenang2 piknik jalan2 dan terus mengembangkan diri,5,2023-12-21 15:17:06,4.80.3,positive,rating_rule,129
Michel Pandya Yusuf,Makin berat aja aplikasi buat buka aja sering force close,2,2023-12-23 10:05:15,4.80.3,negative,rating_rule,57
Yulius Liu,Baik Dan sangat membantu,5,2023-12-19 16:42:51,4.80.3,positive,rating_rule,24
tristan putra,Semangat terus pak,5,2023-12-20 09:38:55,4.80.3,positive,rating_rule,18
Tri susilawana,GAK JELAS APLIKASI NYA KALO DI BUKA LOADING MULU,1,2023-12-20 08:56:28,4.80.3,negative,rating_rule,48
Ina Aftiani,dapet drivernyaa lamaaaa,1,2023-12-20 08:38:11,4.80.3,negative,rating_rule,24
sendi Yohanes abraham,Mangkin parah nih apliaksi setiap kali mau klik selalu gak bisa parah parah,1,2023-12-19 22:50:17,4.80.3,negative,rating_rule,75
Desty Yunita,Pesen gocar drivernya minta dibatalkan tanpa aplikasi maunya tarif manual aja dan dibatalkan sepihak sma drivernya pas customer udah masuk mobil Alhasil driver gatau jalan hingga tarif jauh melebihi yg sesuai diaplikasi Karna kesalahan driver jadi customer yg dirugikan Udah gitu gabisa laporan kekantor karna gaada riwayat perjalanan diaplikasi Emang gitu ya klo dibatalkan Sma driver riwayat perjalanan nya hilang,1,2023-12-20 14:49:45,4.80.3,negative,rating_rule,415
Tiara Yuliana,bagus banget padahal saya pake mode hemat trus Dateng makanannya sekitar 40  50 menit tapi datang makanannya cuma 19 menit cepat banget job dehhh buat gojek semoga sukses terus kedepannya,5,2023-12-20 13:25:50,4.80.3,positive,rating_rule,187
Jordan Efraim,Gopaylater bermasalah semenjak dipegang MAB Setau saya kredit skor di akun saya tdk bermasalah Untuk apa disediakan jika tidak ada fungsi Dan tolong adakan konfirmasi kepemilikan akun jika memang dicurigai disalahgunakan Terimakasih Maaf GOJEK kamu sudah mengecewakan saya yg jadi pelanggan setia,1,2023-12-20 08:16:36,4.80.3,negative,rating_rule,296
Ghandur Al Basith Fadillah,Titik kordinat suka tidak benar dan driver nya susah,1,2024-01-03 11:04:34,4.80.3,negative,rating_rule,52
Susan Fauziah,Tapi jarang ada promo,5,2023-12-19 02:23:38,4.80.3,positive,rating_rule,21
Ira Puspita Heru,Bagusberguna sekali,5,2023-12-19 22:39:41,4.80.3,positive,rating_rule,19
Deva Arya Sareza,ga enak banget make gojek gw make gojek cuma buat gunain gopay nya eh tiba tiba saldo gw kesedot buat bayar langganan yang udah gw batalin,2,2023-12-20 08:19:06,4.80.3,negative,rating_rule,138
Tiar Ans,Kalau untuk food kurang menurutku tp kalu untuk antar mengantarr so far so good,5,2023-12-23 01:43:50,4.80.3,positive,rating_rule,79
Kuncoro Eko Wicaksono,Gopaylater mending dihapus aja sudah tidak ada gunanya tidak bisa buat bayar ini itu termasuk order gojek,1,2023-12-19 21:35:57,4.80.3,negative,rating_rule,105
Agus iswahyudi,Pesen makanan fast food order sampai datang makanan 40 menit padahal jarak resto ke rumah cuma 2kmdatang dah dingin kayak mayit hilang selera makan saya,1,2023-12-19 21:34:21,4.80.3,negative,rating_rule,152
Asti Rizki A,Bayar KUA tulisannya bisa tapi gagal trs,1,2024-01-02 03:26:41,4.80.3,negative,rating_rule,40
Don Geteng,Semakin busuk Apalagi gopaylater nya tiba2 ngk bisa donk ngk ad notiv ngk ada sebab Limit utuh Terkocak Giliran pgn hapus permanen kagak bisa alesan ad tagihan Aplikasi bengek  go pou,1,2023-12-19 20:06:13,4.80.3,negative,rating_rule,183
Nafdn Nafdn,Moga moga gopaylater di ACC lagiamingggg,5,2023-12-20 14:47:10,4.80.3,positive,rating_rule,40
Faiz Haidar,Aplikasi sering ga bisa di pencet bikin emosi jaringan udah lancar masih aja lemot gmn nih,1,2023-12-20 14:43:15,4.80.3,negative,rating_rule,90
Adi Putra,Gopaylater saya terblokir bagaimana cara mengembalikan nya Minta nomor cs nya,3,2023-12-20 08:31:38,4.80.3,neutral,rating_rule,77
ossi saputra,Sering force close di android G99 ram 8256 android 13,1,2023-12-19 09:41:02,4.80.3,negative,rating_rule,53
Melinia Anjani,Hengggg teroooosssssss parah Edit udh ver terbaru jaringan bagus Telkomsel di jkt soalnya msih aja heng Makasih Tinggal bayar pesanan malah ngulang lagi Apa ga buang2 waktu aja namanya Mempersulit ini mah Semoga membaik y,2,2023-12-20 08:37:23,4.80.3,negative,rating_rule,221
franky ys,Saya ganti pin gopay saya via apk gopay tdk ada masalah tp ketika saya coba ganti via apk gojek selalu muncul notif tdk ada jaringan internetsilahkan coba beberapa saat lagi Padahal jaringan internet saya bagus aja Apa masalahnya,3,2023-12-19 19:56:43,4.80.3,neutral,rating_rule,229
Tiar Hyde,very gooooood very gooooood,5,2023-12-20 09:48:32,4.80.3,positive,rating_rule,27
Andreas Brayen Wattimena,Cara hubungi CS Gojek gmna yah sqya mau cancel gosend saya yg pertama karena salah alamat namun tdk bisa dicancel  di pusat bantuan tdk ada opsi,3,2023-12-22 15:11:03,4.80.3,neutral,rating_rule,144
0885 Dewi,Siip tingkat kan pelayanan,5,2024-01-10 06:44:08,4.80.3,positive,rating_rule,26
Arif Hutapea,Tgl 21 des 2023 saya pesan gocar tdk jadi pake tapi ongkos 33000 tetap dipotong,1,2023-12-21 14:37:57,4.80.3,negative,rating_rule,79
Pengguna Google,Tambah hari tambah sip AE pelayanan nyacari driver sulitnya melebihi antri BBMkadang begitu dpt driver seenaknya aja main cancel gak ngomong padahal tadinya bilang maudah GT ongkosan mahalluar biasa wesmending gojek yg dulu pertama download sangat membantu dan memudahkangak perlu banyak pilihan menucukup gofoodgoridedan gocar tp pelayanan maksimal,2,2023-12-23 00:04:18,4.80.3,negative,rating_rule,349
Atia Faradilla,Sebenarnya aplikasi nya sgt membantu dan memudahkan dgn fitur fiturnya cuma akhir akhir ini aplikasi sering nge bug lagi ngorder pesanan jdi macet,3,2023-12-18 13:43:05,4.80.3,neutral,rating_rule,146
Pengguna Google,Crash,1,2023-12-19 13:57:47,4.80.3,negative,rating_rule,5
sri sundari,Sering 2 ada promoatau potongan,5,2023-12-20 13:32:14,4.80.3,positive,rating_rule,31
dedi jantuk,Kenapa ko susah dibukatadiy lancarlancar aja,1,2023-12-20 14:24:39,4.80.3,negative,rating_rule,44
Rudy Simanjuntak,banyakkan trus promo di setiap layanan,5,2023-12-21 14:38:36,4.80.3,positive,rating_rule,38
rapunzel hanifah,Sangat membantu dan bnyak promo,5,2023-12-20 13:32:03,4.80.3,positive,rating_rule,31
Malang Kabupaten,Saya pesan gofood reguler bukan hemat Tapi saya dapat driver nya lama banget 1 jam baru dapat driver Pas makanan datang sudah dalam keadaan dingin dan mie nya sudah lembek besar2 seperti cacing Lebih baik sekarang kalo pesan makanan di grab atau shopee saja yg cepet dapat drivernya Gojek semakin lama semakin merugikan pembeli,1,2023-12-23 08:16:18,4.80.3,negative,rating_rule,327
satyawati aryanti,Enduuul,5,2023-12-31 07:51:53,4.80.3,positive,rating_rule,7
Binner Hasugian,Pengalaman yg sangat menyebalkan bersama gojek Sabtu lalu saya pesan gocar udah diterima orderan dlsaya tapi drivernya suruh saya batalin Saya tdk mau Drivernya cari alasan yg ga masuk akal Menyuruh saya menunggu karena katanya dia mau sarapan Dan setelah 29 menit menunggu tiba dia batalin dgn seenak jidasnya dgn alasan macet Saya akan kasih bintang 5 kalau si drivernya ditegur Gini doang nih pelayanan Gocar Saya buat laporan tentang pelayanan gocar Tapi ga ada responnya,1,2023-12-22 14:40:50,4.80.3,negative,rating_rule,475
Andri Maulana,Lagi pesen gosend aplikasi nge bugs wal akhir gk bisa dicancel gk bisa chat nungguin driver sejam Lama2 ketinggalan kalian sm grabshopee,1,2023-12-20 11:14:29,4.80.3,negative,rating_rule,136
Misjidin,Tambah hari tambah gk bisa dibuka,1,2023-12-20 10:59:46,4.80.3,negative,rating_rule,33
Ferdy,Aplikasi nya sering tiba2 berhenti,1,2023-12-19 12:35:20,4.80.3,negative,rating_rule,34
Parhaan,kalo kejauhan emgnya kenapa Cepet dingin Kan yang saya beli tu minuman dingin,4,2023-12-20 10:22:00,4.80.3,positive,rating_rule,77
yolanda putri,kayanya bukan cuma saya yg ngerasa deh skrg sering bgt crash deh gojeknya suka tb2 minta keluar pdahal udh paling update sy baca jawabn klian selalu blg pastikan snyal bagus sory ya sinyal wifi saya bagus jd emg dasar aplikasi kalian aja hrusnya klo mnta sering update ya dibagusin dong aplikasinya gimana sih,1,2023-12-21 13:04:07,4.80.3,negative,rating_rule,309
Dejan,Pas pemilihan alamat lama bener Buang waktu 20 menit Bukan internet saya ya ini mah,1,2023-12-21 14:35:31,4.80.3,negative,rating_rule,83
Akifa Naila,gopaylater ga bisa dipake pdhl saldo msh bnyak da ga pernah telat buat bayarpercuma dongg dikasih limit tp ga bisa di pakai tolongggg donggg di perbaiki bnyak yg komplen gopaylater ga bisa dipakai klw ga di perbaiki lama pelanggan nya pda uninstal ini apk udh mau 2bulan paylaternya ga bisa dipake,1,2023-12-22 13:26:03,4.80.3,negative,rating_rule,297
Abdul Hakim (FENG),Sangat senang terimakasih gojekdi bumi terasa surga kecil nyaman menyenangkan terimakasih,5,2023-12-19 00:43:01,4.80.3,positive,rating_rule,89
dedi hermanto,Siiip,5,2023-12-22 12:47:47,4.80.3,positive,rating_rule,5
Nurdiana Hanad,Sangat terbantuselalu pake gojek kemana pun mudahmudahan di destinasi wisata ada juga Abang gojek,5,2023-12-23 08:06:13,4.80.3,positive,rating_rule,97
Liswan Shombro,Ws apik,5,2023-12-19 15:34:48,4.80.3,positive,rating_rule,7
Sandy L,Di tempat nya tidak ada driver gofood sama sekali,2,2023-12-19 11:49:55,4.80.3,negative,rating_rule,49
Muhammad Sandi,Pindah ke DANA aja lebih mudah Udah 4 bulan pakai GOJEK masalah terus Udah di report masih juga ga di fix,1,2023-12-23 09:24:16,4.80.3,negative,rating_rule,105
Ilham Ramadhan,Makin hari makin jelek Penagihan paylater dan gopay pinjm apabila ada sangat gak logis Telat sehari langsung denda 35 Rb Pesanan gofood pun sekarang lamanya bukan main Dan untuk live location drivernya sering ga akurat Big No,1,2024-01-13 04:07:09,4.80.3,negative,rating_rule,225
Aen Nurrochman,Aseek pokonya pake gojek,5,2023-12-19 15:31:39,4.80.3,positive,rating_rule,24
YAKUP PRANAWA,Satu akun ternyata bisa terbuka di dua device hp bekas dgn apk yg udh dihapus setelah instal kembali dan verifikasi no yg berbeda terbuka lagi akun saya jadi takut simpan saldo disini,3,2023-12-19 15:02:34,4.80.3,neutral,rating_rule,183
Kristianti 79,Sekarang promonya harus bayar pake ini lah itu lah baru dpt promo Menyebalkan,3,2023-12-18 12:00:29,4.80.3,neutral,rating_rule,77
Ramulis Aaja,Mantaaaab,5,2023-12-19 06:26:34,4.80.3,positive,rating_rule,9
Heriyanto Yanto,the base,5,2023-12-19 14:47:42,4.80.3,positive,rating_rule,8
asalimjateng sslimbae salimbae,cukup bagus pelayanannya,4,2023-12-20 10:13:32,4.80.3,positive,rating_rule,24
Delta Bravo,Transaksi pake payleter gagal terus  Payah,1,2024-01-03 18:16:16,4.80.3,negative,rating_rule,42
Faisal Rifki,Aplikasi sampah ram 6 GB suka tidak respon aplikasi saya diinstal sedikit padahal cache udah dikosonginINTERNETPUN SANGAT LANCAR saya coba nonton YOUTUBE kualitas 1080 itu LANCAR TAPI APKNYA masih tetap begitu  Katanya pegawainya pengalaman 50tahun masih muda dan IPK 1000 tapi order kang jek sering eror jadi mempersulit untuk komunikasi kang ojek saat menentukan lokasi penjemputan Update dong bisanya tapi tidak berguna dan ngaruh sama sekali,1,2023-12-22 13:09:27,4.80.3,negative,rating_rule,445
Deni Chawel,Semua jadi mudah,5,2024-01-10 15:17:23,4.80.3,positive,rating_rule,16
Erik Setiawan1907,sekarang masuk aja ribet bgt jdi males make gojek,1,2023-12-18 13:53:06,4.80.3,negative,rating_rule,49
Andricha Pringadi,Buat customer yang merasa bayar gede tapi di komplain driver jangan ngerasa anda paling pintar sampe nyuruh aplikator didik lagi drivernya yg salah itu aplikator driver gojek sekarang emang beneran ada yg 1 trip 5000 dan itu bener adanya jangan sepihak nyalahin driver tapi samasama kroscek liat aplikasi masingmasing antara customer atau driver jelas2 itu ulah aplikator yang pengen terlihat murah tapi menyiksa mitra nya smart dikit jadi customer jangan mau promo doang tapi bego,1,2023-12-19 14:27:44,4.80.3,negative,rating_rule,481
Raafi ginting Official,Hampir semua drivernya minta dicancell dengan alasan jauhpadahal di aplikasi waktu tempuh tidak sampai 10 menitTerlebih kalau ongkosnya murahDan driver juga sering minta tambah ongkoskalau kita tidak mau driver minta cancell dengan alasan posisi driver jauh dari lokasi penjemputan,1,2023-12-20 14:54:32,4.80.3,negative,rating_rule,281
Dull Alter,P Ramlee we love,5,2024-01-12 00:57:04,4.80.3,positive,rating_rule,16
Diki Zulta,Memudahkan dalam urusan perut,5,2023-12-23 13:01:12,4.80.3,positive,rating_rule,29
susy henrawaty,Sangat membantu bagi kami yg tdk punya motor,5,2023-12-19 03:24:20,4.80.3,positive,rating_rule,44
Alan Arcil,Tiap pesen go ride lama sekalinya dapet di cancel trs SMA driver nya Yg makin kesel nya SDH 1 jam TDK ada yg mau ambil,1,2024-01-04 14:34:09,4.80.3,negative,rating_rule,118
Fery Umar,tidak dapat menampilkan saldo gopay dan memesan layanan setelah pembaruan,1,2023-12-18 04:41:02,4.80.3,negative,rating_rule,73
Edy Kastianto,Tingkatkan jangan sering error dan sering bung tolong aplikator kalo udah bagus jangan diotakatik nyusain orang aja banyak yg pindah ke aplikasi sebelah baru tau rasa,4,2023-12-22 01:05:43,4.80.3,positive,rating_rule,166
Rani,Dari dulu selalu menggunakan aplikasi gojek dan pelayanan nya luar biasa sangat baik Tapi akhir ini kenapa jadi sangat buruk Saya yang tadi nya bisa transfer ke bank melalui dana gopay saya sekarang harus Update ulang data ktp Dan lebih heran nya lagi sdh saya masukkan semua data tetap tidak bisa di gunakan Dan jasa pengantaran jadi sangat lambat serta biaya tarif penanganan nya luar biasa sangat nya mahal Contoh seperti go food MCD ongkir 22RB biaya penanganan 10Rb an lebih,1,2023-12-19 04:58:14,4.80.3,negative,rating_rule,479
Sri Emilda,Maaf sy kasih bintang 1 karena setiap sy mau check out selalu ditolak  Padahal limit sy banyak pembayaran bagus gak pernah telat Saya mau hapus saja dan tidak download lg,1,2023-12-20 06:17:35,4.80.3,negative,rating_rule,170
Didi Wahyudin,Dengan adanya tranpotasi gojekuntuk saya sangat berguna sekali,5,2023-12-20 02:24:10,4.80.3,positive,rating_rule,62
Raka Tarkhim,Makin ke sini mkin sering eror,1,2023-12-19 08:06:36,4.80.3,negative,rating_rule,30
Hendra sukriadi,Patent,5,2024-01-02 12:20:50,4.80.3,positive,rating_rule,6
Citra Dewi,Kenapa gopay later saya di bekukan  Sementara saya bayar tagihan tepat waktu aplikasi aneh,1,2023-12-19 08:25:35,4.80.3,negative,rating_rule,90
Agulovele25 Official,sering gagal MAP dan bikin driver nyasar kasihani lh driver,1,2023-12-22 23:07:27,4.80.3,negative,rating_rule,59
Muzakki Brillian Ilamsyah,Sangat bagus dan dapat mempermudah dalam berpergian,5,2023-12-20 04:26:54,4.80.3,positive,rating_rule,51
Mukhoiyarotuz Zamrudah,Baik menyenangkan,5,2023-12-20 06:40:07,4.80.3,positive,rating_rule,17
Muhammad Imamul Murtadlo M.I.M,Akses gak jelas internet idup dikira mati,1,2023-12-19 07:36:21,4.80.3,negative,rating_rule,41
Indah Apriliolita,Padahal tagihan udh dibayar tp masih di teror terus Cuman telat sehari doang karna aplikasi error gak bisa dibuka,1,2023-12-19 07:24:13,4.80.3,negative,rating_rule,113
Muhammad mahdi,Aplikasi tttt ooo lll lll ooo lll,1,2023-12-20 05:01:35,4.80.3,negative,rating_rule,33
naufal akhmad kamal,mohon berikan promo yang banyak kak makasih,5,2023-12-20 13:22:32,4.80.3,positive,rating_rule,43
Ahmad Heriyanto,Gopay saya tidak bisa di gunakan di suruh upgrade gopay plus setelah di upgrade gopay plus di tolak di karenakan ID sudah terdaftar minta bantuan via tlp customer care gopay dan email tidak ada bantuan nya hanya menghabiskan pulsa buruk dalam menyikapi permasalahan tidak bagus Saldo saya menjadi mengendap tidak bisa di gunakan TF sesama gopayke akun bankdi karenakan di paksa perbarui upgrade gopay plus Sistem Bank aja gk seribet ini,1,2023-12-20 05:29:53,4.80.3,negative,rating_rule,436
wulan Siti,udah gila ini gopaylater ckckckckkck ada tagihan cmn 500 rb baru telat beberapa hari dc nya neror terus udah gitu ga sopan wkwkwkw katanya OJK tapi ko ya parah beneeerr wkwkwkwkwkwk bintang 1 buat gopaylater,1,2023-12-20 05:36:06,4.80.3,negative,rating_rule,207
Sakti Irawan,Paling mantep klo kasih promo gofood,5,2023-12-20 04:44:38,4.80.3,positive,rating_rule,36
zainal arifin,Kenapa enggak bisa di hapus akunya Ribet amat kalau mau menghapus akun,1,2023-12-18 22:10:49,4.80.3,negative,rating_rule,70
Beyound- Sensei,Limit nya gede banget sih segede janji Anis waktu kampanye,5,2023-12-20 14:55:42,4.80.3,positive,rating_rule,58
Riska Sulistiowati,Terima Kasih Pak Gojek Galuh Digi Indra Pradana,5,2023-12-20 04:37:50,4.80.3,positive,rating_rule,47
bagus reno,saldo tetap terpotong padahal pembayaran gagal respon tidak cepat tidak bisa kirim pesan dengan live chat setelah itu tidak ada info selanjutnya,1,2023-12-19 04:07:40,4.80.3,negative,rating_rule,144
ASA HOUSE,Apik,5,2023-12-22 03:50:09,4.80.3,positive,rating_rule,4
Banda,ini cuma aku doang yang layanan go tix nya hilang atau gmna si udah update juga loh padahal,3,2023-12-18 21:31:01,4.80.3,neutral,rating_rule,91
Gustiar Maulana,Cengcengcik atu mikilkan maraneh daftar aceng alesanna nu penting dapur ngebulkan geus deal mun daftar dibere ongkos sakitugeus ulah loba pamolahteu ERA maraneh ka driver nu kena imbas langsung ku ayana program ieumakin loba driver nu nyarande di tangkalnu biasana tiap poe bisa ngebulkeun dapurayeuna jd meureun 3 poe sakali dapurna ngebul,1,2023-12-20 04:36:41,4.80.3,negative,rating_rule,340
Adil Nurdin,Ok bgus,5,2023-12-22 04:25:08,4.80.3,positive,rating_rule,7
Jon Bana,Top markotopjoosssee gandoosse,5,2023-12-21 12:37:43,4.80.3,positive,rating_rule,30
Dewi sastra official,Udah transfer ke gopay mau bayar pdam sampai sekarang aplikasi ngga bisa dibuka ngehank habis diupdate malah gangguan terus,1,2023-12-20 07:32:20,4.80.3,negative,rating_rule,123
sandi Kelana,Oke lah sangat membantu,5,2023-12-19 23:49:46,4.80.3,positive,rating_rule,23
KOSKAS ABRESGES,Promo Gofood nya pada mahal jauh sama si oyen,2,2023-12-21 14:10:12,4.80.3,negative,rating_rule,45
Ita Rosfita Sari,Tadinya 4bintang sekarang jadi 1bintang gopaylater gak pernah telat bayar masa abis upgrade gak bisa dipake Dari limit gede terus jadi kecil parah ini makin kesini makin gak jelas pelayanannya,1,2023-12-20 10:39:34,4.80.3,negative,rating_rule,192
alea tifa,gamau lagi pake layanan finansialnya buruk seperti pinjol ilegal tidak sopan padahal telat jam doang beda hari sblm nya ga pernah telat mendig gausah pada aktifin,1,2023-12-19 09:00:29,4.80.3,negative,rating_rule,162
Fahri Ramdhani,Jawaban cs jiplak mulu anjir ampe kesel sendiri bacanya ada fitur bantuan tapi cs udah kek bot Ngasih jawaban jiplak dan langsung mengakhiri obrolan sebelum permasalahan teratasi Payah,1,2023-12-19 05:33:16,4.80.3,negative,rating_rule,184
Ernie Tyas,Saat ada masalah laporan sama sekali tidak membantu,3,2023-12-31 14:01:33,4.80.3,neutral,rating_rule,51
Bintang Permana,saldo gopay ga masuk respon cs lambat dan ribet,1,2023-12-20 00:28:30,4.80.3,negative,rating_rule,47
Widi astuti,Lebih cepat,5,2023-12-22 10:28:02,4.80.3,positive,rating_rule,11
ade maulana,Ini aplikasi kenapa sering banget nge crash sih ampun dah,1,2023-12-19 02:43:06,4.80.3,negative,rating_rule,57
Aris Munandar,niceee,5,2023-12-23 03:35:43,4.80.3,positive,rating_rule,6
sukma ramantika,Kebanyakan promotapi giliran mau dipake alesannya sibukpercuma bikin promo sama voucher diskon,2,2023-12-22 10:42:32,4.80.3,negative,rating_rule,94
chandra saragih,Fast Respon driver,5,2023-12-22 10:42:55,4.80.3,positive,rating_rule,18
Ade Hambali65,Cukup menyenangkan,3,2023-12-20 07:48:00,4.80.3,neutral,rating_rule,18
Nurul ayudi,Knpa gopay pinjam tdk bisa,2,2023-12-18 23:13:53,4.80.3,negative,rating_rule,26
Kiki Rizqi,mancap sih,5,2023-12-23 03:42:43,4.80.3,positive,rating_rule,10
Kreasi Lestari,mantap sesuai namanya,5,2023-12-19 06:38:27,4.80.3,positive,rating_rule,21
A'fey Fey,The best deh,5,2023-12-19 09:20:47,4.80.3,positive,rating_rule,12
Muzakir Ilham,Sdh lama pakai gopay later tibatiba di blokir tdk bisa di gunakan sdh 3 kali lapor cs jwban nya sama tdk ada solusi jawaban nya robot sama semua tdk memenuhi syarat pdhal dr 4 kriteria tsb tdk satupun yg dilakukan atau termasuk pdhal sdh sering pakai dan gak pernah telat bayar limit msh sisa banyak makin kacau nih di tokped gak bs pkai jg tolong segera diperbaiki atau kita uninstall rame2 aja kl sy baca ulasan banyak yg mengalami hal yg sama,1,2023-12-19 23:06:51,4.80.3,negative,rating_rule,445
Edy Junaedy,Pelayananya Bagus ngirim sampai ke Rumah dgn Alamat yg Jelas Terima kasih Sayangnya Aplikasi ini Berhenti di Akun no ini,5,2023-12-19 09:38:23,4.80.3,positive,rating_rule,120
Nur Mukhowif,KEREN dah puas,5,2023-12-20 01:16:07,4.80.3,positive,rating_rule,14
joe lie,Ini skrg aplikasi nya tambah rumit aja mau byr pake Qrisberbagai penawaran blm lg minta akses ke kontak ngeriidata kontak bisa bocorseaman aman nya ttp aja bisa bocor,2,2023-12-19 12:50:07,4.80.3,negative,rating_rule,166
Umra Sithah,GO pay later bisa di pakai untuk semua pembayaran apa saja,4,2023-12-20 01:25:44,4.80.3,positive,rating_rule,58
Raska Pradipta,dengan segala kekurangan dan kelebihan Ini lah tempat ku mencari nafkah,5,2023-12-21 22:33:12,4.80.3,positive,rating_rule,71
Ridho Amzah,Drivernya milihorderansaya lagi burudriver yang nggak nyalain auto bid bolak 3 kali suspend 3 hari biar nggak milihorderan,1,2024-01-04 11:02:03,4.80.3,negative,rating_rule,122
Ardian N Abbas,Sistem aplikasi bekerja dg baik dari pemesanan sampai penjemputan berjalan dg cepat dan presisi Keep doing good,5,2024-01-15 04:24:59,4.80.3,positive,rating_rule,111
Daffa Gaming,Suami sy driver Gojek tlg diperhatikan ongkosnya supaya driver bs sedikit menikmati hasil jerih payahnya,4,2023-12-20 02:16:11,4.80.3,positive,rating_rule,104
bambang kalpiko,Bagus tingkatan untuk selalu lebih baik,5,2023-12-19 02:54:55,4.80.3,positive,rating_rule,39
Elsih Riris,drivernya ramah sekali ngobrolnya nyambung,5,2023-12-18 16:13:27,4.80.3,positive,rating_rule,42
SRI YATI,Selalu oke pake Gojekalamat tidak pusing lagi,5,2024-01-01 07:59:52,4.80.3,positive,rating_rule,45
wahyu sasonojati,Dear all custumer gofood kalo ada driver mitra jarak dekat atau disebut juga driver goceng atau driver ongkos 5rb yang mintangemis tip secara halus maupun terangan kasih bintang 1,1,2023-12-18 16:09:29,4.80.3,negative,rating_rule,179
Serangga,Drivernya banyak yg nyolot kalo ngomong  maps titiknya salah sedikit sdh ngomel ngomel  Uninstall gojek ajalah drivernya ga ada etika,1,2023-12-22 08:47:50,4.80.3,negative,rating_rule,133
Muhammad Firzie,Heran sumpah dah tiap nge upgrade gopay pasti ada masalah no NIK tidak terdaftar di dukcapil lahdata tidk terdaftar di database dukcapil lahgua buat laporan ke dukcapil amanaja tuh,1,2023-12-19 08:30:47,4.80.3,negative,rating_rule,180
Nining Jayapura,Selalu nyaman dan merasa aman,5,2023-12-20 07:28:39,4.80.3,positive,rating_rule,29
indra aji,Manfaat,5,2023-12-20 07:30:11,4.80.3,positive,rating_rule,7
budi sagitarius,mengecewakandi up date malah gak bisa di bukasdh tk un instal trs instal lgtetap gk bisa di buka mau masuk blank trs,1,2023-12-18 06:44:05,4.80.3,negative,rating_rule,116
Jonathan Yang,Sampah aplikasi nya ini itu error mulu gopay coin nya apalagi disuruh report tapi web untuk report nya juga error gimana coba,1,2023-12-21 13:38:54,4.80.3,negative,rating_rule,125
Rita Saadah,Langganan pake gojek cepat danmudah kalau maubelanja online,5,2024-01-03 08:22:16,4.80.3,positive,rating_rule,59
riyan ramdhani,Tingkatkan lagi,5,2023-12-22 08:28:32,4.80.3,positive,rating_rule,15
Raynar D.P. (Reyyyy),Bagus efisien keren,5,2023-12-13 09:02:26,4.80.2,positive,rating_rule,19
Joni Daniel (Jony),Saya kasih bintang 1 karena Gopay later saya tiba2 diblokir dengan alasan yang tidak jelas,1,2024-01-14 05:46:30,4.80.2,negative,rating_rule,90
Keydie Kazuya,Leeeemooooooooottttttt baaaaaangeeettt aplikasinya,1,2023-12-18 02:43:10,4.80.2,negative,rating_rule,50
chaca Wulandari,Kualitasnya sekarang buruk,2,2023-12-19 06:34:45,4.80.2,negative,rating_rule,26
Panca Sona,INI GIMANASI SAYA PESEN GOFOOD DRIVER NYA PADA MINTA TAMBAHAN LEBIH KATA DRIVER NYA CUMA DI BAYAR 5000 TRUS DRIVER MINTA TAMBAHAN LAGI,1,2023-12-18 02:31:06,4.80.2,negative,rating_rule,134
AFIQAH ALMA,Sederhana,5,2023-12-20 10:59:49,4.80.2,positive,rating_rule,9
Imung Wahyuningsih,padahal pelanggan gopaylater tp nggak pernah dapet voucher gofood,3,2023-12-28 10:42:23,4.80.2,neutral,rating_rule,65
Amaliyah,Aplikasinya sangat bagus dan membantu,5,2023-12-14 20:37:09,4.80.2,positive,rating_rule,37
Tiktik Rohmatika,Baru punya aplikasi ojek,5,2023-12-14 22:30:26,4.80.2,positive,rating_rule,24
Reza Firmansyah,DRIVER LO BNYK YG NGEMIS PUNYA SISTEM MAKANYA SEJAHTERAKAN DRIVERNYA JDI KE CS NYA YANG KENA,1,2023-12-19 05:33:02,4.80.2,negative,rating_rule,92
Jafar Umar,Membeli makanan jauh lebih mudah,5,2023-12-19 05:17:39,4.80.2,positive,rating_rule,32
cindy suryani,Bagaimana cara saya batalkan langganan go food plus tidak ada tombol batal langganan menu chat admin pun ga ketemu selama belum ada solusi dan belum batal tetap saya kasih bintang 1 saya ubah rating jika sudah bisa berhentikan langganan,1,2023-12-14 23:47:15,4.80.2,negative,rating_rule,236
Suyanto,Ok pelayananya,5,2023-12-15 02:58:35,4.80.2,positive,rating_rule,14
jerry wirahadi kusuma,Order searah ada bug nya masa diarahin dapet yang deket,4,2024-01-04 09:47:22,4.80.2,positive,rating_rule,55
Raffi Saputra,pesan go food pertama gagal dan langsung keluar apk pesan kedua berhasil tapi pesanan yang pertama tibatiba berhasil akhirnya double order,1,2023-12-15 03:09:31,4.80.2,negative,rating_rule,138
Reef Daniawan,Penggunaan aplikasi cukup mudah dan memudahkan tapi sayang fitur mappeta nya tidak akurat jadi kasian driver kalo antar makanan atau jemput jalannya suka diarahkan muter muter bahkan ke gang Padahal lokasinya dekat dan tdk harus melalui gang,4,2023-12-21 05:32:48,4.80.2,positive,rating_rule,241
yanah diy_ Nur,harga makin mahal Diskon makin dikit pake voucher suka ngilang apa lagi voucher gratis ongkirnya makin lama makin mahal,1,2023-12-15 03:51:19,4.80.2,negative,rating_rule,119
Siwi MSR,ini kenapa abis diupgrade aplikasinya jadi selig lag ya bener bener lag terus untuk sekali pesan bisa keluar masuk 10x  tolong diperbaiki,1,2023-12-15 04:20:50,4.80.2,negative,rating_rule,137
Adrian bintang,Kenapa ya semenjak update force close terus saya kecewa banget,1,2023-12-15 05:06:30,4.80.2,negative,rating_rule,62
Awan Bragi77,Keren banget,5,2023-12-15 05:34:20,4.80.2,positive,rating_rule,12
Kadek Budiarta,Sekarang gojek tidak seperti dulu Sekarang kalo booking selalu di kasi driver yg jaraknya sangat jauh,1,2023-12-15 05:56:07,4.80.2,negative,rating_rule,101
Ilin Sumarlin,Akun gak bisa di pake udah 3 Gojek udah gak beres makin kesini,1,2023-12-15 07:10:53,4.80.2,negative,rating_rule,62
Kurfad,Sorry uninstal aplikasi bukannya mempermudah malah ngrepotin Dkit2 keluar sndiri aplikasinya,1,2023-12-15 07:40:28,4.80.2,negative,rating_rule,92
Adhi Maelan,Gk jelas sekarang aplikasinya make nggak eh gopaynya kepotong,1,2023-12-28 12:16:23,4.80.2,negative,rating_rule,61
Akhmad Sahidin,Teruskan memberikan pelayananya,5,2023-12-15 07:52:18,4.80.2,positive,rating_rule,31
Pengguna Google,pelayanan baik Drivernya ramahmn,5,2023-12-14 19:40:27,4.80.2,positive,rating_rule,32
Toni Malik,Tampilan bagus yang dulu bisa tau posisi drivernya order sering dibatalin,1,2023-12-14 17:24:01,4.80.2,negative,rating_rule,73
Ummu Ubaidah,Senang tapi harganya lumayan lebih tinggi antara grab dan maxim ya,4,2023-12-13 09:30:33,4.80.2,positive,rating_rule,66
Sadam Syah,Baru kali ini saya menggunakan gojek pesanan saya ga diantar ke saya Malah dimakanin sama drivernya Saya sudah report tetapi ga ada tindakan dari apk gojeknya dan ga dikembalikan saldo saya,1,2023-12-13 11:14:20,4.80.2,negative,rating_rule,189
Danu Sanjaya,Gud,5,2023-12-28 06:06:53,4.80.2,positive,rating_rule,3
Sigit Budi Cahyo,Memuaskan dan memudahkan aktifitas saya,5,2023-12-13 11:51:57,4.80.2,positive,rating_rule,39
Gagah Alif,Gua transaksi di merchant lewat QR saldo gopay gua sudah terpotong tapi transaksi di merchant saldo tidak masuk Dan sudah kontek pihak gojek disuruh tunggu 14 hari kerja sudah ditunggu sampe lebih dari 16 hari kerja tapi saldo tidak juga kembali bagaimana ini GOJEK bagaimanaaaaa jd takut klo transaksi pake gopay takut gabalik lagi saldonya,1,2023-12-13 12:35:00,4.80.2,negative,rating_rule,341
Yayah Mahdiah,Saya hanya punya satu aplikasi gojekjd ini udh melebihi cukup buat saya peribadi,5,2023-12-19 06:14:29,4.80.2,positive,rating_rule,80
Arif Budiman,Mohon maaf kenapa semakin hari order go food  semakin lamanunggu dapat driver padahal resto sudah konfirmasi orderan begitu saya order mohon tingkatkan pelayanan dong  jangan kalah dengan aplikasi sebelah kalau untuk layanan selain go food gojek dapat diandalkantapi saat saat ini untuk layanan go food maaf penilaian semakin jeleklama mendapatkan driver,3,2023-12-13 14:43:14,4.80.2,neutral,rating_rule,354
Santriwan Ganteng,Rekomend banget buat sulusi transportasi,5,2023-12-14 02:11:27,4.80.2,positive,rating_rule,40
Sugeng W Basoeki,utk transpotasi insidentil sangat membantu skali,5,2023-12-14 03:49:53,4.80.2,positive,rating_rule,48
Andi Supryono,Serba bisa mau apa aja,5,2024-01-23 12:13:24,4.80.2,positive,rating_rule,22
Azmi permana,mau pembayaran alfagift gak bisa bisa berkali,1,2023-12-14 03:59:51,4.80.2,negative,rating_rule,45
SR Berbagi,Makin payah makin ke sini,1,2023-12-19 06:06:10,4.80.2,negative,rating_rule,25
Annisa Fauziah,Dari dulu langganan kemana pake gojek berharap bgtt semoga semakin banyak promo dan diskon buat pelanggan dan semoga semakin meningkatkan pelayanan,5,2024-01-08 06:21:04,4.80.2,positive,rating_rule,147
Anita Trihapsari,Gojek nya sering banget erorr ya ampun,1,2023-12-14 11:25:46,4.80.2,negative,rating_rule,38
Isa Anshori,Mantab joosss,5,2023-12-14 12:13:39,4.80.2,positive,rating_rule,13
gipaa qa,Dear gojek baru baru ini saya menggunakan fitur gopay pinjam bahkan sudah dilunasi sebelum jatuh tempo tapi kenapa ya untuk pengajuan lagi malah di tolak dan harus menunggu satu tahun kedepan tolong untuk di bantu konfirmasi juga apa akun saya bermasalah atau bagaimana terimaksih,1,2024-01-01 00:54:18,4.80.2,negative,rating_rule,280
adhit tongkiang,Dari td siang order go food ga bisa,1,2023-12-14 12:40:36,4.80.2,negative,rating_rule,35
Citra Endika Negara,Gopayletter tiba2 gak bisa di pake padahal bayar tiap bulan lancarsaya jadi keseludah gak respek sama gojek,1,2023-12-14 12:55:04,4.80.2,negative,rating_rule,107
r10 ranger,Tolong nih ya Kalo sekiranya customer cancel orderan tuh harus kena pinalti uang pengganti dong Driver cancel aja ribet  kena customer cancel gampang banget Rugi driver jangan seenaknyalah,1,2023-12-28 08:05:24,4.80.2,negative,rating_rule,188
Khansa Qotrunnada,Driver nya suka maki maki customer saya minta dia nunggu nggak ada 2 menit saya turun dari lantai 7 dgn keadaan penuh pas sampai di depan mobil nya saya di maki maki trus di cancel Makasih ya Gojek sekarang jadi males bgt pake app ini,1,2023-12-14 15:04:35,4.80.2,negative,rating_rule,234
Rizky Edogawa,Peraktis,5,2023-12-14 15:20:54,4.80.2,positive,rating_rule,8
Hendra yana,Update mah terus terusan tp ngelag gajelaaas,1,2023-12-14 15:25:15,4.80.2,negative,rating_rule,44
Syaiful Muhammad,Sangat membantu sekali disaat waktu urgent bisa kali promonya di banyakin khususnya promo gofood,5,2023-12-27 09:50:54,4.80.2,positive,rating_rule,96
Priyanti Farida,Tolong versi lama diaktifkan kembali nggak perlu di update krn memerlukan banyak kuota di hp saya nggak bisa di update Tksh,3,2024-01-31 00:40:10,4.80.2,neutral,rating_rule,123
Ria chan,knpa di gofood customer gak punya akses untuk komunikasi ke resto sering kejadian orderan saya gak lengkap  mau komplen ke resto gak bisa  cuma bisa komplen ke driver tp kasian juga drivernya harus 2x kerja ambil orderan yg kurang ini di saya udh terjadi lebih dr 5x  tolong dibenahi,1,2023-12-21 04:37:54,4.80.2,negative,rating_rule,283
Hardisyah Yudha,Sampe sekarang TOP,5,2024-01-12 06:42:11,4.80.2,positive,rating_rule,18
Ali Reza,Aplikasi buruk,1,2023-12-20 02:01:40,4.80.2,negative,rating_rule,14
Mardenny Tanjung,Paling baik dari semua provoder transportasi yg ada,5,2023-12-20 01:36:20,4.80.2,positive,rating_rule,51
Sarah Aldorauli,App gojek mudah dan kadang ada promo,5,2023-12-22 08:36:46,4.80.2,positive,rating_rule,36
Romanza Imron,Lokasi tidak sesuai jadi merugikan customer dan driver,1,2023-12-25 11:37:17,4.80.2,negative,rating_rule,54
stefani maria,Attitude nomor 1,5,2023-12-21 20:14:53,4.80.2,positive,rating_rule,16
Inor Sah,tap,5,2023-12-21 07:11:12,4.80.2,positive,rating_rule,3
Habibah Azalea,Baguss bangett,5,2023-12-20 01:22:29,4.80.2,positive,rating_rule,14
inu Nuew,Ini baru lewat satu hari dendanya 50 rb buat kalian yang menggunakan paylater jangan disini pakek paylater buat beli pulsa aja 40 rb udah denda 107 rb gila  dari pada lo nyesel semua padahal baru lewat 1 hari aja,1,2024-01-02 08:13:10,4.80.2,negative,rating_rule,212
Dwi Astuti,Penjmputan dn pengirimny sangat cptdrivery sopn skli,5,2023-12-20 01:11:12,4.80.2,positive,rating_rule,52
Yusep Andriansyah,Sangat memudahkan pergerakan dalam kegiatan luang lingkup kerja,5,2024-01-11 05:25:47,4.80.2,positive,rating_rule,63
Ayu Sitiaisah,Layan nyah ok aplikasi ini membuat perjalanan sayah nyaman semuah nyah buat sayah okeh pokonamah,5,2023-12-26 11:59:38,4.80.2,positive,rating_rule,96
Ken Pasha Rafi,Terlalu sering minta d apdetpas anak mau berangkat sekolah malah g bisa d gunakan,1,2024-01-29 23:33:26,4.80.2,negative,rating_rule,81
musfichudin,Mantap pelayanan,5,2023-12-20 07:45:32,4.80.2,positive,rating_rule,16
Saannoy,Susah cari driver  driver udh deket eh malah di cancel kocak bgt,1,2023-12-22 10:43:01,4.80.2,negative,rating_rule,64
rahmaniathy oyosasmita,recommended buat yg ingin cepat sampai ke tempat tujuan  aplikasinya ga pernah loading,5,2023-12-19 23:37:56,4.80.2,positive,rating_rule,86
Mimin Mintarsih,Senang puas nyaman,5,2023-12-20 08:00:58,4.80.2,positive,rating_rule,18
Helsi Olivia,Makin kesini gojek makin tolol sistem semua serba lama gak seperti dulu contoh food nyari driver lama bener ditambah ada argo 5000 makin tolol dah driver semua pada ngemis2 yg argo 5000 gojek emang gak mikir makin kesini makin nyusahin customer dan driver bikin gw sakit maag gara2 sistem lu yg tolol,1,2023-12-22 11:24:28,4.80.2,negative,rating_rule,300
Valeria Cia,app the best si pelayanan dari para drivernya ramah sering ada promo juga banyak fitur yang mempermudah misal GoNearby GoShop dll  app gopay juga mempermudah buat transfer scan QR pake Qris dll,5,2023-12-19 22:59:13,4.80.2,positive,rating_rule,193
Fikry Razaan Z,ngefreeze terus apk nya bikin males,1,2023-12-21 04:11:29,4.80.2,negative,rating_rule,35
dms'jkr SPB,Msh cukup baik lah nympe skrg ini,5,2024-01-11 02:33:13,4.80.2,positive,rating_rule,33
Dana Dante,Bagus si tapi napa akun gw balik lagi ga goprem sih,5,2023-12-25 08:06:49,4.80.2,positive,rating_rule,51
Dewi Avrilia,Bikin program baru dg maksud menarik konsumen program ongkir hematsetelah nyoba lama bgtu dapet driver seolah olah minta tips dg alasan nunggu lama di resto anter sdh keluar areaparah gojek bikin jatuh nama gojek,1,2023-12-20 02:19:43,4.80.2,negative,rating_rule,212
saiful rizal,Komentar terpopuler di dunia,5,2023-12-19 21:25:18,4.80.2,positive,rating_rule,28
Risqi Auliya,Tolong dong sistem menunggu pesanan dengan estimasi waktu tertentu lalu dicarikan driver dihapuskan kebanyakan setelah dapet driver eh drivernya masih disuruh nunggu baru dibuatin pesenan padahal kondisi resto sepi kasihan bapak drivernya nungguin,1,2023-12-21 05:27:17,4.80.2,negative,rating_rule,247
Ismawati Mustoko,Mudah  murah,5,2023-12-22 02:56:02,4.80.2,positive,rating_rule,12
s6 ss,saldo saya sebesar 60 rb tb tb hilang padahal bapak saya mengisi gopay 100 rb dan saya membeli ayam geprek 30 rb dan gopay hanya tersisa 2 rb,1,2023-12-22 03:02:55,4.80.2,negative,rating_rule,141
Alfi Masfianis,Ga pernah ada promo,1,2024-01-02 23:40:56,4.80.2,negative,rating_rule,19
agung nourma suryo prasetyo,terima kasih komplain telah di selesaikan,5,2023-12-21 05:39:54,4.80.2,positive,rating_rule,41
Endang Soelistijowati,Muantabbbb,5,2023-12-20 05:39:14,4.80.2,positive,rating_rule,10
Maulana Sutisna,Kalian udah seenak2 jidat skrng sama driver masa 3km 5000 perak itu belum jemput nya hadeh kalian rusak kesejahtraan mitra sama aja ngetusak perusahaan sendiri cba aja deh,1,2024-02-01 12:51:54,4.80.2,negative,rating_rule,171
Epi Tamala,Dpt diskon cuma sekali doang,4,2023-12-26 01:22:07,4.80.2,positive,rating_rule,28
Lukman Hakim,Pakai Gosend lebih nyaman cepat dan terjaga titipan kiriman sampai tujuan barang2 nya tksh gosend,5,2023-12-20 04:30:58,4.80.2,positive,rating_rule,97
Muhammad Ruyhan,Sangatm membantu,5,2023-12-20 04:02:34,4.80.2,positive,rating_rule,16
Kiki Mansah,Suka ngelag padahal jaringan bagus,2,2023-12-22 05:35:53,4.80.2,negative,rating_rule,34
herry potter,5tc,2,2024-02-01 02:40:44,4.80.2,negative,rating_rule,3
Jenaka,Joss sekali,5,2024-01-02 13:34:34,4.80.2,positive,rating_rule,11
Berliana Agustin,gojek tolong dong banyakin diskon buat goridenya apalagi buat yg jaraknya dkt itu sangat membantu kamii,5,2023-12-20 02:57:41,4.80.2,positive,rating_rule,103
ARI Handoyo,Payah kali dpt driver,1,2023-12-22 06:18:42,4.80.2,negative,rating_rule,21
RIAN ANDRIAN,Kenapa iklan di aplikasi fizzo sering bgt jdi keganggua lagi baca novel,2,2024-01-07 11:52:44,4.80.2,negative,rating_rule,71
Andi Rahmawan,TIDAK BISA BUAT TRANSAKSINOMOR MENCURIGAKAN TRUS GAGAL TRANSAKSI,1,2023-12-26 17:09:01,4.80.2,negative,rating_rule,64
yhudiie febriiand,Harga sudah terlalu mahal,1,2023-12-19 20:12:23,4.80.2,negative,rating_rule,25
Dava Andriansyah,nge lag bgt iwh padahal sinyal bagus,1,2023-12-19 13:29:43,4.80.2,negative,rating_rule,36
Retno Sekarwati,Aplikasinya bagus dan sebenernya nyaman banget pake aplikasi ini Cuma di daerahku gabisa semuanya terjangkau pakai gojek jadi susah kalau mau ke daerah yang ga terjangkau titiknya gojek ini,5,2023-12-19 13:20:10,4.80.2,positive,rating_rule,189
Sukardi Kardi,mantap cepat dan tepat waktu,5,2023-12-19 13:08:39,4.80.2,positive,rating_rule,28
arma suharni,alhamdulilah sungguh amanh sehat sll dan terimakasih,5,2023-12-21 09:48:32,4.80.2,positive,rating_rule,52
Rakaa,Gopay otomatis ngirim ke gopay tabungan gopay tabungan gabisa order gofood saldo anda kurang Padahal sebelumnya bisa gopay  tunai,1,2023-12-19 13:01:03,4.80.2,negative,rating_rule,129
Edy Purnomo,Cpt d respon terimakasih,5,2023-12-24 21:31:39,4.80.2,positive,rating_rule,24
Andri Rafi Prayogo,Makin buruk ya,1,2023-12-19 12:52:27,4.80.2,negative,rating_rule,14
sakur tataloe,Gak bisa scan tiket parkir,1,2023-12-21 10:13:51,4.80.2,negative,rating_rule,26
Riyanto Wignyo Suprapto,Sangat memuaskan saya pemakai jasa GOJEK termasuk gocar,5,2024-01-04 02:30:36,4.80.2,positive,rating_rule,55
Jepri Blue,Masih bintang 1masa jarak 18km ongkirnya 25k makin ngacok aja gojek tolol,1,2023-12-19 12:30:15,4.80.2,negative,rating_rule,73
Irma Wati,Selalu pakai gojek dan gopay aplikasi satset tanpa ribet,5,2023-12-19 12:09:09,4.80.2,positive,rating_rule,56
dela zahra,Promonya banyakin dooong,5,2023-12-19 12:07:25,4.80.2,positive,rating_rule,24
Mohammad Haris Mardiono,Makin lama makin ga jelas gojek percuma jadi pelanggan setia Gopaylater malah di blog padahal ga ada kesalahan Untung di blog jadi gw males gunain gojek lagi,1,2024-01-13 17:08:58,4.80.2,negative,rating_rule,157
Ganesh V.S,Apk lag,1,2024-01-24 22:59:11,4.80.2,negative,rating_rule,7
Mariyam Maurin,cepat pengantaranya drivernya baik,5,2023-12-19 08:30:43,4.80.2,positive,rating_rule,34
Patricia Lorraine,Good banyak discount,5,2023-12-28 03:23:51,4.80.2,positive,rating_rule,20
Jecky Murdhany,Ga ribet,5,2024-01-26 15:03:02,4.80.2,positive,rating_rule,8
Ratu Aqila,Kualitas aplikasi jelekgk bisa terima telpon,1,2023-12-20 10:18:29,4.80.2,negative,rating_rule,44
Yuni Yuni,cara mudah 5t bisa rw,1,2024-01-29 02:25:30,4.80.2,negative,rating_rule,21
Ayu Dwi Lestariningsih,Bagus kok cmn ada saat dmn waktu pemesanan sangat lama dan melebihi perkiraan Tapi nggak bisa nyalahin aplikasinya juga sih kan bisa aja pas di restonya lagi antri,5,2023-12-27 10:50:36,4.80.2,positive,rating_rule,163
Re Han,sering lemot,2,2023-12-21 04:06:46,4.80.2,negative,rating_rule,12
Devy Catherine,Nyesel bayar goplus voucher diskonya ga pernah muncul lagi,1,2023-12-20 08:47:19,4.80.2,negative,rating_rule,58
Arya Abdillah,Gopaylater sangat membantu tapo mohon untuk gojek langsung memunculkan tagihan yg harus di bayar tidak harus menunggu hingga tgl 1 atau tgl 15 baru bisa di bayar kan karena jika orang lupa membayar keterlambatan 1 hari 50ribu itu cukup banyak saya harap gojek bisa menambahkan opsi langsung bayar tidak perlu menunggu jatuh tempo,4,2024-01-12 17:24:10,4.80.2,positive,rating_rule,329
Vhinoallah Wawan,Tidak puas karena akun gopay saya gak bisa di upgrade ke gopay plus,1,2023-12-19 17:33:44,4.80.2,negative,rating_rule,67
nero yuki,Gojek sering ngelag mana kadang gada notif pesanannya jd secara ga sengaja mesen dua kali karna gatau kalo pesanan sebelumnya uda di pesen,1,2023-12-19 17:26:17,4.80.2,negative,rating_rule,138
Pengguna Google,Makin hari makin bobrok aja layanan nya terlalu banyak drama di gofood sekarang gara2 gojek ada sistem ongkos 5rb imbas nya ke kami customer banyak sskali driver yang ngemis minta tambahan Bobrok aplikasi anak bangsa,1,2023-12-22 12:08:05,4.80.2,negative,rating_rule,216
Iwan Ezra Sinaga,Untuk pengiriman gosen ribet malah ada penagihan parkir  tol  Kasih kejelasan masalah parkir dan tol nya dong,1,2023-12-20 09:22:35,4.80.2,negative,rating_rule,109
Khoirul Aziz,ongkir semakin mahal,5,2023-12-19 15:47:11,4.80.2,positive,rating_rule,20
Huta Huta,Makin parah nih aplikasi beberapa hari ini gk bs buka,1,2023-12-20 09:49:26,4.80.2,negative,rating_rule,53
baehaki 6,Saya mau hapus akun kenapa di persulit,1,2023-12-20 09:54:46,4.80.2,negative,rating_rule,38
Diana Malik,Makin parah sering ngebug Aplikasi anak bangsa gini amat,1,2023-12-25 04:59:14,4.80.2,negative,rating_rule,56
irdan afrianto utomo,driver nya tuh di sejahterakan dong emang ga sayang driver yang udah setia di bikin selingkuh ke operator lain mau buka pendaftaran lagi ya ni,2,2023-12-27 06:39:02,4.80.2,negative,rating_rule,142
Hilmia Rosyada,tolong dong ya klo terima pekerja jngn nerima pekerja yg suka bawa motor ugal ugal anngebut ngebutan karna sangat berbahaya sekali bagi penumpang  Saya sering pesan gojek selalu yg bw motor ngebut sampai2 sy mau jatoh klo jatoh paling ngomong maaf doang trus biaya gojek nya gratis dan saya tidak mau kaya gitu saja,3,2023-12-19 14:46:52,4.80.2,neutral,rating_rule,315
aRis Stevanoel,2Hari yg lalu baru di perbaruihari ini minta di perbarui lagiMana katanya buat masukan buat meningkatkan kualitas ini baru 2hari di cek udah minta di perbaruiSekalinya di turutin buat di perbarui ngelunjak baru kemarin tgl 17malam di perbaruiskarang minta di perbarui lagi,1,2023-12-19 14:45:53,4.80.2,negative,rating_rule,272
Ikhsan,SANGAT SENANG SANGAT MEMBANTU,5,2024-01-03 21:55:30,4.80.2,positive,rating_rule,29
Jey Jeynal,Makin mahal aja tarif ya  beda sama sebelah lumayan beda ya,1,2023-12-25 02:20:39,4.80.2,negative,rating_rule,59
Latifah Lala,Mantap banget,5,2023-12-19 03:52:25,4.80.2,positive,rating_rule,13
Fitriah Lubis,Tepat waktu penjemputan,5,2024-01-07 23:51:15,4.80.2,positive,rating_rule,23
Francisca Tresia Hanfi,Aplikasi gojek saya kenapa sdh seminggu ini suka hengnge frezzeeee dan tiba2 lngs error dan mesti tutup aplikasi baru bisa di gunakan sudah lapor tapi tanggapan nya ya begitulah tidak membantu krn msh suka nge frezze jg smp skrkenapa jd begini sihbikin ga nyaman mesti buka tutup muat ulang trsdikit2 tutup aplikasi trscapek dehkasian drivernya kdng komunikasi jd terhambat krn aplikasi nya frezze n heng trs,2,2023-12-15 08:15:27,4.80.2,negative,rating_rule,408
heri iraone,Pelayanan buruk  gbisa pke gopay coint  di tlp cs nya kebanyakan suruh nunggu smpe pulsa abis parah,1,2023-12-18 15:41:38,4.80.2,negative,rating_rule,99
SIJAMPANG69,Top up gopay malah langsung kepotong ke tabungan gopay mana passs di cek di saldo tabungan gak ada lagi gajelas gopay lama2,2,2023-12-15 09:41:11,4.80.2,negative,rating_rule,123
Suprapti Fajar,Menolong,5,2023-12-17 04:57:34,4.80.2,positive,rating_rule,8
Nadi Kusnadi,Sangat membantu perjalanan kami terimakasih,5,2023-12-17 04:36:53,4.80.2,positive,rating_rule,43
Anang sanres orang pinggiran,Nunggu 30 menit Baru di Carikan driver Hal yg sangat buruk,1,2023-12-21 12:44:34,4.80.2,negative,rating_rule,58
Hendra Kurnia,Aplikasi mahal ngisi gopay pake admin driver dipotongnya gede gofood persentase gede buat aplikasi Pantes cepet kaya yg punyanya,1,2023-12-18 13:10:39,4.80.2,negative,rating_rule,128
Sayful Karnalis,Makin kesini makin banyak bugnya sering error,1,2023-12-17 14:12:33,4.80.2,negative,rating_rule,45
Mydio Putra Perkasa,Hahahaha,5,2023-12-17 14:13:27,4.80.2,positive,rating_rule,8
Savira Salsabilla,Okey GOJEK terimakasih banyak Promonya  Makin cepet pelayanannya,5,2023-12-17 04:26:41,4.80.2,positive,rating_rule,64
aldi ramdhani,plis hapus kode otp duit 300k gua gabisa dipake apa apa,1,2023-12-18 06:43:48,4.80.2,negative,rating_rule,55
Suliha,Ada gojek membantu sekali banyak voucher ongkir juga murah ada moode hemat untuk gofood,5,2023-12-17 14:16:24,4.80.2,positive,rating_rule,87
Pro Yono,Makin susah untuk komunikasi klarifikasi gndala kami perlu kmu mintpi knapa susah bngettt,2,2023-12-17 03:50:06,4.80.2,negative,rating_rule,89
supri anto,Keren dan UWAW,5,2023-12-17 03:49:36,4.80.2,positive,rating_rule,14
Septi Oppo,Ada masalah pada driver karena melakukan pencurian tapi sekali nya kita melakukan pelaporan susah banget Pelayanan bintang 1  semua serba mahal ada posisi untuk kostumer mau lu bos atau apa giliran mau melapornya susah banget,1,2023-12-17 03:45:58,4.80.2,negative,rating_rule,225
MOCH YULIANTO Dewa,Saya pesen gocar tapu drivernya selalu jauh Yang bener aja,1,2023-12-17 14:27:16,4.80.2,negative,rating_rule,58
LCH _LCH,Untuk gocar Lebih bagus tidak buat pilihan gohemat gocar atau pun gocar comfort Karena jika kita pilih gocar henat tak ada 1 manusia pun yg mau menerima orderan kita Pdhal titik jemput dan tujuan ga sampai 3km,1,2024-01-09 09:27:05,4.80.2,negative,rating_rule,209
Izzaddin Kholid,Cukup tau cara main mu jek wkwkwkwk,1,2023-12-18 06:56:36,4.80.2,negative,rating_rule,35
Adriyan syah,Akhir2 ini saya koq kecewa ya driver suka lama dapatnya kalau order gofood Sekalinya dapat dia minta dibatalin Mana bisa dibatalin akhirnya batal sendiri dan pindah ke driver lain Dan rata2 alasannya  Maaf ka ongkosnya murah bgt cuma lima ribu antarnya 25km jemputnya 2km Mending ke apk sebelah kalau bgtu Ko gojek nurunin ongkos sepihak ke driver Tapi di saya harganya tetap krn ini bukan sy sekali dua kali order diresto yg sama Fix buat layanan food delivery sy ke apk lain saja,1,2023-12-17 13:29:50,4.80.2,negative,rating_rule,481
David kanta,Terimakasih saya cukup terbantu,5,2023-12-17 05:47:26,4.80.2,positive,rating_rule,31
Guruh Ardy,Aplikasi akhir2 ini sering ngelag terutama saat orderan sudah berjalan Mohon diperbaiki tks,4,2023-12-17 12:44:55,4.80.2,positive,rating_rule,91
R_ S_,Selalu ada,5,2023-12-18 08:00:53,4.80.2,positive,rating_rule,10
Artikah Juliarti,Kenapa aplikasi susah di gunakan  Seperti bukan cuma saya yg ngalamin gini  Setiap buka Aplikasi baru juga mau order pasti ada pesan jaringan  aplikasi tidak menanggapi  Mau tutup tunggu  oke Pdhl update selalu  pulsa full Masalah nya dimana,1,2023-12-23 12:08:07,4.80.2,negative,rating_rule,241
Arwi Sinuraya,Aman sentosa,5,2023-12-18 07:11:21,4.80.2,positive,rating_rule,12
Octavin Adi Nugroho,Aplikasi Hang terus menerus PARAH,1,2023-12-17 14:02:03,4.80.2,negative,rating_rule,33
Permatayuri tiberias,Tolong bgt kenapa ya setelah diupdate malah jadi makin lama kadang internet lancar apk nya loding lama bgt terus ga ngerespon keluar sendiri,3,2023-12-18 12:42:59,4.80.2,neutral,rating_rule,140
Rahman Rifa'i,like it,5,2023-12-17 05:46:36,4.80.2,positive,rating_rule,7
Henny Kusetiowati,Gojek Aplikasi termudah cepat respon dan banyak promo nya Sukses Slalu Gojek dan Team nya smua,5,2023-12-17 13:49:54,4.80.2,positive,rating_rule,94
Aldo parker,Aplikasi gajelas tadi tulisan nya pesanan dibatal karena driver sibuk lalu saya ketempat makanan lalu ada notifikasi pesanan diterima kan gajelas buat rugi saja saya kasih bintang satu dulu,1,2023-12-17 05:41:33,4.80.2,negative,rating_rule,189
vantris,Suka pakai jasa gojek top lah buat saya yg selalu kemana mana,5,2024-01-04 16:13:45,4.80.2,positive,rating_rule,61
Nikolas Silitonga,gacorrr,5,2023-12-17 14:01:13,4.80.2,positive,rating_rule,7
Hendra Hadi yanto,Makasih mas,5,2023-12-17 03:29:10,4.80.2,positive,rating_rule,11
Marwah Sofiah,Pesanan dobel padahal di aplikasi pesanan pertama terbatlkan dan tidak muncul notifikasinya Sangat tidak memuaskan,1,2023-12-23 12:39:58,4.80.2,negative,rating_rule,114
fahmi iskandar,Kenapaaaaaa di apk driver terdekat banyak hingga 9 driver Tetapi yang datang malah dekat dengan tujuan Jaringan 4G Lokasi luar ruangan tidak terhalang dengan bangunan atau gedung Sistemnyaaaaa,1,2023-12-18 06:34:01,4.80.2,negative,rating_rule,192
Cahya Aya,Kenapa gomed nya ilang stlh di update gua kasih bintang satu dl tar klo udh ada gomed nya gua balikin,1,2023-12-17 01:34:52,4.80.2,negative,rating_rule,101
Yunianto,Enjoy,4,2023-12-17 01:21:25,4.80.2,positive,rating_rule,5
Daffa Piero,No komen,5,2023-12-18 06:10:36,4.80.2,positive,rating_rule,8
GUS RANDYATMA P,Saya merasa seperti ketidaknyamanan dalam penggunaan Aplikasi GOJEK entah itu Gopaylater ataupun Gopay karena saya meminta penghapusan Gopaylater malah diblokir Tidak menutup kemungkinan suatu waktu bisa disalah gunakan karena data saya masih bisa di gunakan tanpa adanya tindakan penonaktifan akun,1,2023-12-17 01:15:33,4.80.2,negative,rating_rule,298
--,Satu kata  ManTul Mantap beTul,5,2023-12-20 13:27:12,4.80.2,positive,rating_rule,30
Intan Ayu,Aplikasi paling buruk,1,2023-12-17 00:56:31,4.80.2,negative,rating_rule,21
Ferzy Tryanda Nosa,Sebelumnya saya kasih bintang 5 tpi skrg saya ubah jadi 1 karena banyak masalah Sudah dari lama pakai gojek dan lancar2 aja Kenapa kok sekarang sering ngeblank gitu ya kayak error gitu dan gak bisa diapa2in otomatis aplikasinya harus ditutup Setelah dibuka lagi masih sama juga suka ngeblank Tolong dong develop aplikasinya dengan baik dan benar biar user seperti kami bisa enak menggunakannya Tambahan Makin gak jelas apk nya malah jaringan internet yang disuruh periksa,1,2023-12-17 00:49:28,4.80.2,negative,rating_rule,471
Sandy Sandy888,mantap lah,5,2023-12-17 18:34:24,4.80.2,positive,rating_rule,10
Anggara Pratama (Angga TV),Goride transit sangat menarik tp saran adakan jg gocar transit min karena terkadang perjalanan gak sendirian jd perlu gocar,4,2023-12-16 23:39:49,4.80.2,positive,rating_rule,123
አሪፍ መሐመድ,Go Ngemis khusus driver 5000 wkkwkw Bayar full malah dikasih driver 5000,1,2023-12-17 18:50:15,4.80.2,negative,rating_rule,72
Dwi Wahyudi,Membantu banget,5,2023-12-18 14:09:53,4.80.2,positive,rating_rule,15
Goresan Dody,akhir ini selalu hang,4,2023-12-18 06:05:56,4.80.2,positive,rating_rule,21
Wahyu Kurniawansyah,BISA DI ANDALKAN,5,2023-12-17 09:09:21,4.80.2,positive,rating_rule,16
deeanna manggara,Baru aja pindah dari jkt ke biak  papua APK sudah ver terbaru sudah gopay plus tapi mau TF dari saldo gopay ke rek bank jaringan internet bermasalah apa karena di biak ga ada gojek jadi APK ga bisa di pake Tolong dong pencerahan nya min Serius ribet banget ini,2,2023-12-17 02:21:08,4.80.2,negative,rating_rule,260
Tanggun Widyawanto,Sampah apk makin gk jelas sinyal gw 2 Mbps bilang nya tidak ada koneksi Kyak gt mau maju pecat nohh orang yg bikin apk ini,1,2023-12-17 16:30:57,4.80.2,negative,rating_rule,122
Wayan Bajing,lebih gampang mau ke mna,5,2023-12-29 12:27:23,4.80.2,positive,rating_rule,24
Rio Tirta,Petanya perbaikin la masa driver di suruh manjat tembok,1,2023-12-18 13:21:25,4.80.2,negative,rating_rule,55
Aisya Hinano,Kenapa sy upgrede di tolak terus,1,2023-12-17 15:55:30,4.80.2,negative,rating_rule,32
Fajar Kholiq,Bikin aplikasi gmna sih gak bisa loggin pakek email apa,1,2023-12-17 03:14:23,4.80.2,negative,rating_rule,55
David Sinaga,Dear gojek setelah update versi terbaru mengapa semakin parah ya posisi driver dr titik penjemputan apalagi ketika driver sedang mengantar penumpang sebelumnya butuh waktu 10  20 menit lagi untuk menjemput jarak juga tidak searah dengan titik penjemputan dari pengantaran sebelum nyatolong dibenahikami sebagai customer juga butuh waktu dalam penjemputan Terima Kasih,1,2023-12-17 03:11:27,4.80.2,negative,rating_rule,367
Ahmad Arif Fatahillah,Pengalaman aplikasi sangat buruk setiapp mau transaksi pasti susah bangett apa lagi kalau pkek gopay later susah bangett ga tau kenapa pokok ny burukk bangett,1,2023-12-17 16:21:17,4.80.2,negative,rating_rule,158
Agus Suprianto,Lanjutkan terus promonya,5,2023-12-17 03:07:25,4.80.2,positive,rating_rule,24
Subijantoro Toro,Semoga aplikasi lancar terus,4,2023-12-17 03:03:15,4.80.2,positive,rating_rule,28
Rafka Raditia,Tolong pihak gojek hilangkan fitur hapus transaksi gopay saya ditipu saldo belum masuk ternyata dihapus riwayatnya,4,2023-12-17 02:58:08,4.80.2,positive,rating_rule,114
Jaenal Arisin,Sangat puas pokoknya,5,2023-12-18 13:26:07,4.80.2,positive,rating_rule,20
Agum Pamungkas,pesan gofood kenapa jadi lama banget dapat drivernya terus lama banget dapat drivernya juga pengen praktis malah jadi ribet pengen simpel malah jadi lama makin kesini malah makin ngaco gojek,1,2023-12-17 16:17:27,4.80.2,negative,rating_rule,190
Agus Purnomo,Agak Lemot,5,2023-12-18 13:32:30,4.80.2,positive,rating_rule,10
Gemini juni79 Yuni,Lebih nyaman pakai gojek terjakau cpt banget penjemputanx,5,2023-12-17 02:36:04,4.80.2,positive,rating_rule,57
A Prim,Hai gojek aplikasimu setelah update terbaru bermasalah Lagi mau pesan eh tibatibaGeser atas gak bisa ke bawah gak bisa mau kembali juga gak bisa Mau di hapus tapi Ya masih butuh perbaiki ya,1,2023-12-18 08:01:25,4.80.2,negative,rating_rule,189
M. Burhanuddin Arrasid,Untuk fitur menu gofood sudah tidak bisa modif untuk pesenan jadi kurang efisien saat meng order makanan jika salah pilih mohon bantu di perbaiki,3,2023-12-18 08:04:44,4.80.2,neutral,rating_rule,145
Muhammad Zopi,Kenapa sih gojek makin jelek kualitasnya Dari tadi mau beli pulsa loadingnya lama banget Malah bbrp kali gagal Kek mana lah Payah,1,2023-12-17 12:28:11,4.80.2,negative,rating_rule,129
utuh halus,Pesan makan an lama banget ber jam belum juga Kalu yg lain au ah malas,1,2023-12-17 12:19:47,4.80.2,negative,rating_rule,70
Nur Aisah,Bilang ny promo pake jenius tp pas di tambahkan metode pembayaranny pake kartu jenius gk bisa mulu,1,2023-12-17 10:19:28,4.80.2,negative,rating_rule,98
Vanny Sandra,Tadinya I kasih 5 skrg I revisi jadi 1  Gojek makin kesini makin payah sering error apalagi GOPAYLATER kalo mau digunakan selalu gak bisa lagi pdhl gak pernah nunggakkkk Harusnya kasih kejelasan kalo emg lagi maintenance yaudah gt loh jgn malah Internet I yg dipermasalahin org semuanya oke oke aja Mengecewakan sih Gojek skrg,1,2023-12-17 10:21:36,4.80.2,negative,rating_rule,326
Vian cipto,Alhamdulillah orngnya baik,5,2023-12-18 10:17:32,4.80.2,positive,rating_rule,26
Jessica Virgi,Udah mulai Error dan Gopaylaternya Udah nggak Naik2 lagii Pdahal Rutin Byr setiap bulannya,4,2023-12-17 10:22:53,4.80.2,positive,rating_rule,90
Seprinal Asep,Kenapa ktp saya tidak sesuai dengan dulcapil,5,2023-12-18 09:49:01,4.80.2,positive,rating_rule,44
Ayu Lestari,Heran sama drivernya yang asal ngebatalin Kayak pemales banget coy,1,2023-12-18 11:11:35,4.80.2,negative,rating_rule,66
Boby Harvian,Makin hari makin parah ni aplikasi udh sering crash kdg ga ada sinyal di salahin jaringan internet nya,1,2023-12-17 10:31:03,4.80.2,negative,rating_rule,102
Yovi devon,Okelah mantap untuk aplikasi gojek ini,5,2023-12-17 10:39:58,4.80.2,positive,rating_rule,38
Cucu Rina Sumarni,Kl malas keluar tinggal klik go food beresgak usah antri lg,5,2023-12-17 10:48:41,4.80.2,positive,rating_rule,59
Babang channeL,Saya pengguna Lama Gojek jujur saya kecewa di karenakan apk nya semakin lama semakin ngawur Untuk Gopaylaternya gk masuk akaL saya blum pernah telat bayar atau melanggar persyaratan yg di buat oleh gojekakun saya malah di blokir ANEH chat adm yg jawab Robot  mohon maaf mulai detik ini saya uninstaL tolong Hapus Data saya Thanks,1,2023-12-29 23:07:50,4.80.2,negative,rating_rule,329
Anisa Rohmatul Jannah,saya kemarin udh klaim voucher tiba voucher nya hilang terus saya coba klaim ulang keterangannya voucher sudah diklaim padahal voucher ga ada dimenu voucher makin hari makin buruk kualitas pelayanannya,1,2023-12-18 11:51:27,4.80.2,negative,rating_rule,201
Rachel Laveni,Beli makanan 2 kali lama nunggu sampai 70menit padahal jarak gak lebih 1 km ngorder pertama nunggu 70 menit yg ke 2 saya langsung ke resto lama bgt Keburu pingsannnnnnnnn,3,2023-12-20 17:20:51,4.80.2,neutral,rating_rule,170
Mister Ahong,Sudah lebih dari 36jam sejak pengajuan laporan mengenai masalah pembayaran tagihan Gopaylater tapi sampai sekarang masalah belum ditindak lanjuti masalah belum selesai Cuman disuruh menunggu dan menunggu Status tagihan yang harusnya sudah lunas masih tetap tertagih Lambat banget penanganannya Kadang Saya merasa permasalahan Saya seperti tidak ditanggapi tidak ditindak lanjuti sama sekali Parah,1,2023-12-17 07:48:42,4.80.2,negative,rating_rule,396
Faris,Gopaylater sudah tidak bisa digunakan untuk membayar merchant lain untuk beli pulsa pun sudah tidak bisa percuma saja itu paylater  penagihan pun di pertengahan bulan otak dipakai mending sistem paylater sebelumnya,2,2023-12-18 10:17:52,4.80.2,negative,rating_rule,214
Mutiara Fitria Candra,Driver memaki saya dan sering spam cht,1,2023-12-17 08:45:16,4.80.2,negative,rating_rule,38
Raisya Hasnah Maliqa Zahra,Sahabat karib saya apabila lapar tengah malam,5,2023-12-17 09:22:05,4.80.2,positive,rating_rule,45
Setyawan Andy,gud job,5,2023-12-17 09:08:08,4.80.2,positive,rating_rule,7
Anisa Anis,Aplikasi merugikan sekali saya tidak merasa naik grab tapi keterangan nya sudah selesai dan saldo kepotong,1,2023-12-18 10:43:58,4.80.2,negative,rating_rule,106
Muhamad fauzi,Udah tauu kamera depan rusak susah lagi verifikasi muka nya malahh ga gopay plus udah buat laporan ga di tangapin lelet lgi,1,2023-12-18 10:51:57,4.80.2,negative,rating_rule,123
Rizky Permana,Pelayanan yg Buruk pantesan saham ambles makin kesini bukannya baik ini makin jelek pelayananya,1,2023-12-18 11:03:41,4.80.2,negative,rating_rule,95
Ijo Daun,Idiot banget tagihan gopay later udah bener tgl 1 malah di pindahin jd tgl 2 idiotgoblokkk,3,2023-12-20 17:23:20,4.80.2,neutral,rating_rule,90
Mhmmmd Rezyy al nabil,Ga ada fitur tambah voucher buat diskon di gofood Bisa hilang sendiri fitur nya entah kenapa,2,2023-12-17 09:42:05,4.80.2,negative,rating_rule,92
Dika Bae,Edit  masalah sudah teratasi Komentar sebelumnya Sudah saya email ke gojek dan gopay tanggapannya lama sekali dengan entengnya di kolom komentar ini maaf atas ketidaknyamanannya Saya tidak bisa beli pulsa karena dianggap aktivitas tidak wajar Terus gunanya nyalain lokasi apa Padahal beli pulsa adalah transaksi yang pertama 271023,4,2024-01-16 14:09:30,4.80.2,positive,rating_rule,331
Mohamad Anwar,Driver bawa kalem,5,2023-12-17 08:43:09,4.80.2,positive,rating_rule,17
Denny Jauhari,Sangat membantu pada saat bepergian keluar kota,5,2023-12-18 10:18:19,4.80.2,positive,rating_rule,47
MSL- goldfish,Mohon maaf sy kurangi kembali menjadi 1 bintang yskrg buat laporan yg balas bot kalian bukan CS nya yg menanggapi Tidak seperti dl cepat tanggap dan permasalahan cepat selesai,1,2023-12-17 08:42:06,4.80.2,negative,rating_rule,175
Ardi,tolong donk klo goshop gosend ato gomart dapetin drivernya jgn jauh jauh dari tempat order  1 kasian drivernya 2 kurang efisien waktu  jadi lama tambah lagii fitur chat sekarang kok berasa susah dengan driver  updatenya tolong diperbaiki tambah 1 lagi hari ini gofood kurang pesanan proses lamaaa bgt cs komunikasinya,1,2023-12-17 08:26:10,4.80.2,negative,rating_rule,317
lucky lukmanul hakim,Kecewaakun gopalayer sy di brokir padahal bayarnya sy tdk telat tau knpkecewa dan malas pakai gojek lg klo kaya gtumendingan beralih ke aplikasi laintau sampai kpn di brokiraplikasi nya aneh bin ajaib bayar tepat tdk telat di brokirapalagi telat 5 hari di brokirtolong di perbaiki lg pelayanan aplikasinya ganpadahal sy masih ada limitnya di akun gopalayerterima kasih,1,2023-12-31 01:46:55,4.80.2,negative,rating_rule,368
Suprianto,heheh,5,2023-12-17 11:01:09,4.80.2,positive,rating_rule,5
akang nonoy,Mohon di proses pengembalian dana saya karena transaksi gagal sudah 3 hari belum kembali lagisudah minta bantuan dari CS nya tapi yg jawab hanya CS mesin,3,2023-12-18 08:25:08,4.80.2,neutral,rating_rule,153
Pengguna Google,Tadi nya gojek bagus sih lancar  Tp skrg sering ngelag aaah sering gkbs order kl lg btuh buru jd susaahh apa hrs di hapus dl ya,2,2023-12-18 08:35:15,4.80.2,negative,rating_rule,127
maria aura,Ngehangngehang lagi Sinyal lancar memori HP banyak tiap berapa menit baru buka aplikasi gojek terus beku gabisa digerakin jadi harus keluar lagi ngulang lagi,1,2023-12-23 12:01:36,4.80.2,negative,rating_rule,157
PUTERADASRIM NAWIKLAN,Okeeeee,5,2023-12-18 08:31:49,4.80.2,positive,rating_rule,7
Siti Aisah,Aplikasi ini enak sebenar nyatapi kenapa pas mau masuk malah keluar lagitolong dong kondisikan aplikasi nya,1,2023-12-17 11:31:02,4.80.2,negative,rating_rule,107
Kicau Corona,bintang yes,5,2023-12-17 11:54:27,4.80.2,positive,rating_rule,11
bang phoetra,Sederhana namun saya bahagia,5,2023-12-18 12:37:46,4.80.2,positive,rating_rule,28
513 herfiandry rahmawan,Bagus interior dan mobilnya sayang kalai jadi driver terlalu mahal untuk join ada bayaran sewa kontrak dan sewa harian,4,2023-12-17 06:19:09,4.80.2,positive,rating_rule,118
Wahyu F,Setelah di update malah gak bisa di gunakan padahal jaringan kenceng ini malah loading gak selesai,1,2023-12-18 08:50:14,4.80.2,negative,rating_rule,98
dian rosita,pengantaran hemat gofood tdk msk akal lebih dari sejam belum jadi juga keburu mati kelaparan,1,2023-12-17 11:55:05,4.80.2,negative,rating_rule,92
Muhammad Nor,Tolong tampil kan promo diskon ku hilang,1,2023-12-17 06:13:12,4.80.2,negative,rating_rule,40
Ardi Utama,Aplikasi sering eror Dapat driver jarak nya terlalu jauh nunggu lama tdk sesuai estimasi aplikasi pake acara driver double order segala biaya layanan semakin mahal kok kualitas aplikasi semakin buruk Gak simple kayak dulu,1,2023-12-17 05:58:57,4.80.2,negative,rating_rule,221
Dearna,Kecewa sama penanganan keluhannya,1,2023-12-18 12:37:49,4.80.2,negative,rating_rule,33
Muhamad Nurfaza,Susah dapet drivernya Gg membantu banget,1,2023-12-17 11:58:20,4.80.2,negative,rating_rule,40
Alvito Abimael,Gak jelas mau bayar masa harus gopay plus aplikasi jelek,1,2023-12-17 11:59:40,4.80.2,negative,rating_rule,56
Denna Kusdiana,Sering lemooooot dan sering crash makin paeah aja aplikasi nya,1,2023-12-17 12:12:20,4.80.2,negative,rating_rule,62
Zunaedi Z,Oke semua,5,2023-12-17 11:25:13,4.80.2,positive,rating_rule,9
Bams True Blue,Aplikasiny sering crash tolong di perbaiki,3,2023-12-18 08:57:27,4.80.2,neutral,rating_rule,42
RIKY SAPUTRA,Harusnya gojek ubah sistem kembali ke algoritma lama dimana posisi jmput under 0300mtr dari lokasi Biar driver tidak menghabiskan biaya operasional yg tinggi Punya Empati lah Apk jgnkan sejahtera mau makan apa driver nya kalau Driver dipaksa kerja dgn ongkir 5rb dan jarak jemput yg jauhdan gk wajar,1,2023-12-18 09:12:18,4.80.2,negative,rating_rule,299
AKRI H,sangat membantusy hrp hrg bs bersaing dg kompetitor sebelah yg terlalu upapa bisa inbox perubahan ke 12x min,5,2023-12-18 09:29:06,4.80.2,positive,rating_rule,108
Hakuoro Posting Channel,Kasih bintang 1 dulu Apknya ga bisa di buka nge blank,1,2023-12-20 14:14:04,4.80.2,negative,rating_rule,53
Eka Sulistyowati,Mudahmurahgoodjob,5,2023-12-17 11:24:40,4.80.2,positive,rating_rule,17
Muhammad Syamsul Azis Official,Lanjutkan,5,2023-12-18 12:01:26,4.80.2,positive,rating_rule,9
Pande Indrawan,Belakangan aplikasi sering error dan hang,2,2023-12-17 06:21:19,4.80.2,negative,rating_rule,41
Ogii,Promo nya jadi agak kurang,4,2023-12-18 12:18:44,4.80.2,positive,rating_rule,26
Rafli Putra Maesa,Lama mendapatkan drivernya saya jadi telat sekolah karena menunggu satu driver yang tidak banyak terima saya jadi menunggu lama dann itu membuat saya telatHargai saya selagi menunggu dan meminta maaf mungkin tarif murah atau kendala jauh,1,2024-01-18 23:27:28,4.80.2,negative,rating_rule,237
E S,Gojek sebulan ini aplikasinya error muluu,1,2023-12-18 09:10:38,4.80.2,negative,rating_rule,41
Siti anisa Dede,Manuap,5,2024-01-19 12:44:05,4.80.2,positive,rating_rule,6
Rio Dwi Harto,Tolong diperbaiki Belakangan ini sering forceclose Lalu kendala yg sangat aneh jika driver telfon customer di HP customer tinggal muncul menu angkat telfon dan hanya berdering,5,2023-12-18 09:04:51,4.80.2,positive,rating_rule,175
Adi Prayogo,perbanyak promo potongan tarif goride dan gocar,5,2023-12-18 14:13:45,4.80.2,positive,rating_rule,47
Farm Rabirt,GOSEN Tidak ada pilihan berat 1kg2kg Kan beli barang tidak semua berat max 5kg Mohon di perbaiki,1,2023-12-17 18:55:48,4.80.2,negative,rating_rule,96
fatmarosiana Lusi,Gojek yg terhormat Mohon di himbau kan pada driver gocar yg mana sdh belaku tdk sopan Khusus nya daerah Sukabumi Memang tdk semua driver sprti itu tp tlg beritahukan jg klw tdk bs jmput knp menyuruh kmi yg mencancel knp tdk mrk yg cancel sj smp saya d spam pake pesan singkat yg berubi2 Wkt itu memang sy sdg berada di luar rumah kdg ada signal kdg engga Cb deh klw ga bs jmput cancel aja sndri jgn nyuruh2 costumer yg cancel Ajari etika jg Trmksh,1,2023-12-18 03:24:43,4.80.2,negative,rating_rule,447
muhammad zamhariry,Payah nih min tolong diperbaiki dong bug nya Masa sinyal tidak terdeteksi waktu mau pakai gopay padahal lancar banget sinyalnya mana sering force close pula,1,2023-12-31 12:44:30,4.80.2,negative,rating_rule,156
Fizar Afriani,Ini maksudnya gojek apa sih Gopaylater udh di bayar lebih awal di aplikasi udh beres malah di tlponin mulu di bilang belum bayar GANGGU  Terus tbtb ada notifikasi kalo saya kena DENDA  heyyyyy Saya udh bayar ga ada tagihan lagi  PERBAIKI SYSTEM NYA,1,2023-12-16 07:24:22,4.80.2,negative,rating_rule,248
risalatul adna,Kasih saya diskon,5,2023-12-16 07:04:33,4.80.2,positive,rating_rule,17
rini ismawati,Senang sampai dgn selamat dan banyak diskonnya,5,2023-12-20 15:10:07,4.80.2,positive,rating_rule,46
Ardian Syah,Promonya di tambah lagi min untuk akhir tahun,5,2023-12-16 06:51:09,4.80.2,positive,rating_rule,45
Krisandi Agus,Gojek sekarang lebih sering ngehang,2,2023-12-16 06:46:33,4.80.2,negative,rating_rule,35
Pak mul Ayah dania,kenapa yg ngambil jauh dr titik jemputan aneh amat,4,2023-12-16 05:45:35,4.80.2,positive,rating_rule,50
Putra,Aplikasi sering keluar sendiri force close,2,2023-12-16 05:40:07,4.80.2,negative,rating_rule,42
DEDY WIDODO SUTANDANG,Hore gopaylater ditutup terima kasih,3,2023-12-18 03:05:15,4.80.2,neutral,rating_rule,36
Ibrahim Sidik,joosh,5,2023-12-16 05:15:03,4.80.2,positive,rating_rule,5
Rizky Suharyadi,Im sorry Tapi customer service ga bisa ngasih solusi ketika pelanggan butuh bantuan Dan ketika aplikasi sudah besar dan hebat dia juga bisa semena mena dengan anggotapelanggan nya Tq,1,2023-12-16 07:37:14,4.80.2,negative,rating_rule,182
D Melinia,future super app indonesia ini mah,5,2023-12-16 08:19:45,4.80.2,positive,rating_rule,34
rani angraini,NT ONIK,1,2023-12-17 19:42:38,4.80.2,negative,rating_rule,7
Agung Bachtiar,Tidak bisa menambahkan metode pembayaran debit card Jenius sudah saya coba berulangkali Tetap gak bisa,1,2023-12-16 11:35:25,4.80.2,negative,rating_rule,102
Hesty Indah,Gojek makin maju makin jaya,5,2023-12-16 11:01:10,4.80.2,positive,rating_rule,27
Edi Suriyanto,error terus,1,2023-12-16 10:36:56,4.80.2,negative,rating_rule,11
Rudi Edi Santoso,Gopay later diblokir karena telat membayar wkwk Padahal emang pure lupa kalau ada tagihan karena tidak ada notifikasi Udah bayar denda eh dibekukan juga Tau gitu mah mending gak usah ada denda dendaan sekalian aja diblokir akunnya Payah lah gojek,1,2023-12-16 10:34:44,4.80.2,negative,rating_rule,246
Edi Djunaedi,Mantep pokonya,5,2023-12-16 09:53:00,4.80.2,positive,rating_rule,14
Lina_ 8,Lagi pesan tiba2 ngelag aplikasinya mau keluar dari aplikasinya ga bisa tekan back,2,2024-01-15 10:11:44,4.80.2,negative,rating_rule,82
Putra Putra,Sebelumnya layanannya oke belakangan layanan nya kurang baik yang gopaylater tidak bisa dipakai padahal tidak pernah telat bayar tapi tetap tidak bisa dipakai walaupun limit full dengan keterangan  Ops ada sedikit gangguan  kirain sebentar ternyata berharihari,1,2023-12-18 03:50:36,4.80.2,negative,rating_rule,260
Iwan Cupleugghfrf,Keramahan lebih ditingkatkan,5,2023-12-16 09:39:55,4.80.2,positive,rating_rule,28
jamilah azhar,Titik jemput sering tdk sesuai,3,2024-01-21 08:47:53,4.80.2,neutral,rating_rule,30
nia ramadhani,Pertama kali pkai gojek sangat sangat mengecewakansupirnya dari awal tak ramah Walaupun konsumen salah atau bagaimana ga perlu ngomong ngegas Ga sopan,1,2023-12-16 09:15:48,4.80.2,negative,rating_rule,150
Gilang Pratama,Sangat mantap,5,2023-12-18 03:41:57,4.80.2,positive,rating_rule,13
Pusar Anggoro,Gojek is a good application,5,2024-01-05 05:12:26,4.80.2,positive,rating_rule,27
Idup Mulya jaya,Manatap,5,2023-12-16 04:31:51,4.80.2,positive,rating_rule,7
maria felisitas,Mengapa setelah diupdate malah aplikasinya tidak bisa dibuka,3,2023-12-18 01:59:16,4.80.2,neutral,rating_rule,60
imansyah putra,Gojek kacau sekarang sering crash pesen goride error gopaylater gak bisa dipakai padahal bayarnya juga gak telat,1,2023-12-19 03:09:55,4.80.2,negative,rating_rule,112
Lion Indo,Komplain lama,1,2023-12-15 15:41:00,4.80.2,negative,rating_rule,13
MR. noob GM,Tulisannya cancel setelah saya cancel saya pesen lagi kemudian yang dateng ada 2 memang aplikasi gojek gak bisa dipercaya,1,2023-12-18 03:03:08,4.80.2,negative,rating_rule,121
Personalia.alfamartplg,Gak jelastiba gopay later diblokir,1,2023-12-19 03:19:39,4.80.2,negative,rating_rule,34
Zhe3Dhe3,Untuk GoFood mahal  kurang bersaing promonya terkesan pengen ngeraup sebanyakbanyaknya keuntungan dari customer Untuk goride udah cukup bagus bersaing,2,2023-12-15 15:31:22,4.80.2,negative,rating_rule,150
Irfan Jaki,Pembayaran pay later ke toko2 error udah satu Minggu saya tunggu g ad balasan via email kalo emang ga niat hapus aja pembayaran paylater,1,2023-12-15 14:47:55,4.80.2,negative,rating_rule,136
Siti Muzayana,matabb,5,2023-12-19 03:28:09,4.80.2,positive,rating_rule,6
Maulia Septia,Gojek knp y erorudh di instal ulang bukan makin bener malah eror nutup sendiri,1,2023-12-15 14:22:02,4.80.2,negative,rating_rule,78
Riyo Prayoga,Promo yg banyak tidak berguna,3,2023-12-15 13:41:56,4.80.2,neutral,rating_rule,29
Sa Yumi,Orangnya baik dn rama,5,2023-12-31 16:22:16,4.80.2,positive,rating_rule,21
Saeni Irwanto,Jarang pakai sih,3,2023-12-15 12:06:09,4.80.2,neutral,rating_rule,16
Haltebikumiku,Grab sucks,5,2023-12-19 03:29:00,4.80.2,positive,rating_rule,10
Nunung Herlina,Sekarang sering banget crash kacau,1,2023-12-15 11:56:55,4.80.2,negative,rating_rule,34
Devi Nofita Sary,Terima kasih gojek Sempat ada masalah penyalahgunaan Email tapi sudah diselesaikan oleh pihak gojek,5,2023-12-19 03:49:21,4.80.2,positive,rating_rule,99
Driver ojol Jakarta (Orie),hapus argo gocengbuat driver jadi makin sengsara,1,2023-12-20 22:11:10,4.80.2,negative,rating_rule,48
Adi P,Parah sering gangguan mau pembayaran selalu dalam pemeliharaan terus sampe kapan  Hadeh,1,2023-12-15 15:52:54,4.80.2,negative,rating_rule,87
slamet hariyanto,Sering error  masih force close terus  udah pesan food  keluar aplikasi baru bisa dilihat pesananya kl yg ga tau pasti dobel order kl bgt,3,2023-12-15 16:53:48,4.80.2,neutral,rating_rule,137
Larie Asis,aplikasi yang sangat membantu dan mempermudah kebutuhan seharihari untuk saya yang disabel Terimakasih Gomart,5,2023-12-19 03:04:13,4.80.2,positive,rating_rule,109
Muhammad Rasyid Ridho Pulungan,Gak bisa batalin pesanan,1,2023-12-16 01:57:46,4.80.2,negative,rating_rule,24
ilmi nur,Udah suka banget sama kinerja aplikasi nya Ini udh aku edit krna mnurutku apk ini udh upgrade bgt Terimakasih banyaaakkk yaaaahhhh,4,2023-12-19 02:40:18,4.80.2,positive,rating_rule,130
Don King,Update bukannya makin bagus eh malah lemot,1,2023-12-16 02:15:21,4.80.2,negative,rating_rule,42
Ogi Marsel,bagus aplikasi nya saya suka,5,2023-12-19 02:53:14,4.80.2,positive,rating_rule,28
Yayah Violin,Senang belanja disini selalu puas langgananku doong gojek selalu,5,2024-01-08 09:45:07,4.80.2,positive,rating_rule,64
Gita Legiana,Payah Jd sering eror atau ga bsa buka aplikasi nie Mw pke saldo gopay sndiri jd ga bsa Ksian jg driver jg trhambat orderan krn aplikasi sring eror,1,2023-12-16 02:06:39,4.80.2,negative,rating_rule,146
Fajar Muhamad Ramdan,Ko not responding terus sih sebelumnya sudah saya update dan sinyal juga kenceng ram 8gb masih kosong 3Gb internal 256Gb,1,2023-12-18 02:05:35,4.80.2,negative,rating_rule,120
Lisda Lestari,Aku masa gak bisa pake promo gofood sii udah dari lama tulisannya promo tidak bisa terpakai terus,1,2023-12-18 02:22:33,4.80.2,negative,rating_rule,97
gilbert oscar,Aplikasinya sering error dan saya membayar makanan 2 karena aplikasinya error saya sudah 2 mengajukan laporan malah laporannya di tutup tanpa ada kejelasan,1,2023-12-16 01:02:58,4.80.2,negative,rating_rule,155
Ahmad Badawi,Kenapa limit gopaylater saya tidak bisa di gunakan lagi Saya naikan bintang 5 kalau limit gopaylater nya sudah bisa di gunakan kembali,1,2023-12-15 23:38:15,4.80.2,negative,rating_rule,134
Rudy Martin (Rudy),Aplikasi tdk mendukung ketika masuk aplikasi ngehang,1,2023-12-15 23:33:27,4.80.2,negative,rating_rule,52
indriana tri utari,Sangat membantu dalam kondisi apapun,5,2023-12-18 02:19:13,4.80.2,positive,rating_rule,36
Nezamart Official,Dari penjual ambil biaya dari driver ambil biaya dari pemasan ambil biaya amazing,1,2023-12-15 20:18:15,4.80.2,negative,rating_rule,81
Bondz MooN,aLL gOoD,5,2023-12-15 19:41:57,4.80.2,positive,rating_rule,8
Jhonizar,mantapp dah gobox,5,2023-12-16 11:48:15,4.80.2,positive,rating_rule,17
Saputra Ikbal,Ini knpa si kan pin ya bener ko pas beli pulsa eror parah si ini,1,2023-12-16 17:31:32,4.80.2,negative,rating_rule,64
Nina Listya,Sipp pokoknya,5,2023-12-20 13:24:33,4.80.2,positive,rating_rule,13
Rizky Satrio,Itu argo goceng minta tolong diilangin dong soalnya saya sering banget kalo lagi order Gofood malah dimintai nambah padahal buat ongkir saya udah bayar diatas 1216 RB untuk jarak yang ga terlalu jauh,1,2023-12-17 21:59:06,4.80.2,negative,rating_rule,199
Rudy Eko,Aplikasi AnakBangsa,5,2023-12-17 22:02:52,4.80.2,positive,rating_rule,19
Jessica huang,Aplikasi gojek saya knapa ga bs di buka ya Padahal udah bolak balek unistalinstal Mohon bantuannya,1,2023-12-18 04:34:35,4.80.2,negative,rating_rule,98
Putu Sastrawan,Kadang erorngelagclose dulubaru normal lagitlong diperbaikithanks,3,2023-12-16 16:21:01,4.80.2,neutral,rating_rule,65
Resy Hermawati,Sangat membantu per transportasian sehari hari,5,2024-01-17 10:37:44,4.80.2,positive,rating_rule,46
siwi perdana,Ada yang pernah topup gopay ngga masuk Udah 3x24 jam udah laporan tapi ngga ada jawaban apapun dari gojek masa kaya gini si ngga ada tanggung jawabnya sama sekali itu kan uang saya sudah ada bukti transfer sukse terus uangnya masuk kemana Tolong dong admin gojek bisa ngga ini ada tanggungjawabnya hidup lagi susah2nya topup malah ngga masuk kecewa bgt padahal udah bertahun2 transaksi menggunakan gopay tapi ada kejadian kaya gini ngga ada solusi apapun bingung mau minta tolong sama siapa,1,2023-12-16 15:34:11,4.80.2,negative,rating_rule,490
Ahmad,Setelah Update ko jadi parah nih,1,2023-12-17 22:20:21,4.80.2,negative,rating_rule,32
Elsye Yosina,Setiap di buka aplikasinya blm masuk ke menu udah keluar lagi Begitu aj terus dr kmrn2 Ada apa sih sbnrnya Di perbaiki donk,1,2023-12-17 23:15:44,4.80.2,negative,rating_rule,123
BACHTIYAR BAGUS PRAMANTO,sangat membantu untuk sarana transportasi terimakasih,5,2024-01-17 10:23:19,4.80.2,positive,rating_rule,53
Haris Erdyanto,Semakin nyaman digunakan,5,2023-12-20 15:23:41,4.80.2,positive,rating_rule,24
mika rasyad,dapat meredakan kelaparan saat malam,5,2023-12-17 21:04:16,4.80.2,positive,rating_rule,36
Aris Kani,Ada update bukanya lebih baik justru sering frezze apk nya aneh bet,1,2023-12-16 17:42:29,4.80.2,negative,rating_rule,67
Irfan Samson,Suka eror ga jelas Tolong diperbaiki lagi Terima kasih,1,2023-12-16 17:57:15,4.80.2,negative,rating_rule,54
Budi Ardiyanto,Awesome,5,2023-12-18 05:02:30,4.80.2,positive,rating_rule,7
dzal karnaen,luar biasa,5,2023-12-18 05:52:36,4.80.2,positive,rating_rule,10
Vinsen Nawir (Phantom Fire),aplikasi sering ngecrash terutama saat buka opsi restoran dan live posisi driver,2,2023-12-18 05:40:28,4.80.2,negative,rating_rule,80
Uti,Jayaheee,5,2023-12-18 05:38:22,4.80.2,positive,rating_rule,8
Ujang Ramdani,Anji gw udah 2 hari manggil gocar ga pernah ada yg konfirm,5,2023-12-18 05:34:02,4.80.2,positive,rating_rule,58
Aqram Munawar,Saldo 50000 aja lama banget di refund apalagi transaksi berjutajuta di aplikasi gpay sini yg ada uang hilang dan ga di proses Call center tidak bisa dihubungi customer service respon lama,1,2023-12-16 19:13:42,4.80.2,negative,rating_rule,187
Aldi Wijaya,Sekarang malah voucher promo hilang semua padahal masa berlaku masih lama hadeh aplikasi scam,1,2023-12-18 05:31:48,4.80.2,negative,rating_rule,93
ronie kurniawan,buka sebentar hang tiba2 pakai HP Flagship internet 100Mbps 18ms uninstal instal lagi sama aja coba perbaiki,2,2023-12-16 18:48:40,4.80.2,negative,rating_rule,108
Yohanes Oeyliawan,Driver makin lama makin gak sopan Naikin harga lah Minta offline lah Marah marah sama customer Bahkan mabuk sebelum narik Parah,1,2023-12-16 18:24:43,4.80.2,negative,rating_rule,127
Ahmad Rafif almanac,ini internet lancar loh ko di app ini mlah ngelag tolong diperbaiki,1,2023-12-18 05:20:08,4.80.2,negative,rating_rule,67
Ahmad Tubagus,Aplikasi crash waktu order gofood Pas order lagi orderannya jadi double,1,2023-12-16 18:11:51,4.80.2,negative,rating_rule,71
wisata molekul,good job buat gojek,5,2023-12-18 14:54:30,4.80.2,positive,rating_rule,19
BANG SAM,KETERANGAN REFUND UDAH DI PROSES KAGA ADA SALDO MASUK SALDO 2JT ANGUS GAK ADA INFO DARI PIHAK GOJEKKKKK DI MANA KALO REFUND SALDO KEPOTONG LAH INI SALDO TIBA KEPOTONG SALDO 2JT BELUM KEMBALI DARI KEMARIN,5,2023-12-18 04:32:28,4.80.2,positive,rating_rule,203
Joss Ben Kid,Aplikasi sering eror Waktu November 2023 order cuma 1x tapi sesudah sy naik driver yg pertama tibatiba ada sekitar 5 driver lagi yg datang ke alamat sama yg diorder Driver terus berdatangan sampai aplikasi di uninstall baru dah driver nya gak berdatangan lagi Bikin heboh 1 komplek dah,1,2023-12-18 16:43:45,4.80.2,negative,rating_rule,285
Andhika Riyanto,Smg lebih baik,5,2023-12-18 17:02:16,4.80.2,positive,rating_rule,14
Fatimma Zahro,Terbaik ku,5,2023-12-16 13:12:30,4.80.2,positive,rating_rule,10
Tony Mulyadi,Ini divisi IT gajinya kurang apa gimana APKnya lola banget udah mau pembayaran tau tau ngeblank dan tutup aplikasi Kemaren mau naik gocar nyari lokasi padahal nulis alamatnya detail malah mapnya ga kedeteksi ampun dah,1,2023-12-16 12:44:17,4.80.2,negative,rating_rule,217
Tri wahyudi Wahyudi,I like it,5,2023-12-31 11:30:24,4.80.2,positive,rating_rule,9
Roni Aris,Kasian drvier y makan ampasnya doank malah sekarang tarif diturunkan BBM naik kebutuhan naik tarif diturunkanbagaimana mitra mau sejahtera,1,2023-12-18 01:16:24,4.80.2,negative,rating_rule,138
Indrowati Indrowati,sangat puas dng layanan oprator,5,2024-01-18 00:33:07,4.80.2,positive,rating_rule,31
Donny Iryansyah,Saya pelanggan setia GOJEK pesan GOFOOD BANYAK YG MEMELAS ONGKOS YG DI TERIMA 5000 PADAHAL SAYA BAYAR NOMRAL SESUAI APLIKASINYA TIDAK SEGITU TOLONG DRIVER GOJEK YG SUKA MEMELAS ONGKOS 5000,1,2023-12-19 00:31:41,4.80.2,negative,rating_rule,188
chyntia anindhyta,Kenapa akhir2 ini aplikasi sering error Diperbaiki dong jadi ga bisa dipake pas dibutuhin,1,2023-12-19 00:35:57,4.80.2,negative,rating_rule,89
Dede Kusderis,Saya sudah lama menggunakan aplikasi GOJEK sejak 2017 sya pengguna aktif aplikasi GOJEK bahkan semua handphone saya terpasang aplikasi GOJEK entah kenapa 2 tahun terkahir ini banyak banget masalah di GOJEK setiap saya pesan gocar sangat lama dapat driver udh lama dan d cancel pula Terakhir kemarin pesan gocar dari mall TA sampai menunggu 10 menit baru dapat driver itupun dicancel oleh drivernya saya langsung pesan via GRAB langsung dapat langsung jalan,1,2023-12-18 01:44:35,4.80.2,negative,rating_rule,456
Ghina Ruwaida,Gotix tiba tiba tidak ada di aplikasi gojek saya bagaimana caranya supaya kembali,5,2023-12-18 01:45:40,4.80.2,positive,rating_rule,81
Sumini Rifan,Aneh baru download gabisa ke buka,1,2023-12-16 12:14:48,4.80.2,negative,rating_rule,33
Sugeng Santoso,Praktis dan hemat Mantap,5,2023-12-19 01:04:32,4.80.2,positive,rating_rule,24
Maeztama,Sy pengguna gojek udh lamaa banged paham betul syarat ketentuan gopaygopay later tp sekarang tiap transaksi pake paylater slalu keluar notif ada gangguan tekhnis sdh ajukan kendala bolak balik tp jawaban slalu sama please deh Kasih bintang 5 biar up  thanks before,5,2023-12-16 12:09:25,4.80.2,positive,rating_rule,264
Geovany Geovany,Hdm l7olh Xwl hnco c9  l9 9Zf 529 Ol Dqr3 X Bxt Xae Bc,5,2023-12-16 11:49:11,4.80.2,positive,rating_rule,54
Dimas Ramadhani,Ketika mau mencari menu makanan pasti selalu location not serviceable  trus saya mau pesan makanan bagaimana,1,2023-12-19 01:46:00,4.80.2,negative,rating_rule,108
Aris Setyawan,Sangat membantu dalam kehidupan nyata,5,2024-01-20 17:29:32,4.80.2,positive,rating_rule,37
Rini Anita,Aplikasi nalarlagi maen game iklan pengertian dikit HP macet,1,2023-12-21 13:01:02,4.80.2,negative,rating_rule,60
Bonchel Sabbar,Tolong perbaiki ya minmslh saya sering nya titik maps yang di driver sama tulisan castamer alamat pesanan beda ny jauh sedangkn driver ny suka keukeuh gak mau nyampai di yg tertera alamat pesanan dgn alasan driver sudah d titik pdhl alamat penjemputan bukan di titik yg driver tunggu mslh ny rmh saya d gang dlm paling tengah jd jauh kmn mana mknya saya sering pesan gojek tolong perbaiki ya min titik maps driver sama yg kita tulis d almat penjemputan harap samakan jd gk ribet,5,2023-12-17 23:31:06,4.80.2,positive,rating_rule,478
Zainal Abidin,Sangat membantuusahakan perbanyak promo iyya gojek,5,2023-12-16 15:03:47,4.80.2,positive,rating_rule,50
Bagus Prasetya,Kok sekarang sering hang aplikasinya Alamat tersimpan juga tidak muncul di bawah pilihan alamat Sinyal sudah penuh aplikasi sudah update yg terbaru Semoga segera bisa diperbaiki,1,2023-12-17 23:16:03,4.80.2,negative,rating_rule,177
Thedy,Gimana sih gojek saya mesen makanan karena pengen cepet gak ribet maka nya saya gk masalah rogoh kocek lebih lah ini saya mesen lama banget kaga pake pengantaran hemat dan ternyata orderan saya masuk ke driver yg posisi nya  4km whaaattsss awalnya saya gak percaya tp tampilan screenshot nya di tunjukkan ke saya ama driver nya,1,2023-12-16 14:52:27,4.80.2,negative,rating_rule,327
Tenriwali Bs,Mantulllll Gacor,5,2023-12-16 13:55:18,4.80.2,positive,rating_rule,16
mohamad fajar syarifudin,Solusi utk antar jemput,5,2023-12-17 23:56:44,4.80.2,positive,rating_rule,23
HEUG,Ongkos nya mahal,2,2023-12-16 13:48:10,4.80.2,negative,rating_rule,16
Qero2p,APK DONGOO SALDO KEPOTONG GAK DIBALIKIN DONGOO,1,2023-12-18 18:57:37,4.80.2,negative,rating_rule,46
"IQ 0,01",Paylatter nya ga jelas awal nya bisa pake dan normal aja Eh ketika di suruh upgrade paylatter malah jadi ga bisa Paling kocak waktu minta bantuan ke cs nya alasannya cuman karna tidak memenuhi persyaratan Padahal bayar selalu lebih awal ketika tanggal 15 tagihan baru muncul langsung di bayar Jadi ngerasa percuma sering pake gojek tapi hasil nya tetep jelek kualitas akunya,1,2023-12-16 13:39:02,4.80.2,negative,rating_rule,374
Mam'sLeo DanielRamadhan,gomed nya sudah gak ada ya di apk,1,2023-12-18 04:15:44,4.80.2,negative,rating_rule,33
Eln _,Gopaylater nya ga bisa dipake mulu,1,2023-12-16 13:26:08,4.80.2,negative,rating_rule,34
Dea Rahma Diana,Gila nih aplikasi mau bayar lewat qris gak bisa katanya kebanyakan nyoba padahal cuma salah pin 1 kali,1,2023-12-17 23:54:47,4.80.2,negative,rating_rule,102
Fazrie Hadi,Pakai 100 ribu denda 50 ribu kan dzolim kelian tuparah,1,2023-12-17 10:16:10,4.80.1,negative,rating_rule,54
Evon Zubair,Wangel giliran lupa pin cuman sekali tiba tiba banyak aksi terus coba lagi 1 jam,3,2023-12-23 12:58:55,4.80.1,neutral,rating_rule,80
Evan 04,Kelazzzzzzz,4,2024-01-17 02:20:38,4.80.1,positive,rating_rule,11
Sukarmi Muid,Grap memang top,5,2024-01-30 22:56:09,4.80.1,positive,rating_rule,15
Firdaus Alamsyah,Sangat membantu dikala males bawa motor,5,2023-12-12 06:37:14,4.80.1,positive,rating_rule,39
shofwatul arumatil fauziyah,Aplikasi malesin sering bgt error gajelas,1,2023-12-11 11:33:13,4.80.1,negative,rating_rule,41
Hotman Simanungkalit,BAGUS,5,2023-12-11 14:17:12,4.80.1,positive,rating_rule,5
Rian Gunawan,trimakasih,5,2023-12-12 15:31:44,4.80.1,positive,rating_rule,10
Haekel Haekel,Lebih bagus versi yg dulu sebelum upgrade skrg mau aktifin gopaylater  gopinjam susahnya minta ampun selalu ditolak pdhl sblumnya sudah punya limit selalu digunakan  tidak pernah telat bayar Trs versi yg dulu bisa menentukan sendiri limit gopaylater nya,1,2023-12-11 10:36:52,4.80.1,negative,rating_rule,253
Nazwa Alifia,Pas d update malah gk bisa d pakai,1,2023-12-11 10:08:17,4.80.1,negative,rating_rule,34
RidhoMotovlog HD,Parah For close terus,1,2023-12-12 14:10:16,4.80.1,negative,rating_rule,21
L-S- pakpahan,setelah update aplikasi ny sering error makin lama makin ga jelas ni aplikasi,1,2023-12-12 07:00:31,4.80.1,negative,rating_rule,77
wiedhy qw,driver ngga turun bantu angkatin barang padahal saya bawa barang lebih dr satu malah smpt smpt nya bilang taro belakang kosong bu duduk di bangku tengah berdua sm keponakan ada koper ada tas jugaAC kaga dingin dia niat nyari penumpang apa kaga si saya paling jarang bgt ngasih rating jelek tp kalo kondisi nya beginisaya ga tolerir kalo ada mines bintang aku pilih yg mines deh,1,2023-12-12 05:19:11,4.80.1,negative,rating_rule,377
mhd tamsil,Mantab jaya,5,2023-12-12 03:01:51,4.80.1,positive,rating_rule,11
Kanjeng Ei,Yah server kami lagi sibukbapaklu sibuk gw pen mesen makanan aja ribet aplikasi apasi,1,2023-12-11 10:08:26,4.80.1,negative,rating_rule,85
Arie Anuari,Erorr teruss aneh,1,2023-12-11 13:42:30,4.80.1,negative,rating_rule,17
Mutoharoh Katsir,Pelayanan gofood skrng lama buanget bukan dr drivernya tp dr aplksinya dulu gofood paling 15mnt kdng gk nyampesekarang mesti 30 pe 40mntn hhhh gk bisa di andelinpdhl bukan pke ongkir mode hemat tp luama bikin mls klo mo order gofood,2,2023-12-12 21:13:44,4.80.1,negative,rating_rule,232
Budhy San,Kenapa menu help tidak ada di aplikasi saya ya,3,2023-12-11 12:23:54,4.80.1,neutral,rating_rule,46
Ridlo Alfa,Entah kenapa lokasi sendiri gak di temukan padahal udah di update aplikasi,1,2023-12-11 11:33:14,4.80.1,negative,rating_rule,74
Catur Dewi Hadi Salas Wati,setelah di update kenapa malah tidak bisa memilih utk mengganti alamat ya pdhl mau kirim gofood ke saudara di luar kota saat mengganti alamat tulisannya alamat tidak dapat ditemukan pdahal sebelum di update selalu bisa ganti alamat,2,2023-12-11 10:36:04,4.80.1,negative,rating_rule,231
Putra Kevin,abdet terus  orderan di batasin tanpa sebab yg jelas sama di jedah lama  gk kasihan sama driver nyari buat anak istri dan keperluan yg lain,1,2023-12-11 11:17:54,4.80.1,negative,rating_rule,139
Muhammad Fauzidane Izzudin H.,Ambil data lokasi penjemputan depan rumah tidak bisa ditambah lama banget,1,2023-12-11 11:16:28,4.80.1,negative,rating_rule,73
dandi fernando,Gua mo pulang eh aplikasi nya erorr lokasi ngga kedetect,1,2023-12-11 11:07:35,4.80.1,negative,rating_rule,56
Komang Anggi,Apk KontoI bod0 nya Bangsayt Main Banned akun aja jadi dipersusah mau belanja Apa apa Minimal Ya Gak Di banned juga Akun gwe,1,2023-12-11 10:36:06,4.80.1,negative,rating_rule,124
Zedi Muafrian,Ini kenapa mesin gocar tidak bisa memilih lokasi,2,2023-12-11 11:04:45,4.80.1,negative,rating_rule,48
Idfir Dane,Aplikasi Ampas minimal diperbaiki ngapa mapnya gopaynya ngelagnya ngecrashnya patah2nya gofoodnya sering error ini update mulu ngabisin memori aja tapi apa coba yang diperbaikin,1,2023-12-11 10:46:38,4.80.1,negative,rating_rule,177
Andi Anugrah,Gofood error sejak tadi sore,1,2023-12-11 10:42:05,4.80.1,negative,rating_rule,28
Salmah Azizah,ini gojek kenapaa sii jelek bgtt,1,2023-12-11 09:51:47,4.80.1,negative,rating_rule,32
Siti zahrotul Mahsunah,Eror setiap mau di pakek tidak dpat mendeteksi lokasi penjemputan,1,2023-12-11 10:39:09,4.80.1,negative,rating_rule,65
Atika RosmaS,Sangat membantu skali,5,2023-12-13 06:54:54,4.80.1,positive,rating_rule,21
Rizal 12,Ntab,5,2023-12-15 03:30:19,4.80.1,positive,rating_rule,4
Faizal Aji Kurniawan,aplikasi sering crash secara tiba,3,2023-12-11 05:01:03,4.80.1,neutral,rating_rule,33
Ria wati,Sangat jelek aplikasi nya,1,2023-12-11 02:24:29,4.80.1,negative,rating_rule,25
obenk ska,pesen makananan sampainya 1 jam aplikasi gak ngotak,1,2023-12-14 15:51:17,4.80.1,negative,rating_rule,51
Yudhi Didi,Terimakasih Service nya Baguss,5,2023-12-23 04:42:30,4.80.1,positive,rating_rule,30
Herlangga Pratama,Good job selama ada payleter,5,2023-12-15 16:56:33,4.80.1,positive,rating_rule,28
Desy Mawaddah Irlianty,Tidak ada kontak CS yang bisa dihubungi secara langsung Hanya cs bot yang menjawab,3,2023-12-21 14:46:41,4.80.1,neutral,rating_rule,82
27_ReivaldoC._XI Mipa H (Rei),Aplikasi tolol ongkir sini sana aja 12k padahal gak ada 1km aplikasi aneh,1,2023-12-14 12:39:56,4.80.1,negative,rating_rule,73
Han,Tidak sesuai dengan harga yang di toko,2,2023-12-16 01:43:22,4.80.1,negative,rating_rule,38
Muhamad Bayu Darmawan,GOFOOD MAKIN HARI MALAH MAKIN MAHAL DAN JUGA LAMA MASA PESEN GADO GADO CUMAN 1 KM AJA NUNGGU SAMPE 50 MENIT DAN ADA BEBERAPA RESTO YANG MAKSA DENGAN MENGISI OUT OF STOK PADA TAMBAHAN MAKANAN HADEHHHHHHH,1,2023-12-14 10:33:57,4.80.1,negative,rating_rule,202
Agung IzulHaq,Semoga ngga kaya sebelah ya min,5,2023-12-14 09:38:29,4.80.1,positive,rating_rule,31
Fatur Rahman,Semenjak 2 Minggu yang lalu aplikasi gojek sangat mengecewakan gopaylater saya diblokir padahal selalu bayar tepat waktu dan selalu force close apa bila saat memesan makanan terimakasih,1,2023-12-11 05:20:51,4.80.1,negative,rating_rule,185
Reza Alfaro,Ribet pakai gopay transaksi gagal tp uang sudah 5 hari blm kembali ke akun kecewa,1,2023-12-11 07:47:47,4.80.1,negative,rating_rule,81
irfan darmawan,Tidak bisa kirim ke gopay atau pun bank,1,2023-12-14 06:55:56,4.80.1,negative,rating_rule,39
Bella Chua,Kenapa setelah pembaruan ini aplikasi terhenti ya,1,2023-12-15 11:31:17,4.80.1,negative,rating_rule,49
Hadi Baja,Parah Gopay later gak bisa digunakan Ganti alamat email saja susah dan tidak direspon,1,2023-11-29 11:26:05,4.8.1,negative,rating_rule,85
Pengguna Google,sgt berguna dan terlalu sngt sering di update 06 03 2020 up date 18 03 2020 21 04 2020 26 04 2020 30 04 2020 02 05 2020 26 05 20 30 06 20 06 07 20 01 09 20 20 09 20 22 09 20 30 09 20 26 11 20 22 12 20 10 02 2021,2,2023-08-22 06:04:58,4.8.1,negative,rating_rule,211
fajri fairil haq,Plis tolong saring driver2 yg kgk punya attitud d baikin malah kasar bilangnya banyak orderan sambil koar2 hargai saya Gua trauma mesen gopud jdnya,1,2023-11-19 17:21:25,4.8.1,negative,rating_rule,147
affhantfsy _,Ajglogin aja ribetmana link nya gk bisa bgsd,1,2021-12-25 08:00:53,4.8.1,negative,rating_rule,44
Ariansyah Putra,Sangat membantu diperjalanan,5,2023-09-21 08:44:37,4.8.1,positive,rating_rule,28
Rodiyah Diyah,Drever di serang sedikit dan susah dpat drever nya perlu tambah drever di serang,1,2021-12-23 16:07:54,4.8.1,negative,rating_rule,80
Rizqi Ardiansyah,WOW,4,2023-09-02 00:12:30,4.8.1,positive,rating_rule,3
Siddiq Ojan,Abis update gabisa untuk pembayaran googleplay,4,2021-12-23 12:21:10,4.8.1,positive,rating_rule,46
Pengguna Google,Buat masukk gak bisa2,1,2023-09-25 21:02:31,4.8.1,negative,rating_rule,21
widodo ap,semoga semakin lebih baik,5,2021-12-23 10:30:07,4.8.1,positive,rating_rule,25
Yudi Cell,Biaya amplikasi jangan mahal2 kasian kalau yg pesan food,3,2023-10-05 07:23:37,4.8.1,neutral,rating_rule,56
Agus Jui Purmawan,Slalu memberi solusi disaat dlm keterbatasan,5,2021-12-21 09:29:14,4.8.1,positive,rating_rule,44
Rickya Chanel,semakin baru aplikasinya semakin gak karuan,1,2023-10-10 01:09:37,4.8.1,negative,rating_rule,43
beni herawan,Gopay Latet turun jadi 500 dan sekarang malah ga bisa di pake padahal limitnya ada Cuman jadi pajangan,1,2023-11-04 07:14:48,4.8.1,negative,rating_rule,102
BIGG bangMART,Indonesia mantulllllllll,5,2021-12-22 22:15:25,4.8.1,positive,rating_rule,24
Haris Suryawanda,Gojek memberi pelayanan terbaik,5,2022-01-03 20:29:49,4.8.1,positive,rating_rule,31
Windi Widiati,Aplikasi GOJEK sekarang gak masuk di akal masa saya dapet driver yg jauh2 jarak driver ada kali 6kilo ke titik penjemputan emg gojek makin kesini makin kurang efisien,1,2023-05-12 11:20:50,4.8.1,negative,rating_rule,166
KT Official Chanel27,Kgaa jls mesen gojek penumpang tapi dapat driver nya melebih dri 2 menit terlalu lama padahal ada driver yg Deket,1,2023-05-23 07:47:44,4.8.1,negative,rating_rule,113
Dwi Anggraini,driver tampaknya tidak siap di berbagai tempat sehingga kadang ingin makan di tempat yg lokasi tertentu tidak bisa Tamoaknya driver hanya siap di kota saja sehingga pilihan pesan makanannya terbatas tidak sesuai yg tertera di Go food,1,2023-05-28 08:21:37,4.8.1,negative,rating_rule,233
Just Mahran,KEBANYAKAN UPDATE APK,1,2022-01-01 07:35:08,4.8.1,negative,rating_rule,21
Ririn Permata,rugi sih beli paket new langganan untuk gofood 45ribu untuk 1 bulan promo ga ada yg murah itu pun ke bantu pake paylater diskon 10ribu dikasih vocer mahal yg ga ke pake disc 30 30ribu minimal 100ribu jir buat apaan itu mendingan promo dari tokony kasih vocer disc 40 25ribu minimal 25 ribu itu udh wort it tapi dikasih 3 biji pula minimal mah dpt vocerny bisa di gabunginlah walapun kek gitu,1,2023-06-05 14:08:55,4.8.1,negative,rating_rule,391
SUHERMAN,Kalo dipake tiap hari voucher potongan harga ngga ada jd jatuhnya mahal Pernah Driver datang secara bersamaan harusnya bisa otomatis cancel kalo pesan driver lain,3,2023-06-11 03:28:58,4.8.1,neutral,rating_rule,162
Dianni Lb,Tuh udh gua kasih bintang 5,5,2022-01-01 04:02:50,4.8.1,positive,rating_rule,27
ibro junior,Good jobb,5,2023-06-28 18:15:04,4.8.1,positive,rating_rule,9
Abdul Mutolib,buat rina aulia  aku tau kamu memiliki akun gojek dan semoga kamu membaca tulisan ini Jjur aku sayang banget sama kamu tapi aku gk berani mengungkapkannya langsung karna kamu dah punya pacar,1,2021-12-29 18:21:13,4.8.1,negative,rating_rule,190
Nama Anonim,Tf lewat gopay ga masuk masuk padahal dana sngat perlu untuk pembayaran tiket kaya gini udah k potong banyak ga nyisain saldo ternyata menunggu mau byar tiket bingung nunggu saldo balik baru byar tiket keburu d pecat kantor  ga ada solusi cm d suruh nunggu dngan alasan sedang pemeliharaan padahal d coba tf k bank lain lancar lancar aja aplikasi sudah mulai molor,1,2023-07-10 08:17:45,4.8.1,negative,rating_rule,364
Eko Junyanto,Dear team gojek saya bug tidak bisa masuk aplikasi,3,2023-07-15 12:08:48,4.8.1,neutral,rating_rule,50
chairanis ws,Ga guna nlp CS jg ga ngebantu sama sekali akun tb2 gabisa dipake pesen2 ditanya knp gada jawabannya cuma itu aja Ngapain aku abis2in pulsa nlp CS,1,2021-12-28 06:59:09,4.8.1,negative,rating_rule,145
Sugito,Gojek saya sudah melamar beberapa bulan lalu di goparner koq blm dipanggil panggil ya Padahal teman2 saya yg baru melamar langsung dipanggil Koq saya blm ya Padahal persyaratan saya lengkap Padahal masih ada bukaan dibandar lampung,5,2021-12-27 06:57:34,4.8.1,positive,rating_rule,231
Asep Aja,Gojek semakin mantapdan semakin lengkapsukses slalu,5,2021-12-18 03:37:42,4.8.1,positive,rating_rule,51
Muhammad Nawardi,Driver Gojek masih tahu tata kerama santun dlm melayani konsumenwalau masih saja ada yg harus diingatkan Khususnya ber helm buat penumpang,5,2021-12-26 04:52:03,4.8.1,positive,rating_rule,138
Bronowati Isdiyatno,Wow Wow ini Aplikasi Anak bangsa yang Sangat luar biasa mekipun terik matahari hujan tetapi orderan di jalan kan dengan baik aku mengapresiasi terimakasih karena selama ini selalu membantu saat masa Corona Makasih,5,2021-12-26 03:40:54,4.8.1,positive,rating_rule,213
Ulat Kepompong,Kenapa saya mau beli paket internet di my telkomsel gk bisa dibayar pakai gopay malah masuk ke playstore padahal aplikasi sudah sama2 versi terbaru,3,2023-08-01 23:30:45,4.8.1,neutral,rating_rule,147
viola arrubiah,gojek paylatter saya juga tiba2 tidak bisa di gunakan  tulisan nya jatuh tempo tapi riwayat nya berapa juga ga ada  mau bayar tidak bisa  gimana nih min nanti kalau d diemin ga muncul2 tagihan nya membengkaakk,1,2023-08-04 01:40:20,4.8.1,negative,rating_rule,209
Sarihat Zee,Pemula,4,2021-12-25 11:16:40,4.8.1,positive,rating_rule,6
Erdin,Untuk pelanggan yg memakai aplikasi ini Jangan asal ngasih bintang dikarnakan kalian gk tau kodisi abang ojol dilapangan gimna Entah dia blm makan Entah dia mikirin keluarga nya dirumah,5,2023-08-06 00:45:11,4.8.1,positive,rating_rule,185
Yosef Bayuono,Okayy,5,2021-12-19 14:01:56,4.8.1,positive,rating_rule,5
Heni Hendrawatifavezy,Mudah dan efesien,5,2021-12-05 11:37:00,4.8.1,positive,rating_rule,17
Darwi Aja,Saya kecewa sama gopay masa tanpa peringatan akun saya langsung diblokir katanya ada transakasi mencurigakan padahal setiap transaksi ke rekning bank kan selallu bayar adminitarasi dimintak alaesan jawaban gk pernah ada penjelasan pelanggarn apa yg sya lakukan harusnya ada paenjelasan konkrit masalh transaksi yg mecurigakan itu yg seperti apa,1,2021-12-17 15:40:40,4.8.1,negative,rating_rule,344
Sundajaya Bandung,jl sukarno hatta g haji hasan 2 rt02 rw 07 bbk cioaray bdg,5,2021-11-23 10:39:54,4.8.1,positive,rating_rule,58
Yan Setiawan,Kurang banyak promo nya,2,2021-11-22 00:52:59,4.8.1,negative,rating_rule,23
Akhmad Amari,Bagus dan perfecto,5,2021-11-21 03:36:41,4.8.1,positive,rating_rule,18
taint ozak,Aplikasinya semakin berat,1,2021-11-17 13:22:35,4.8.1,negative,rating_rule,25
weldi chanell,Pesan makanan harga 16 ribu jaraknya hanya Deket tau2 di suruh bayar 30 ribu mau merampok kah,1,2021-11-15 14:57:33,4.8.1,negative,rating_rule,93
Soma Santoso,Eror gabisa dibuka,1,2021-11-14 05:18:36,4.8.1,negative,rating_rule,18
Firda Prilia,Pemblokiran akun secara misterius ga tau asal muasalnya kenapa tidak diberi tahu alasannya langsung main suspend aja padahal tidak pernah cancel orderan tidak pernah kasih rating jelek ke driver tidak pernah gonta ganti device tau2 diblokir aja dan sama sekali ga dikasih kesempatan banding Bye gojek selamat kehilangan salah satu pundi2 uangmu padahal saya pelanggan loyal sejak 2016,1,2021-11-12 16:00:21,4.8.1,negative,rating_rule,384
happy family anak anak bermain,Kenapa menginstal nya lama sekali,5,2021-11-12 03:33:00,4.8.1,positive,rating_rule,33
Dwi Arini Putri,Kenapa saya tidak dapat menginstal aplikasi lagi setelah sempet saya hapus karena sering erorr,3,2023-12-24 07:25:13,4.8.1,neutral,rating_rule,94
ASEP SUHENDAR,Sangat membantu dalam setiap perjalanan saya Trims,5,2023-12-23 02:40:35,4.8.1,positive,rating_rule,50
Ipoel Part,Iya,5,2021-11-07 20:36:18,4.8.1,positive,rating_rule,3
HYDRA ACADEMY,aplikasi ini tidak bisa dipercaya saya pengguna baru aplikasi gojek baru 1 minggu pemakaiyan aplikasi saldo gopay langsung terkunci saya sudah mlakukan berbagai langkah agar saldo gopay dapat dipakai kembali tapi hasilny tidak ada tindakan dari aplikasi ini sampei sekarang saldo saya terkunci dengan sisa saldo yg lumyan banyak jdi saya sarankan untuk tidak memakai aplikasi ini saya pnya bukti nyatajika kalian meragukan saya,1,2021-11-26 10:43:49,4.8.1,negative,rating_rule,427
DIE project,Hargai perjuangan develop dengan bintang  ngoding itu susah,5,2021-11-28 01:46:14,4.8.1,positive,rating_rule,59
muhammad ziqri,Tiba2 suka eror ga jelas orang mau trasfer buru2 malah eror proses payah,1,2021-12-15 14:55:19,4.8.1,negative,rating_rule,72
zainal arifin,cepattepataman,2,2021-12-09 08:45:02,4.8.1,negative,rating_rule,14
Sherly Febriyana,Stop ruining other peoples relationships,5,2021-12-08 07:34:31,4.8.1,positive,rating_rule,40
Anisa Nabella Puspitasari,Dari kemarin kok ngebug yasaya pesan makanan ga bisa jadinyaTolong diperbaiki,1,2021-12-08 04:10:07,4.8.1,negative,rating_rule,77
Putri Anatasya,Draivernya banyak yang gk sopann,1,2021-12-07 11:22:37,4.8.1,negative,rating_rule,32
Caplank Schweinz,Penjajah jaman sekarang harga ongkir mahal tapi masuk ke drivernya murah kasian banyak keluarga mitranya kelaparan,1,2023-12-11 10:15:22,4.8.1,negative,rating_rule,114
Ani Syafa'ah,Ga bisa login Udah du coba install ulang berkali tetep ga bisaaaaa,1,2023-04-25 02:55:25,4.8.1,negative,rating_rule,66
Masjhur Saleh,Gofoodnya lbh mahalbyk biaya ini itu,1,2021-12-05 05:54:18,4.8.1,negative,rating_rule,36
Diki Supriyatna,Mending hapus aja bro akun nya punya saya aja ga bisa balik lgi dengan indikasi akun fiktif padahal gopay ada saldo nya udah habis pulsa besar buat tlpon ke cs tpi ga da hasil untuk balikin akun saya mending di apus aja apk yg lain bisa di buka lgi ini ga bisa mnding delet aja ga bisa kopratif,1,2021-12-05 02:00:02,4.8.1,negative,rating_rule,294
Marsudi,Mohon bantuanya no hp saya sudah g aktif dan saya lupa no nyagmn cara nya bisa log in,5,2021-12-01 04:09:29,4.8.1,positive,rating_rule,85
wisman purnama,Gocar,5,2021-11-30 10:12:04,4.8.1,positive,rating_rule,5
Junaidi Jd,Maksimal,5,2021-11-29 07:10:54,4.8.1,positive,rating_rule,8
A Gunawan,Cool,5,2021-11-29 06:58:20,4.8.1,positive,rating_rule,4
Billy Icang2,cek,5,2021-11-29 04:20:48,4.8.1,positive,rating_rule,3
Badar Udin,Tops,5,2022-01-09 07:07:43,4.8.1,positive,rating_rule,4
Maulana Putra,Aplikasi sampah,1,2022-04-18 14:48:02,4.8.1,negative,rating_rule,15
fan duff,Kl blm diupdate super lemot,5,2022-03-22 03:16:52,4.8.1,positive,rating_rule,27
Jaiz 01,Ke masjid kuba 99,5,2022-07-26 02:22:17,4.8.1,positive,rating_rule,17
Toni Tarmijaya,jangan mau downloadgopay saya 156rb dikunci dg alasan terdeteksi transaksi mencurigakansudah dicoba nelpon tidak ada penjelasan lebih detail katanya aman jika hp dicopetjaminan saldo kembaliboro2 aman dr malinggopay kita sendiri dikunci oleh merekahebatdisaat dompet digital lain gak ada yg mengunci dana penggunadompet digital gojek menjadi pelopor pertama yg mengunci dana pemakai tanpa memberitahu rinci transaksi mencurigakanauto uninstaljgn harap dpt duet sepeserpun dari saya lg cuih,1,2022-07-23 22:45:26,4.8.1,negative,rating_rule,489
Eha Julaeha,Blm pernah,3,2022-07-16 12:26:21,4.8.1,neutral,rating_rule,10
Abhi R,Mudah diaplikasikan dan terpercaya,5,2022-07-10 14:25:49,4.8.1,positive,rating_rule,34
Hasan Basuki,Sangatlah mudah,5,2022-06-21 05:05:55,4.8.1,positive,rating_rule,15
Dadang Wardaya,Uwoww,5,2022-03-25 03:52:01,4.8.1,positive,rating_rule,5
maulana ab,Driver pada sok nolak orderan Belagu giliran gada orderan nanges,1,2022-07-08 03:22:35,4.8.1,negative,rating_rule,64
Cinta Band,Aziz Nurahman,5,2022-06-22 12:15:40,4.8.1,positive,rating_rule,13
Zahra Zuraida,Apa cuma saya yang kalo buka aplikasi tuh lamaaaaaaaaa banget,2,2022-03-25 13:57:24,4.8.1,negative,rating_rule,61
Blissful Sylfia,Helpfull maturnuwun gojek,5,2022-06-22 01:37:38,4.8.1,positive,rating_rule,25
Dong Feng,Pindah grab aja ongkir unlimited gojek ongkir gak konsisten selalu berubah tiap menit cs juga kek kontolll,1,2022-07-27 13:34:23,4.8.1,negative,rating_rule,106
Ragil Prasetia,Dua bintang aja dulu coz tidak bisa gopaylater,2,2022-03-22 02:43:59,4.8.1,negative,rating_rule,46
Dokter Aruna,Sangat lama sekali proses unduhannya,1,2022-07-29 23:55:04,4.8.1,negative,rating_rule,36
Hendri Arzandi,Tidak jelas di uraian keterangan gratis ongkir ketika pesanan udah dibuat malah plus ongkir,1,2022-08-10 14:11:18,4.8.1,negative,rating_rule,91
Fifi Fransiska,banyakin promo min,5,2022-08-16 23:08:04,4.8.1,positive,rating_rule,18
Don Juan,Mantulllll,5,2022-03-18 07:54:29,4.8.1,positive,rating_rule,10
Ferdi Gpk,KECEWA GABISA GABUNG VOUCHER,1,2022-08-18 13:34:11,4.8.1,negative,rating_rule,28
Latata hfp,Makin payah semua driver sedang sibuk lah,1,2022-03-15 18:27:13,4.8.1,negative,rating_rule,41
Zuris Tya,Saya sangat senang dengan aplikasi ini,5,2022-03-13 00:33:57,4.8.1,positive,rating_rule,38
helmi maulida rahmah,Gopay later cicil sya tdak bisa d gunakan percuma dh dftar gopaylater cicil gak bisa d pke Stiap mau blnja d tokopedia tetep gopaylater cicil ny tidak muncul Yg ada gopay later biasa,2,2022-03-11 09:23:46,4.8.1,negative,rating_rule,182
aulia store,Dulu suka karena murah sekarang kurang suka agak mahal harusnya kalau jarak dekat dulu 4000 naiknya jangan 10000 7000 kan bisa Kalau biss dibuatkan Gojek lite karene sering pembaruan jadi memenuhi memori,3,2022-08-27 08:12:10,4.8.1,neutral,rating_rule,203
Aa,The best  pasti ada jalan,5,2022-03-08 11:50:07,4.8.1,positive,rating_rule,25
Sahlul Furqon,Jangan suka ngasih promo pake paylater membiasakan orang pakai paylater gak baik,1,2022-03-26 04:39:14,4.8.1,negative,rating_rule,80
yuliana istichomah,Kadang gps nya ngawur,4,2022-09-01 14:53:51,4.8.1,positive,rating_rule,21
Wd Resianna,Hay gojek  kenapa aplikasi ini gak bisa di instal yah resah nih masih ada gopaynya,1,2022-04-07 03:27:01,4.8.1,negative,rating_rule,82
Agus Riyanto,Tidak terlihat driiver nya,5,2022-04-07 07:15:36,4.8.1,positive,rating_rule,26
BAHRUDIN,Kok aktivasi saya gk bisa,5,2022-04-07 21:53:11,4.8.1,positive,rating_rule,25
duan fahmi,pelayanan bagus,4,2022-05-17 05:39:44,4.8.1,positive,rating_rule,15
Nabil Airy,Aplikasinya bagus tapii tarifnya tlg jangan terlalu tinggi kasian customer yang sudah setia ke gojek Apalagi masa masa seperti ini,5,2022-05-08 00:25:52,4.8.1,positive,rating_rule,130
Clara Dewi Anggraini,BAGUS KALAU KITA PUASAEMES JADI KITA BISA PESAN GOJEK TERIMA KASI GOJEK SUDA SELAMAT TIN AKU,5,2022-04-27 00:28:30,4.8.1,positive,rating_rule,92
Teteh Pallen,War biasa,5,2022-06-11 11:11:05,4.8.1,positive,rating_rule,9
Annisa Ruhiyat1,Gasuka sekarang promo gofoodnya banyaknya menggunakan paylatermengajarkan mengutang teruspromo pakai gopaynya sedikit,3,2022-04-23 09:45:35,4.8.1,neutral,rating_rule,117
Raimu Bangset,bagusss banget tapi boong,4,2022-04-14 08:05:32,4.8.1,positive,rating_rule,25
Dewi Jumiati,memudahkan untuk memesan makanan,5,2022-05-19 04:27:19,4.8.1,positive,rating_rule,32
Mariska Maria,Bagus banget aplikasi nyaa,5,2022-04-05 08:39:22,4.8.1,positive,rating_rule,26
Daffa Munjazie,Bagus banget aplikasi nya terus improve memperbaiki kesalahannya Ehh Mimin gojek tambahin lagi promonya Yaa xixixix,5,2022-05-26 03:19:40,4.8.1,positive,rating_rule,115
Priyayi Bayat,Aplikasi gojek ini masih yang terbaik buat sayamemesan pasti adatoko yang tertera komplitpesanan cepatdrivernya super baiksaya yakin gojek akan memperbaiki kekurangannyatapi gojek ngak mau tau keluhan di lapangan sayangnya dan biaya apk nya mahal,5,2022-05-27 21:54:08,4.8.1,positive,rating_rule,246
Marky Jimmy Londah,Bagus Sekali,5,2022-04-04 07:36:43,4.8.1,positive,rating_rule,12
indah purnami,Bagus sih aplk nyawalaupun terkadang ada notifikasi daftar lagi,5,2022-04-04 05:33:18,4.8.1,positive,rating_rule,63
Fauzi Muhammad,Bnyk discount,5,2022-06-07 07:07:14,4.8.1,positive,rating_rule,13
Sariningsih Ningsih,Bagus dan tdk ada masalah,1,2022-06-08 00:15:07,4.8.1,negative,rating_rule,25
Marisa Latinia,Tidak mengecewakan,5,2022-03-29 22:31:38,4.8.1,positive,rating_rule,18
Nufadiella 25,kenapa setelah di update tidak bisa gabung voucher resto dengan voucher gojek saat mau gofood,2,2022-06-08 09:07:00,4.8.1,negative,rating_rule,93
Rio Pratama (Riio),Hanya perlu infokan bila terjadi mantenance dadakan,5,2022-08-27 16:33:07,4.8.1,positive,rating_rule,51
Liauw Ari,Supaya banyk diskonny,4,2022-03-03 10:28:16,4.8.1,positive,rating_rule,21
cinta pertiwi,Saya tak bisa ubah no telpon karena no rusak  Akun saya sudah kyc,5,2022-01-12 10:39:44,4.8.1,positive,rating_rule,65
Pengguna Google,Aplikasi GK bisa sebel,1,2023-01-15 07:22:30,4.8.1,negative,rating_rule,22
Saiful Xyn,Banyakin diskon min,4,2022-01-27 12:05:32,4.8.1,positive,rating_rule,19
Rossy Oktal lestari,Makasih gojek driver nya ramah2,5,2023-01-29 04:26:51,4.8.1,positive,rating_rule,31
Masmsumarno 46,Bagus Sangat membantu,4,2022-01-30 16:38:56,4.8.1,positive,rating_rule,21
Nowie MCI,Smga lebih baik,5,2022-01-30 23:02:18,4.8.1,positive,rating_rule,15
iyan R pratama,Kenapa gopaylater cicil nya ga bs di pakai di tokopedia   percuma dong dpt limit tp ga bs di pakai,1,2022-01-31 18:22:49,4.8.1,negative,rating_rule,98
MSni27,jelek banget soal costumers services nya gw akun ga bisa masuk karena no hp hangus tapi pernah email terverifikasiudah gw up malah foto gw ama ktp tapi yang permintaan dari cs kalo misal udah up ke plus tapi mereka masih bilang minta data lagi trus lu mau data apa editsetelah saya ikutin sesuai arahan dari balasan di sini hasil masih tetep sama untung gw ga punya saldo kalian yang punya saldo hati2 kalo udah kek saya kalian hanya bisa meratapi,1,2022-02-06 05:30:15,4.8.1,negative,rating_rule,447
Nyoman Sudiri,Bro yang benar aja ongkir nya 40000 Rusak,1,2022-12-30 10:13:25,4.8.1,negative,rating_rule,41
M rizqie sihab,Mantap bagus guys,5,2022-12-21 13:37:20,4.8.1,positive,rating_rule,17
Rosse Febriani,Sangat the besttttt dan mempermudah segalanya,5,2023-02-04 05:23:03,4.8.1,positive,rating_rule,45
Saepul Azhar,Percuma update terus klo orderan sepi yang harus di update itu orderan melimpah penjemputan ga terlalu jauh biar bisa lebih berhemat bensin tapi orderan tercapai terus,1,2023-02-10 04:24:25,4.8.1,negative,rating_rule,167
YUHARDANI,ok v8 v utj 8v,2,2023-02-16 01:13:05,4.8.1,negative,rating_rule,14
Fandi Eko,Kebanyakan ambil biaya lain2 dan akhir nya makain sepi Kalah sama lain2 nya,1,2023-03-02 14:56:34,4.8.1,negative,rating_rule,75
Ahmad Syaifullah Saragih,Terima kasih sudah banyak membantu masyarakat,5,2023-03-10 01:16:17,4.8.1,positive,rating_rule,45
Ma'ruf Absor,Abis update malah lemot,1,2023-03-25 14:08:37,4.8.1,negative,rating_rule,23
Ayi Nurrahmat,gila gopay later  Tokopedia  gua cuma telat 1 hari denda 50rb  utang gua cuma 70rb  gua bukan gak niat bayar atau sengaja lupa  gua cuma baru sempet mau bayar,1,2023-04-01 18:25:32,4.8.1,negative,rating_rule,158
Sandiaji Official,Driver gojek buruk,1,2023-04-02 17:50:18,4.8.1,negative,rating_rule,18
Ravif Abdallah,Jiji biaya aplikasi nya mahal banget coy beli makanan malah makin mahal di gofood Terus aplikasi nya jadi gak sebagus dulu SEKEDAR INFO BELI MAKANAN DI GRAB FOOD LEBIH MURAHPROMO NYA BANYAK BANGET DAN GAK SEMAHAL GOFOOD GW GAK BOONGCOBA AJA SENDIRI DI GRABFOOD,1,2023-04-04 10:22:39,4.8.1,negative,rating_rule,260
Faridz Acosys,Update an semakin aneh nyari makanan yang terdekat selalu ditolak karena ga ada driver Ada biaya aplikasi lagi mahal banget dah tiap transaksi kena biaya naik terus jasa aplikasinya haddeh,1,2022-01-15 14:29:54,4.8.1,negative,rating_rule,188
BangSlurr,Lamaaa tod,1,2022-01-15 03:52:18,4.8.1,negative,rating_rule,10
Happi Fish,nice tapi kalau gak ada promo harga makanannya lebih mahal dari restonya,4,2023-04-10 20:08:06,4.8.1,positive,rating_rule,72
Special Banana,Sekarang sangat tidak memuaskan,1,2022-02-06 13:24:02,4.8.1,negative,rating_rule,31
Widya Astuti,terus lakukan yg teerbaik,4,2022-02-09 08:31:19,4.8.1,positive,rating_rule,25
Er Estewe,Di Kabupaten Nganjuk kapan Hadir GojekGofood Grab Sudah ada Loh di kabupaten Nganjuk Kami tunggu kehadirannya di Kabupaten NganjukJawa Timur Terimakasih,5,2022-03-03 03:06:47,4.8.1,positive,rating_rule,152
Yesi Mayasari,Ini gimana mau bayar paylater ny gangguan trus,5,2022-09-14 04:35:43,4.8.1,positive,rating_rule,46
راما كوسوما,Mantul sangat2 membantu,5,2022-02-18 17:13:44,4.8.1,positive,rating_rule,23
mpank skinny,Ngisi pulsa tidak masuk tapi saldo berkurang CS pun tidak memberikan pelayanan yg jelas,1,2022-02-21 02:37:24,4.8.1,negative,rating_rule,87
Adit Yudistira,Aplikasi gojek sekarang nyari makann ajah serba kaga ada nggk kaya kemarin pas yg belum d update banyak pilihan ada Alfa Indomaret sekarang mh kaga ada belanja d ghomar ajah ongkir nya mahal,1,2022-10-06 12:48:24,4.8.1,negative,rating_rule,190
Heru Danu,muser ae aplikasie,2,2022-10-01 04:16:43,4.8.1,negative,rating_rule,18
Imanuel pasaribu,Kenapa kalo saya pake gojek dinkasih driver nya yang jauh2 yh padahal di sekitaran saya bnyak loh driver Kadang mau cepat jadi lambat karna begini tolong lha di perbaiki Yang terdekat drinkita ajah yang kamu kasih,1,2022-02-22 00:54:31,4.8.1,negative,rating_rule,213
nazala cinta destri,Akun sy tb di blokir ntah knp,1,2022-02-25 14:56:12,4.8.1,negative,rating_rule,29
Amoy Amoy,percuma banyak voucher dan promo voucher resto dan voucher gojek gak bisa di gabungkan,1,2022-12-06 01:24:27,4.8.1,negative,rating_rule,86
Samuel Messakh,Gojek kapan masuk Nusa tenggara timur nih Supaya ada saingan dengan Grab dan maxim,5,2022-09-06 03:42:32,4.8.1,positive,rating_rule,82
Dian Mulyadi,Gojek makin berat buka aplikasi nya,5,2022-09-05 23:37:02,4.8.1,positive,rating_rule,35
Dewi HD,Kenapa krn tidak di update langsung di non aktifkan sementara ketika di update dr malam smp malam lg selalu tertunda terus maksudnya apa yah saldo gopaynya gimana Makin lama kok bkn makin bagus yah layanannya,2,2022-02-28 04:14:20,4.8.1,negative,rating_rule,208
Shary Saragih,Baij,2,2022-03-02 07:30:15,4.8.1,negative,rating_rule,4
muhammad irfan,Pakai Gojek memang mantul,5,2022-02-17 02:31:20,4.8.1,positive,rating_rule,25
Sepak tendang,RIBET penghapusan akun yg gak aktif juga sulit nya minta ampun,1,2022-10-07 13:37:25,4.8.1,negative,rating_rule,62
Ronald,Satu aja,1,2022-10-26 09:43:48,4.8.1,negative,rating_rule,8
Septiani Sari Sukmadihardja,Udh dari 2014bertahun tahun pake gojek baru kali ini punya pengalaman dpt driver kurang ajar dan minta pembayaran lebih Sangat Tidak kompeten dan sama sekali tidak pantas jadi driver Terkait laporan yg sudah saya adukan masalah tersebut pun customer service gojek sama sekali tidak membantu dan menyelesaikanya Emang sekarang tuh komplain apapun kalo enggak di viralkan tidak akan pernah cepat direspon dan diselesaikan Terimakasih atas kekecewaannya saya akan pindah aplikasi mulai dr skrg Bye,1,2022-10-29 21:30:45,4.8.1,negative,rating_rule,494
Indra Irawan,Lag,1,2022-11-02 18:25:05,4.8.1,negative,rating_rule,3
IPT Agus J.K,Tambah mahal aja,3,2022-11-08 14:25:51,4.8.1,neutral,rating_rule,16
Nabie Suwiryo,Setiap order kok lama nunggu drivernyaklo udah dapat driver posisinya sangat jauh Sangat tidak efisienkelamaan nunggunya,1,2022-11-17 02:24:50,4.8.1,negative,rating_rule,120
Kha's vlog,Paylater kaga bisa di bayar kena denda gue jadinya Ngeselin,1,2022-12-01 21:35:45,4.8.1,negative,rating_rule,59
Fiki Andrian,dulu jadi andalan sekarangg mengecewakan pesen gofood udah di konfirmasi udah dapet driver ehh nunggu setengah jam ngak jalan nyari driver lagi malah ngak bisa,1,2022-02-13 11:39:49,4.8.1,negative,rating_rule,159
Malik Azis,Gopay mantap,5,2022-05-23 14:57:10,4.8.1,positive,rating_rule,12
Zunus,Tiba tidak bisa d buka aplnya Udah hapus download lagi beberpa kali Restart hp juga beberapa kali Pengaduan juga sama terus jawabnya,1,2021-11-05 00:36:56,4.8.1,negative,rating_rule,132
Mutiara Purnama,Bye bye gojek beralih ke ijo 1 lahi lebih mantapp,1,2024-01-27 02:27:43,4.8.1,negative,rating_rule,49
Melanie Anggi,Kok saya gak ada fitur gomed nya ya,5,2024-01-22 14:23:34,4.8.1,positive,rating_rule,35
Ade Nurul Hidayah,Go food nya mahal ah,1,2023-12-30 14:12:16,4.8.1,negative,rating_rule,20
