model,accuracy,precision,recall,f1_score
Naive Bayes,0.8794142980189492,0.9371633752244165,0.8325358851674641,0.8817567567567568
Logistic Regression,0.8725236864771748,0.9179755671902269,0.8389154704944178,0.8766666666666667
Random Forest,0.8561584840654608,0.896551724137931,0.8293460925039873,0.8616404308202155
